200;0.002307296;;;;;;;;;;
205;0.002426854;;;;;;;;;;
210;0.002339854;;;;;;;;;;
215;0.00264889;;;;;;;;;;
220;0.003043312;;;;;;;;;;
225;0.003225017;;;;;;;;;;
230;0.002933019;;;;;;;;;;
235;0.00288361;;;;;;;;;;
240;0.002999623;;;;;;;;;;
245;0.00280028;;;;;;;;;;
250;0.002688041;;;;;;;;;;
255;0.002693291;;;;;;;;;;
260;0.002972593;;;;;;;;;;
265;0.002830139;;;;;;;;;;
270;0.002825247;;;;;;;;;;
275;0.002714494;;;;;;;;;;
280;0.002563192;;;;;;;;;;
285;0.002266231;;;;;;;;;;
290;0.002516295;;;;;;;;;;
295;0.002311375;;;;;;;;;;
300;0.001995164;;;;;;;;;;
305;0.001961862;;;;;;;;;;
310;0.002093976;;;;;;;;;;
315;0.001829037;;;;;;;;;;
320;0.002032015;;;;;;;;;;
325;0.002115993;;;;;;;;;;
330;0.001572817;;;;;;;;;;
335;0.001795466;;;;;;;;;;
340;0.015;;;;;;;;;;
345;1.50E-02;;;;;;;;;;
350;0.002641503;;;;;;;;;;
355;0.002471509;;;;;;;;;;
360;0.00263;;;;;;;;;;
365;0.00266502;;;;;;;;;;
370;0.002770131;;;;;;;;;;
375;0.002712163;;;;;;;;;;
380;0.002756599;;;;;;;;;;
385;0.002755359;;;;;;;;;;
390;0.002760388;;;;;;;;;;
395;0.002851756;;;;;;;;;;
400;0.002965724;;;;;;;;;;
405;0.002858986;;;;;;;;;;
410;0.00307174;;;;;;;;;;
415;0.003230775;;;;;;;;;;
420;0.003101321;;;;;;;;;;
425;0.003099379;;;;;;;;;;
430;0.003049193;;;;;;;;;;
435;0.003233259;;;;;;;;;;
440;0.003295199;;;;;;;;;;
445;0.003211415;;;;;;;;;;
450;0.00323874;;;;;;;;;;
455;0.003328319;;;;;;;;;;
460;0.003402429;;;;;;;;;;
465;0.003284193;;;;;;;;;;
470;0.003170972;;;;;;;;;;
475;0.021815683;;;;;;;;;;
480;0.054624447;;;;;;;;;;
485;0.068565744;;;;;;;;;;
490;0.078815318;;;;;;;;;;
495;0.087573041;;;;;;;;;;
500;0.095082029;;;;;;;;;;
505;0.101568463;;;;;;;;;;
510;0.107519528;;;;;;;;;;
515;0.113277699;;;;;;;;;;
520;0.11918038;;;;;;;;;;
525;0.123436388;;;;;;;;;;
530;0.125983029;;;;;;;;;;
535;0.127519596;;;;;;;;;;
540;0.128705177;;;;;;;;;;
545;0.129507707;;;;;;;;;;
550;0.130125592;;;;;;;;;;
555;0.130554919;;;;;;;;;;
560;0.130816669;;;;;;;;;;
565;0.130886621;;;;;;;;;;
570;0.130940421;;;;;;;;;;
575;0.13091931;;;;;;;;;;
580;0.130878654;;;;;;;;;;
585;0.130753006;;;;;;;;;;
590;0.130732858;;;;;;;;;;
595;0.130672316;;;;;;;;;;
600;0.130517467;;;;;;;;;;
605;0.130355234;;;;;;;;;;
610;0.130190486;;;;;;;;;;
615;0.130009947;;;;;;;;;;
620;0.129889183;;;;;;;;;;
625;0.129722841;;;;;;;;;;
630;0.129665133;;;;;;;;;;
635;0.129470842;;;;;;;;;;
640;0.129330195;;;;;;;;;;
645;0.129163581;;;;;;;;;;
650;0.129051609;;;;;;;;;;
655;0.128835042;;;;;;;;;;
660;0.128727019;;;;;;;;;;
665;0.128538754;;;;;;;;;;
670;0.128420265;;;;;;;;;;
675;0.128312497;;;;;;;;;;
680;0.128190487;;;;;;;;;;
685;0.128056511;;;;;;;;;;
690;0.12792813;;;;;;;;;;
695;0.127854079;;;;;;;;;;
700;0.127798789;;;;;;;;;;
705;0.127772502;;;;;;;;;;
710;0.127713907;;;;;;;;;;
715;0.127598958;;;;;;;;;;
720;0.127661461;;;;;;;;;;
725;0.127646698;;;;;;;;;;
730;0.127616001;;;;;;;;;;
735;0.127590205;;;;;;;;;;
740;0.127695523;;;;;;;;;;
745;0.127721456;;;;;;;;;;
750;0.127788161;;;;;;;;;;
755;0.127843744;;;;;;;;;;
760;0.127975564;;;;;;;;;;
765;0.127979052;;;;;;;;;;
770;0.1281154;;;;;;;;;;
775;0.128173341;;;;;;;;;;
780;0.128413465;;;;;;;;;;
785;0.128402393;;;;;;;;;;
790;0.128627628;;;;;;;;;;
795;0.13221026;;;;;;;;;;
800;0.132397827;;;;;;;;;;
805;0.132582302;;;;;;;;;;
810;0.132788719;;;;;;;;;;
815;0.132958928;;;;;;;;;;
820;0.133140767;;;;;;;;;;
825;0.133256349;;;;;;;;;;
830;0.133504796;;;;;;;;;;
835;0.133749989;;;;;;;;;;
840;0.133726098;;;;;;;;;;
845;1.34E-01;;;;;;;;;;
850;0.150351851;;;;;;;;;;
855;0.152147524;;;;;;;;;;
860;0.151203607;;;;;;;;;;
865;0.151309771;;;;;;;;;;
870;0.151081388;;;;;;;;;;
875;0.152362446;;;;;;;;;;
880;0.152176026;;;;;;;;;;
885;0.152219707;;;;;;;;;;
890;0.151772989;;;;;;;;;;
895;0.152406653;;;;;;;;;;
900;0.152878732;;;;;;;;;;
905;0.154328986;;;;;;;;;;
910;0.1530871;;;;;;;;;;
915;0.153228104;;;;;;;;;;
920;0.153356803;;;;;;;;;;
925;0.153611115;;;;;;;;;;
930;0.154573684;;;;;;;;;;
935;0.154126848;;;;;;;;;;
940;0.153862954;;;;;;;;;;
945;0.154788782;;;;;;;;;;
950;0.153120373;;;;;;;;;;
955;0.154515171;;;;;;;;;;
960;0.15473428;;;;;;;;;;
965;0.154414379;;;;;;;;;;
970;0.153077354;;;;;;;;;;
975;0.15479266;;;;;;;;;;
980;0.155740301;;;;;;;;;;
985;0.155222625;;;;;;;;;;
990;0.154908908;;;;;;;;;;
995;0.15517382;;;;;;;;;;
1000;0.155831161;;;;;;;;;;
1005;0.155006809;;;;;;;;;;
1010;0.155102106;;;;;;;;;;
1015;0.155790134;;;;;;;;;;
1020;0.156092328;;;;;;;;;;
1025;0.156188544;;;;;;;;;;
1030;0.15687572;;;;;;;;;;
1035;0.156011253;;;;;;;;;;
1040;0.156297948;;;;;;;;;;
1045;0.157501095;;;;;;;;;;
1050;0.15637043;;;;;;;;;;
1055;0.156533317;;;;;;;;;;
1060;0.155827988;;;;;;;;;;
1065;0.157161416;;;;;;;;;;
1070;0.155973198;;;;;;;;;;
1075;0.15518751;;;;;;;;;;
1080;0.155746232;;;;;;;;;;
1085;0.157002927;;;;;;;;;;
1090;0.156448926;;;;;;;;;;
1095;0.157067628;;;;;;;;;;
1100;0.157047225;;;;;;;;;;
1105;0.156598105;;;;;;;;;;
1110;0.157319057;;;;;;;;;;
1115;0.156929794;;;;;;;;;;
1120;0.15586302;;;;;;;;;;
1125;0.155932767;;;;;;;;;;
1130;0.15747046;;;;;;;;;;
1135;0.156704555;;;;;;;;;;
1140;0.155931847;;;;;;;;;;
1145;0.156100755;;;;;;;;;;
1150;0.156873686;;;;;;;;;;
1155;0.156348941;;;;;;;;;;
1160;0.156945037;;;;;;;;;;
1165;0.157076967;;;;;;;;;;
1170;0.156531565;;;;;;;;;;
1175;0.156575776;;;;;;;;;;
1180;0.1560193;;;;;;;;;;
1185;0.156876499;;;;;;;;;;
1190;0.156526064;;;;;;;;;;
1195;0.156359725;;;;;;;;;;
1200;0.157066759;;;;;;;;;;
1205;0.155856805;;;;;;;;;;
1210;0.156884124;;;;;;;;;;
1215;0.156011742;;;;;;;;;;
1220;0.155896436;;;;;;;;;;
1225;0.156423528;;;;;;;;;;
1230;0.156296307;;;;;;;;;;
1235;0.156631395;;;;;;;;;;
1240;0.157099133;;;;;;;;;;
1245;0.156812369;;;;;;;;;;
1250;0.156022996;;;;;;;;;;
1255;0.156062242;;;;;;;;;;
1260;0.155191077;;;;;;;;;;
1265;0.155679415;;;;;;;;;;
1270;0.155702487;;;;;;;;;;
1275;0.156598436;;;;;;;;;;
1280;0.155143558;;;;;;;;;;
1285;0.155467998;;;;;;;;;;
1290;0.154941594;;;;;;;;;;
1295;0.155621108;;;;;;;;;;
1300;0.155866487;;;;;;;;;;
1305;0.156007651;;;;;;;;;;
1310;0.154364544;;;;;;;;;;
1315;0.15487109;;;;;;;;;;
1320;0.155547591;;;;;;;;;;
1325;0.154973365;;;;;;;;;;
1330;0.154921547;;;;;;;;;;
1335;0.153607305;;;;;;;;;;
1340;0.155248104;;;;;;;;;;
1345;0.153940833;;;;;;;;;;
1350;0.153929185;;;;;;;;;;
1355;0.15465224;;;;;;;;;;
1360;0.155195345;;;;;;;;;;
1365;0.156492331;;;;;;;;;;
1370;0.153720555;;;;;;;;;;
1375;0.152507583;;;;;;;;;;
1380;0.153672982;;;;;;;;;;
1385;0.154730664;;;;;;;;;;
1390;0.153599957;;;;;;;;;;
1395;0.154102213;;;;;;;;;;
1400;0.153240992;;;;;;;;;;
1405;0.154539916;;;;;;;;;;
1410;0.154323887;;;;;;;;;;
1415;0.154039614;;;;;;;;;;
1420;0.153116176;;;;;;;;;;
1425;0.152429792;;;;;;;;;;
1430;0.15083477;;;;;;;;;;
1435;0.154052376;;;;;;;;;;
1440;0.152640553;;;;;;;;;;
1445;0.151728239;;;;;;;;;;
1450;0.151273951;;;;;;;;;;
1455;0.151518333;;;;;;;;;;
1460;0.151776591;;;;;;;;;;
1465;0.151050303;;;;;;;;;;
1470;0.153129815;;;;;;;;;;
1475;0.151134659;;;;;;;;;;
1480;0.151278281;;;;;;;;;;
1485;0.15162248;;;;;;;;;;
1490;0.151284404;;;;;;;;;;
1495;0.150722332;;;;;;;;;;
1500;0.151822346;;;;;;;;;;
1505;0.150955896;;;;;;;;;;
1510;0.151804945;;;;;;;;;;
1515;0.151335824;;;;;;;;;;
1520;0.15063735;;;;;;;;;;
1525;0.151492989;;;;;;;;;;
1530;0.150730014;;;;;;;;;;
1535;0.1503863;;;;;;;;;;
1540;0.149501895;;;;;;;;;;
1545;0.151448071;;;;;;;;;;
1550;0.150778825;;;;;;;;;;
1555;0.149925293;;;;;;;;;;
1560;0.150174149;;;;;;;;;;
1565;0.149468132;;;;;;;;;;
1570;0.149343448;;;;;;;;;;
1575;0.149866505;;;;;;;;;;
1580;0.149151567;;;;;;;;;;
1585;0.148777199;;;;;;;;;;
1590;0.149414994;;;;;;;;;;
1595;0.149544133;;;;;;;;;;
1600;0.148237849;;;;;;;;;;
1605;0.149629271;;;;;;;;;;
1610;0.147128865;;;;;;;;;;
1615;0.148618611;;;;;;;;;;
1620;0.148354144;;;;;;;;;;
1625;0.148772947;;;;;;;;;;
1630;0.147561196;;;;;;;;;;
1635;0.147574441;;;;;;;;;;
1640;0.147550698;;;;;;;;;;
1645;0.148019413;;;;;;;;;;
1650;0.148246038;;;;;;;;;;
1655;0.14619805;;;;;;;;;;
1660;0.147123817;;;;;;;;;;
1665;0.147865069;;;;;;;;;;
1670;0.147865559;;;;;;;;;;
1675;0.147713097;;;;;;;;;;
1680;0.147914001;;;;;;;;;;
1685;0.147095301;;;;;;;;;;
1690;0.147098802;;;;;;;;;;
1695;0.147189346;;;;;;;;;;
1700;0.146914767;;;;;;;;;;
1705;0.146486163;;;;;;;;;;
1710;0.146308899;;;;;;;;;;
1715;0.146394057;;;;;;;;;;
1720;0.146634941;;;;;;;;;;
1725;0.144850444;;;;;;;;;;
1730;0.14585461;;;;;;;;;;
1735;0.144984067;;;;;;;;;;
1740;0.145382672;;;;;;;;;;
1745;0.144258704;;;;;;;;;;
1750;0.145618839;;;;;;;;;;
1755;0.144492094;;;;;;;;;;
1760;0.145149952;;;;;;;;;;
1765;0.145475363;;;;;;;;;;
1770;0.145349436;;;;;;;;;;
1775;0.145017737;;;;;;;;;;
1780;0.144343611;;;;;;;;;;
1785;0.144652453;;;;;;;;;;
1790;0.144031723;;;;;;;;;;
1795;0.144469798;;;;;;;;;;
1800;0.145808776;;;;;;;;;;
1805;0.143906643;;;;;;;;;;
1810;0.14483543;;;;;;;;;;
1815;0.144811296;;;;;;;;;;
1820;0.143902658;;;;;;;;;;
1825;0.143360779;;;;;;;;;;
1830;0.143942562;;;;;;;;;;
1835;0.144491532;;;;;;;;;;
1840;0.143911127;;;;;;;;;;
1845;0.143353395;;;;;;;;;;
1850;0.142826792;;;;;;;;;;
1855;0.14325689;;;;;;;;;;
1860;0.143247711;;;;;;;;;;
1865;0.142802495;;;;;;;;;;
1870;0.142394938;;;;;;;;;;
1875;0.142523566;;;;;;;;;;
1880;0.14342624;;;;;;;;;;
1885;0.142755802;;;;;;;;;;
1890;0.142419465;;;;;;;;;;
1895;0.142486561;;;;;;;;;;
1900;0.144117364;;;;;;;;;;
1905;0.143206385;;;;;;;;;;
1910;0.142909041;;;;;;;;;;
1915;0.14212424;;;;;;;;;;
1920;0.142236945;;;;;;;;;;
1925;0.142466603;;;;;;;;;;
1930;0.141752199;;;;;;;;;;
1935;0.142228755;;;;;;;;;;
1940;0.142076923;;;;;;;;;;
1945;0.142325186;;;;;;;;;;
1950;0.141249126;;;;;;;;;;
1955;0.141602474;;;;;;;;;;
1960;0.141922673;;;;;;;;;;
1965;0.141131972;;;;;;;;;;
1970;0.142219885;;;;;;;;;;
1975;0.14106395;;;;;;;;;;
1980;0.140529231;;;;;;;;;;
1985;0.141514252;;;;;;;;;;
1990;0.141148945;;;;;;;;;;
1995;0.141038811;;;;;;;;;;
2000;0.135932832;;;;;;;;;;
2005;0.135862726;;;;;;;;;;
2010;0.135792402;;;;;;;;;;
2015;0.135721863;;;;;;;;;;
2020;0.13565111;;;;;;;;;;
2025;0.135580143;;;;;;;;;;
2030;0.135508963;;;;;;;;;;
2035;0.135437571;;;;;;;;;;
2040;0.135365969;;;;;;;;;;
2045;0.135294157;;;;;;;;;;
2050;0.135222137;;;;;;;;;;
2055;0.135149908;;;;;;;;;;
2060;0.135077473;;;;;;;;;;
2065;0.135004832;;;;;;;;;;
2070;0.134931986;;;;;;;;;;
2075;0.134858937;;;;;;;;;;
2080;0.134785684;;;;;;;;;;
2085;0.134712229;;;;;;;;;;
2090;0.134638573;;;;;;;;;;
2095;0.134564717;;;;;;;;;;
2100;0.134490662;;;;;;;;;;
2105;0.134416409;;;;;;;;;;
2110;0.134341959;;;;;;;;;;
2115;0.134267312;;;;;;;;;;
2120;0.13419247;;;;;;;;;;
2125;0.134117434;;;;;;;;;;
2130;0.134042204;;;;;;;;;;
2135;0.133966781;;;;;;;;;;
2140;0.133891167;;;;;;;;;;
2145;0.133815362;;;;;;;;;;
2150;0.133739368;;;;;;;;;;
2155;0.133663185;;;;;;;;;;
2160;0.133586813;;;;;;;;;;
2165;0.133510255;;;;;;;;;;
2170;0.133433511;;;;;;;;;;
2175;0.133356582;;;;;;;;;;
2180;0.133279468;;;;;;;;;;
2185;0.133202172;;;;;;;;;;
2190;0.133124693;;;;;;;;;;
2195;0.133047032;;;;;;;;;;
2200;0.132969191;;;;;;;;;;
2205;0.132891171;;;;;;;;;;
2210;0.132812971;;;;;;;;;;
2215;0.132734594;;;;;;;;;;
2220;0.13265604;;;;;;;;;;
2225;0.13257731;;;;;;;;;;
2230;0.132498405;;;;;;;;;;
2235;0.132419325;;;;;;;;;;
2240;0.132340073;;;;;;;;;;
2245;0.132260648;;;;;;;;;;
2250;0.132181051;;;;;;;;;;
2255;0.132101284;;;;;;;;;;
2260;0.132021347;;;;;;;;;;
2265;0.131941241;;;;;;;;;;
2270;0.131860968;;;;;;;;;;
2275;0.131780527;;;;;;;;;;
2280;0.13169992;;;;;;;;;;
2285;0.131619147;;;;;;;;;;
2290;0.13153821;;;;;;;;;;
2295;0.13145711;;;;;;;;;;
2300;0.131375847;;;;;;;;;;
2305;0.131294422;;;;;;;;;;
2310;0.131212836;;;;;;;;;;
2315;0.13113109;;;;;;;;;;
2320;0.131049185;;;;;;;;;;
2325;0.130967122;;;;;;;;;;
2330;0.130884901;;;;;;;;;;
2335;0.130802523;;;;;;;;;;
2340;0.130719989;;;;;;;;;;
2345;0.130637301;;;;;;;;;;
2350;0.130554459;;;;;;;;;;
2355;0.130471463;;;;;;;;;;
2360;0.130388315;;;;;;;;;;
2365;0.130305015;;;;;;;;;;
2370;0.130221565;;;;;;;;;;
2375;0.130137965;;;;;;;;;;
2380;0.130054216;;;;;;;;;;
2385;0.129970319;;;;;;;;;;
2390;0.129886274;;;;;;;;;;
2395;0.129802083;;;;;;;;;;
2400;0.129717747;;;;;;;;;;
2405;0.129633265;;;;;;;;;;
2410;0.12954864;;;;;;;;;;
2415;0.129463872;;;;;;;;;;
2420;0.129378961;;;;;;;;;;
2425;0.129293908;;;;;;;;;;
2430;0.129208716;;;;;;;;;;
2435;0.129123383;;;;;;;;;;
2440;0.129037911;;;;;;;;;;
2445;0.128952301;;;;;;;;;;
2450;0.128866554;;;;;;;;;;
2455;0.12878067;;;;;;;;;;
2460;0.12869465;;;;;;;;;;
2465;0.128608496;;;;;;;;;;
2470;0.128522207;;;;;;;;;;
2475;0.128435785;;;;;;;;;;
2480;0.12834923;;;;;;;;;;
2485;0.128262544;;;;;;;;;;
2490;0.128175727;;;;;;;;;;
2495;0.12808878;;;;;;;;;;
2500;0.128001703;;;;;;;;;;
2505;0.127914498;;;;;;;;;;
2510;0.127827165;;;;;;;;;;
2515;0.127739705;;;;;;;;;;
2520;0.12765212;;;;;;;;;;
2525;0.127564408;;;;;;;;;;
2530;0.127476573;;;;;;;;;;
2535;0.127388613;;;;;;;;;;
2540;0.127300531;;;;;;;;;;
2545;0.127212326;;;;;;;;;;
2550;0.127124;;;;;;;;;;
2555;0.127035553;;;;;;;;;;
2560;0.126946987;;;;;;;;;;
2565;0.126858301;;;;;;;;;;
2570;0.126769497;;;;;;;;;;
2575;0.126680575;;;;;;;;;;
2580;0.126591537;;;;;;;;;;
2585;0.126502383;;;;;;;;;;
2590;0.126413113;;;;;;;;;;
2595;0.126323729;;;;;;;;;;
2600;0.126234232;;;;;;;;;;
2609.515113;1.26E-01;;;;;;;;;;
2619.728902;0.125879998;;;;;;;;;;
2629.662448;1.26E-01;;;;;;;;;;
2639.591842;0.125521629;;;;;;;;;;
2649.517067;0.125341922;;;;;;;;;;
2659.713633;0.125156869;;;;;;;;;;
2669.630358;1.25E-01;;;;;;;;;;
2679.542867;1.25E-01;;;;;;;;;;
2689.451145;0.124614728;;;;;;;;;;
2699.630227;0.124428337;;;;;;;;;;
2709.529877;1.24E-01;;;;;;;;;;
2719.425248;1.24E-01;;;;;;;;;;
2729.591015;0.123877383;;;;;;;;;;
2739.477662;1.24E-01;;;;;;;;;;
2749.634429;1.24E-01;;;;;;;;;;
2759.512287;0.123323793;;;;;;;;;;
2769.385788;0.123140406;;;;;;;;;;
2779.528995;1.23E-01;;;;;;;;;;
2789.393611;1.23E-01;;;;;;;;;;
2799.527654;1.23E-01;;;;;;;;;;
2809.383323;0.122394046;;;;;;;;;;
2819.508136;1.22E-01;;;;;;;;;;
2829.354792;1.22E-01;;;;;;;;;;
2839.47031;0.121829114;;;;;;;;;;
2849.581092;0.121638622;;;;;;;;;;
2859.414046;1.21E-01;;;;;;;;;;
2869.515434;0.121262131;;;;;;;;;;
2879.339216;1.21E-01;;;;;;;;;;
2889.431143;0.12088481;;;;;;;;;;
2899.518251;1.21E-01;;;;;;;;;;
2909.328092;1.21E-01;;;;;;;;;;
2919.40564;1.20E-01;;;;;;;;;;
2929.478319;0.120122673;;;;;;;;;;
2939.546111;1.20E-01;;;;;;;;;;
2949.337095;0.119743136;;;;;;;;;;
2959.395197;1.20E-01;;;;;;;;;;
2969.448362;1.19E-01;;;;;;;;;;
2979.496574;0.119164817;;;;;;;;;;
2989.268442;0.118976961;;;;;;;;;;
2999.306833;1.19E-01;;;;;;;;;;
3009.34022;0.118590399;;;;;;;;;;
3019.368587;1.18E-01;;;;;;;;;;
3029.391918;1.18E-01;;;;;;;;;;
3039.410195;0.118009592;;;;;;;;;;
3049.423402;1.18E-01;;;;;;;;;;
3059.431523;0.117621811;;;;;;;;;;
3069.43454;0.117427765;;;;;;;;;;
3079.432438;1.17E-01;;;;;;;;;;
3089.425198;0.117039387;;;;;;;;;;
3099.412805;1.17E-01;;;;;;;;;;
3109.395242;1.17E-01;;;;;;;;;;
3119.372492;1.16E-01;;;;;;;;;;
3129.344539;0.116261643;;;;;;;;;;
3139.311366;1.16E-01;;;;;;;;;;
3149.272956;1.16E-01;;;;;;;;;;
3159.229293;1.16E-01;;;;;;;;;;
3169.18036;1.15E-01;;;;;;;;;;
3179.394872;1.15E-01;;;;;;;;;;
3189.335206;1.15E-01;;;;;;;;;;
3199.27022;0.114893028;;;;;;;;;;
3209.199897;0.114698108;;;;;;;;;;
3219.124221;1.15E-01;;;;;;;;;;
3229.311181;0.114302929;;;;;;;;;;
3239.224603;1.14E-01;;;;;;;;;;
3249.132622;1.14E-01;;;;;;;;;;
3259.302783;1.14E-01;;;;;;;;;;
3269.199799;0.11351771;;;;;;;;;;
3279.091361;1.13E-01;;;;;;;;;;
3289.244569;1.13E-01;;;;;;;;;;
3299.125027;0.112927516;;;;;;;;;;
3309.266795;0.112727305;;;;;;;;;;
3319.136081;0.112532388;;;;;;;;;;
3329.26634;0.112332232;;;;;;;;;;
3339.124385;0.112137377;;;;;;;;;;
3349.243067;0.111937294;;;;;;;;;;
3359.089804;1.12E-01;;;;;;;;;;
3369.196838;0.11154253;;;;;;;;;;
3379.0322;1.11E-01;;;;;;;;;;
3389.127517;0.111147976;;;;;;;;;;
3399.21687;1.11E-01;;;;;;;;;;
3409.034967;0.110753667;;;;;;;;;;
3419.112499;1.11E-01;;;;;;;;;;
3429.184015;0.110354388;;;;;;;;;;
3438.984693;1.10E-01;;;;;;;;;;
3449.044284;0.109960681;;;;;;;;;;
3459.097806;0.109761334;;;;;;;;;;
3469.145242;0.109562082;;;;;;;;;;
3479.186574;1.09E-01;;;;;;;;;;
3488.957779;0.109169114;;;;;;;;;;
3498.987012;1.09E-01;;;;;;;;;;
3509.010089;0.108771333;;;;;;;;;;
3519.026992;1.09E-01;;;;;;;;;;
3529.037703;1.08E-01;;;;;;;;;;
3539.042205;0.108175538;;;;;;;;;;
3549.04048;0.10797719;;;;;;;;;;
3559.032511;1.08E-01;;;;;;;;;;
3569.01828;0.107580895;;;;;;;;;;
3578.997769;0.107382956;;;;;;;;;;
3588.970961;1.07E-01;;;;;;;;;;
3598.937838;1.07E-01;;;;;;;;;;
3608.898383;0.106790017;;;;;;;;;;
3619.114445;0.106587486;;;;;;;;;;
3629.062105;0.10639031;;;;;;;;;;
3639.00338;0.106193296;;;;;;;;;;
3648.938253;0.10599645;;;;;;;;;;
3658.866705;1.06E-01;;;;;;;;;;
3669.049738;1.06E-01;;;;;;;;;;
3678.965127;0.105401788;;;;;;;;;;
3688.874043;1.05E-01;;;;;;;;;;
3699.036971;1.05E-01;;;;;;;;;;
3708.932718;1.05E-01;;;;;;;;;;
3718.821938;1.05E-01;;;;;;;;;;
3728.964598;0.104412718;;;;;;;;;;
3738.840542;0.104217554;;;;;;;;;;
3748.969539;0.104017465;;;;;;;;;;
3758.832135;1.04E-01;;;;;;;;;;
3768.947396;0.10362306;;;;;;;;;;
3778.796573;0.103428738;;;;;;;;;;
3788.898025;0.103229528;;;;;;;;;;
3798.992455;0.10303055;;;;;;;;;;
3808.821282;0.102836899;;;;;;;;;;
3818.901793;0.102638387;;;;;;;;;;
3828.975227;1.02E-01;;;;;;;;;;
3838.783543;0.102247165;;;;;;;;;;
3848.842948;0.102049382;;;;;;;;;;
3858.895221;0.101851849;;;;;;;;;;
3868.940342;1.02E-01;;;;;;;;;;
3878.720999;1.01E-01;;;;;;;;;;
3888.751945;1.01E-01;;;;;;;;;;
3898.775684;1.01E-01;;;;;;;;;;
3908.792198;0.100873097;;;;;;;;;;
3918.801468;0.100677133;;;;;;;;;;
3928.803474;1.00E-01;;;;;;;;;;
3938.7982;1.00E-01;;;;;;;;;;
3948.785626;0.100090891;;;;;;;;;;
3958.765734;0.099896038;;;;;;;;;;
3968.738505;9.97E-02;;;;;;;;;;
3978.70392;9.95E-02;;;;;;;;;;
3988.661962;0.0993132;;;;;;;;;;
3998.86766;0.099114542;;;;;;;;;;
4008.810709;9.89E-02;;;;;;;;;;
4018.746328;0.098728058;;;;;;;;;;
4028.6745;0.098535268;;;;;;;;;;
4038.849484;0.09833785;;;;;;;;;;
4048.762512;9.81E-02;;;;;;;;;;
4058.668037;0.09795382;;;;;;;;;;
4068.819736;0.097757364;;;;;;;;;;
4078.710005;0.09756614;;;;;;;;;;
4088.592715;0.097375233;;;;;;;;;;
4098.720957;0.097179764;;;;;;;;;;
4108.588299;0.096989509;;;;;;;;;;
4118.70074;9.68E-02;;;;;;;;;;
4128.552639;0.096605118;;;;;;;;;;
4138.649203;0.096411006;;;;;;;;;;
4148.737698;0.096217243;;;;;;;;;;
4158.566193;0.096028663;;;;;;;;;;
4168.638695;0.095835598;;;;;;;;;;
4178.70307;0.09564289;;;;;;;;;;
4188.507992;9.55E-02;;;;;;;;;;
4198.556258;0.09526335;;;;;;;;;;
4208.59634;0.095071718;;;;;;;;;;
4218.628216;0.094880453;;;;;;;;;;
4228.651868;0.094689556;;;;;;;;;;
4238.667276;0.09449903;;;;;;;;;;
4248.67442;0.094308878;;;;;;;;;;
4258.673282;0.0941191;;;;;;;;;;
4268.663841;0.093929701;;;;;;;;;;
4278.646078;9.37E-02;;;;;;;;;;
4288.619973;0.093552042;;;;;;;;;;
4298.585508;0.093363787;;;;;;;;;;
4308.542662;0.093175917;;;;;;;;;;
4318.491417;0.092988436;;;;;;;;;;
4328.431752;0.092801344;;;;;;;;;;
4338.611838;9.26E-02;;;;;;;;;;
4348.535066;0.092423685;;;;;;;;;;
4358.449815;9.22E-02;;;;;;;;;;
4368.603615;0.092047647;;;;;;;;;;
4378.501139;0.091862552;;;;;;;;;;
4388.390126;0.091677858;;;;;;;;;;
4398.517459;9.15E-02;;;;;;;;;;
4408.389101;0.091305088;;;;;;;;;;
4418.498615;0.091117036;;;;;;;;;;
4428.599079;9.09E-02;;;;;;;;;;
4438.444448;0.09074678;;;;;;;;;;
4448.526972;9.06E-02;;;;;;;;;;
4458.354799;0.090378211;;;;;;;;;;
4468.419301;0.090192298;;;;;;;;;;
4478.474651;9.00E-02;;;;;;;;;;
4488.520828;0.089821785;;;;;;;;;;
4498.557812;8.96E-02;;;;;;;;;;
4508.341111;0.08945752;;;;;;;;;;
4518.359871;8.93E-02;;;;;;;;;;
4528.369376;8.91E-02;;;;;;;;;;
4538.369606;0.088907689;;;;;;;;;;
4548.36054;8.87E-02;;;;;;;;;;
4558.342159;0.088543372;;;;;;;;;;
4568.31444;8.84E-02;;;;;;;;;;
4578.277365;0.088180857;;;;;;;;;;
4588.473564;0.087995881;;;;;;;;;;
4598.417484;0.087815769;;;;;;;;;;
4608.351985;0.087636112;;;;;;;;;;
4618.277047;8.75E-02;;;;;;;;;;
4628.434375;0.087273819;;;;;;;;;;
4638.340267;8.71E-02;;;;;;;;;;
4648.236658;0.086917742;;;;;;;;;;
4658.364552;8.67E-02;;;;;;;;;;
4668.241648;0.086559204;;;;;;;;;;
4678.349735;8.64E-02;;;;;;;;;;
4688.207454;0.086202568;;;;;;;;;;
4698.295648;0.08602283;;;;;;;;;;
4708.373743;0.085843583;;;;;;;;;;
4718.202123;8.57E-02;;;;;;;;;;
4728.260198;0.085490803;;;;;;;;;;
4738.308111;8.53E-02;;;;;;;;;;
4748.345839;0.085135736;;;;;;;;;;
4758.373361;8.50E-02;;;;;;;;;;
4768.152268;0.084786843;;;;;;;;;;
4778.159558;0.084611035;;;;;;;;;;
4788.156578;0.084435725;;;;;;;;;;
4798.143306;8.43E-02;;;;;;;;;;
4808.357129;8.41E-02;;;;;;;;;;
4818.322963;0.083908662;;;;;;;;;;
4828.278441;0.083735367;;;;;;;;;;
4838.223541;8.36E-02;;;;;;;;;;
4848.158242;8.34E-02;;;;;;;;;;
4858.318688;8.32E-02;;;;;;;;;;
4868.232278;0.083043144;;;;;;;;;;
4878.135404;0.08287238;;;;;;;;;;
4888.263456;0.082698074;;;;;;;;;;
4898.14534;8.25E-02;;;;;;;;;;
4908.2516;8.24E-02;;;;;;;;;;
4918.112156;0.082186366;;;;;;;;;;
4928.196536;0.082014163;;;;;;;;;;
4938.269812;8.18E-02;;;;;;;;;;
4948.098086;0.081675332;;;;;;;;;;
4958.149347;0.081504718;;;;;;;;;;
4968.189439;0.081334639;;;;;;;;;;
4978.218337;0.081165095;;;;;;;;;;
4988.23602;0.080996088;;;;;;;;;;
4998.009884;0.080831528;;;;;;;;;;
5007.776688;8.07E-02;;;;;;;;;;
5018.351078;8.05E-02;;;;;;;;;;
5028.169082;0.08032584;;;;;;;;;;
5037.98605;0.080161922;;;;;;;;;;
5047.80198;0.079998361;;;;;;;;;;
5058.37182;7.98E-02;;;;;;;;;;
5068.18559;0.079659798;;;;;;;;;;
5077.998316;7.95E-02;;;;;;;;;;
5087.809996;0.079335239;;;;;;;;;;
5098.375249;0.079161074;;;;;;;;;;
5108.184751;0.078999725;;;;;;;;;;
5117.993201;0.078838738;;;;;;;;;;
5127.800597;7.87E-02;;;;;;;;;;
5138.361228;7.85E-02;;;;;;;;;;
5148.166428;7.83E-02;;;;;;;;;;
5157.970569;0.078186182;;;;;;;;;;
5167.773648;0.078027051;;;;;;;;;;
5178.329619;7.79E-02;;;;;;;;;;
5188.130485;7.77E-02;;;;;;;;;;
5197.930283;0.077539728;;;;;;;;;;
5207.729011;0.077382102;;;;;;;;;;
5218.280287;0.077212766;;;;;;;;;;
5228.076785;0.077055911;;;;;;;;;;
5237.872207;0.07689943;;;;;;;;;;
5247.666549;0.076743321;;;;;;;;;;
5258.213095;7.66E-02;;;;;;;;;;
5268.005191;7.64E-02;;;;;;;;;;
5277.796202;0.076265337;;;;;;;;;;
5287.586127;7.61E-02;;;;;;;;;;
5298.127905;0.07594471;;;;;;;;;;
5307.915566;0.075790915;;;;;;;;;;
5317.702134;7.56E-02;;;;;;;;;;
5328.24029;7.55E-02;;;;;;;;;;
5338.024581;7.53E-02;;;;;;;;;;
5347.807773;0.075167825;;;;;;;;;;
5357.589864;0.075015956;;;;;;;;;;
5368.12319;0.074852831;;;;;;;;;;
5377.902987;0.074701755;;;;;;;;;;
5387.681677;0.074551062;;;;;;;;;;
5398.211333;0.074389205;;;;;;;;;;
5407.987717;0.074239307;;;;;;;;;;
5417.762987;0.074089794;;;;;;;;;;
5427.537141;0.073940665;;;;;;;;;;
5438.061903;0.073780496;;;;;;;;;;
5447.833734;7.36E-02;;;;;;;;;;
5457.604442;0.073484225;;;;;;;;;;
5468.125487;0.073325335;;;;;;;;;;
5477.89386;0.073178197;;;;;;;;;;
5487.661104;0.073031445;;;;;;;;;;
5498.178412;7.29E-02;;;;;;;;;;
5507.943307;0.072727895;;;;;;;;;;
5517.707068;0.072582339;;;;;;;;;;
5527.469693;0.072437172;;;;;;;;;;
5537.982016;0.072281274;;;;;;;;;;
5547.742274;7.21E-02;;;;;;;;;;
5557.50139;0.07199295;;;;;;;;;;
5568.009928;0.071838346;;;;;;;;;;
5577.766665;7.17E-02;;;;;;;;;;
5587.522253;0.071552427;;;;;;;;;;
5598.026985;7.14E-02;;;;;;;;;;
5607.780182;0.071257171;;;;;;;;;;
5617.532223;0.071115614;;;;;;;;;;
5628.033128;0.070963607;;;;;;;;;;
5637.782765;0.070822866;;;;;;;;;;
5647.531242;0.070682518;;;;;;;;;;
5658.0283;0.070531814;;;;;;;;;;
5667.774358;7.04E-02;;;;;;;;;;
5677.51925;0.070253148;;;;;;;;;;
5688.012441;0.07010375;;;;;;;;;;
5697.754901;0.069965433;;;;;;;;;;
5707.496189;0.069827511;;;;;;;;;;
5717.985492;6.97E-02;;;;;;;;;;
5727.724337;0.06954232;;;;;;;;;;
5737.462002;0.069405614;;;;;;;;;;
5747.947396;0.069258834;;;;;;;;;;
5757.682605;0.069122949;;;;;;;;;;
5767.416629;0.06898746;;;;;;;;;;
5777.898095;0.068841992;;;;;;;;;;
5787.629649;0.068707326;;;;;;;;;;
5797.360012;0.068573056;;;;;;;;;;
5807.837529;6.84E-02;;;;;;;;;;
5817.565409;0.068295454;;;;;;;;;;
5827.292092;0.068162404;;;;;;;;;;
5837.76564;0.068019563;;;;;;;;;;
5847.489828;0.067887337;;;;;;;;;;
5857.960685;0.067745384;;;;;;;;;;
5867.68237;0.067613982;;;;;;;;;;
5877.402847;6.75E-02;;;;;;;;;;
5887.8697;0.067342338;;;;;;;;;;
5897.587661;0.067212158;;;;;;;;;;
5907.304408;0.067082375;;;;;;;;;;
5917.767236;6.69E-02;;;;;;;;;;
5927.481454;6.68E-02;;;;;;;;;;
5937.194452;0.066685532;;;;;;;;;;
5947.653235;0.066547525;;;;;;;;;;
5957.363691;0.066419788;;;;;;;;;;
5967.819734;0.066282669;;;;;;;;;;
5977.52764;6.62E-02;;;;;;;;;;
5987.234315;0.06602924;;;;;;;;;;
5997.686278;0.065893437;;;;;;;;;;
6007.39039;0.065767745;;;;;;;;;;
6017.839589;0.065632829;;;;;;;;;;
6027.54113;0.065507961;;;;;;;;;;
6037.241429;0.06538349;;;;;;;;;;
6047.686515;0.065249887;;;;;;;;;;
6057.38423;0.065126239;;;;;;;;;;
6067.826528;0.064993523;;;;;;;;;;
6077.521651;0.064870698;;;;;;;;;;
6087.215522;0.064748269;;;;;;;;;;
6097.653673;0.064616865;;;;;;;;;;
6107.344938;0.064495258;;;;;;;;;;
6117.780279;0.064364739;;;;;;;;;;
6127.46893;0.064243953;;;;;;;;;;
6137.156319;0.064123562;;;;;;;;;;
6147.587478;0.063994352;;;;;;;;;;
6157.272241;0.063874782;;;;;;;;;;
6167.700567;0.063746455;;;;;;;;;;
6177.382693;6.36E-02;;;;;;;;;;
6187.063548;0.063509346;;;;;;;;;;
6197.487659;0.063382325;;;;;;;;;;
6207.165865;0.063264786;;;;;;;;;;
6217.587119;0.063138646;;;;;;;;;;
6227.262668;0.063021924;;;;;;;;;;
6237.681056;6.29E-02;;;;;;;;;;
6247.35394;6.28E-02;;;;;;;;;;
6257.025537;0.062665243;;;;;;;;;;
6267.439663;0.062541282;;;;;;;;;;
6277.108582;6.24E-02;;;;;;;;;;
6287.519818;0.062303499;;;;;;;;;;
6297.18605;0.062189613;;;;;;;;;;
6307.594389;0.062067403;;;;;;;;;;
6317.257926;0.061954329;;;;;;;;;;
6327.663357;0.061832993;;;;;;;;;;
6337.324189;6.17E-02;;;;;;;;;;
6346.983717;6.16E-02;;;;;;;;;;
6357.384824;0.061488811;;;;;;;;;;
6367.041635;6.14E-02;;;;;;;;;;
6377.439811;0.06125857;;;;;;;;;;
6387.093897;0.061148311;;;;;;;;;;
6397.489134;0.061030005;;;;;;;;;;
6407.140486;0.060920552;;;;;;;;;;
6417.532774;6.08E-02;;;;;;;;;;
6427.181383;6.07E-02;;;;;;;;;;
6437.570713;6.06E-02;;;;;;;;;;
6447.216572;0.06047004;;;;;;;;;;
6456.861103;0.060362578;;;;;;;;;;
6467.246033;0.060247281;;;;;;;;;;
6476.8878;6.01E-02;;;;;;;;;;
6487.26975;6.00E-02;;;;;;;;;;
6496.908745;5.99E-02;;;;;;;;;;
6507.287705;0.059806739;;;;;;;;;;
6516.923919;5.97E-02;;;;;;;;;;
6527.299879;0.059588948;;;;;;;;;;
6536.933304;5.95E-02;;;;;;;;;;
6547.306256;0.059372806;;;;;;;;;;
6556.936882;0.059269324;;;;;;;;;;
6567.306816;0.059158308;;;;;;;;;;
6576.934637;0.059055616;;;;;;;;;;
6587.301544;0.05894545;;;;;;;;;;
6596.926549;5.88E-02;;;;;;;;;;
6607.29042;0.058734228;;;;;;;;;;
6616.912601;0.058633111;;;;;;;;;;
6627.273426;0.058524637;;;;;;;;;;
6636.892776;5.84E-02;;;;;;;;;;
6647.250547;0.058316674;;;;;;;;;;
6656.867055;0.058217123;;;;;;;;;;
6667.221762;0.058110333;;;;;;;;;;
6676.835422;0.058011561;;;;;;;;;;
6687.187056;0.061408735;;;;;;;;;;
6696.797857;0.061325445;;;;;;;;;;
6707.146409;0.061236054;;;;;;;;;;
6716.754344;6.12E-02;;;;;;;;;;
6727.099805;0.061064552;;;;;;;;;;
6736.704865;0.060982397;;;;;;;;;;
6747.047225;0.060894225;;;;;;;;;;
6757.387973;0.060806368;;;;;;;;;;
6766.988652;6.07E-02;;;;;;;;;;
6777.326286;6.06E-02;;;;;;;;;;
6786.924068;0.060557075;;;;;;;;;;
6797.258578;0.060470424;;;;;;;;;;
6806.853456;0.060390242;;;;;;;;;;
6817.184833;0.060304192;;;;;;;;;;
6826.776797;6.02E-02;;;;;;;;;;
6837.105032;0.060139113;;;;;;;;;;
6846.694074;0.060060041;;;;;;;;;;
6857.019158;0.059975183;;;;;;;;;;
6866.60527;5.99E-02;;;;;;;;;;
6876.927193;0.059812396;;;;;;;;;;
6887.247475;5.97E-02;;;;;;;;;;
6896.82912;0.059650747;;;;;;;;;;
6907.146227;5.96E-02;;;;;;;;;;
6916.724921;5.95E-02;;;;;;;;;;
6927.038844;0.059407448;;;;;;;;;;
6936.614577;5.93E-02;;;;;;;;;;
6946.925308;5.92E-02;;;;;;;;;;
6957.23438;0.059166744;;;;;;;;;;
6966.805601;0.059090963;;;;;;;;;;
6977.111466;5.90E-02;;;;;;;;;;
6986.679706;0.058934397;;;;;;;;;;
6996.982355;5.89E-02;;;;;;;;;;
7006.547605;5.88E-02;;;;;;;;;;
7016.847029;0.058698771;;;;;;;;;;
7027.144778;5.86E-02;;;;;;;;;;
7036.70547;0.058544992;;;;;;;;;;
7046.99998;0.058465687;;;;;;;;;;
7056.557661;0.05839231;;;;;;;;;;
7066.848923;0.054823619;;;;;;;;;;
7077.138497;0.05475681;;;;;;;;;;
7086.691589;0.054694935;;;;;;;;;;
7096.977901;5.46E-02;;;;;;;;;;
7106.527959;5.46E-02;;;;;;;;;;
7116.811001;0.054500802;;;;;;;;;;
7127.092343;0.054434862;;;;;;;;;;
7136.637779;0.054373791;;;;;;;;;;
7146.915836;0.054308192;;;;;;;;;;
7156.458218;5.42E-02;;;;;;;;;;
7166.732981;0.054182177;;;;;;;;;;
7177.006033;5.41E-02;;;;;;;;;;
7186.54376;0.054056811;;;;;;;;;;
7196.813504;0.053992061;;;;;;;;;;
7207.081529;0.053927483;;;;;;;;;;
7216.614582;5.39E-02;;;;;;;;;;
7226.879286;5.38E-02;;;;;;;;;;
7236.409251;0.053743923;;;;;;;;;;
7246.670623;0.053680006;;;;;;;;;;
7256.930265;5.36E-02;;;;;;;;;;
7266.455524;5.36E-02;;;;;;;;;;
7276.711821;0.053493796;;;;;;;;;;
7286.966381;0.053430543;;;;;;;;;;
7296.486914;0.053371957;;;;;;;;;;
7306.738115;5.33E-02;;;;;;;;;;
7316.987571;0.053246261;;;;;;;;;;
7326.503358;5.32E-02;;;;;;;;;;
7336.749442;5.31E-02;;;;;;;;;;
7346.993774;0.053063398;;;;;;;;;;
7356.504797;0.05300571;;;;;;;;;;
7366.745742;5.29E-02;;;;;;;;;;
7376.984928;5.29E-02;;;;;;;;;;
7386.491167;5.28E-02;;;;;;;;;;
7396.726953;0.052763198;;;;;;;;;;
7406.960973;0.052701864;;;;;;;;;;
7416.462408;0.052645055;;;;;;;;;;
7426.693014;0.052584029;;;;;;;;;;
7436.921846;0.052523162;;;;;;;;;;
7446.418458;0.052466784;;;;;;;;;;
7456.643863;0.052406221;;;;;;;;;;
7466.867487;5.23E-02;;;;;;;;;;
7476.359256;0.052289864;;;;;;;;;;
7486.579439;5.22E-02;;;;;;;;;;
7496.797834;0.052169808;;;;;;;;;;
7506.284741;0.052114278;;;;;;;;;;
7516.499681;5.21E-02;;;;;;;;;;
7526.712825;0.051995123;;;;;;;;;;
7536.19485;0.05194001;;;;;;;;;;
7546.404526;5.19E-02;;;;;;;;;;
7556.6124;0.051821747;;;;;;;;;;
7566.818469;0.051762841;;;;;;;;;;
7576.293916;5.17E-02;;;;;;;;;;
7586.496497;0.051649661;;;;;;;;;;
7596.697267;0.051591194;;;;;;;;;;
7606.167786;0.051537035;;;;;;;;;;
7616.365055;0.051478852;;;;;;;;;;
7626.560505;0.051420816;;;;;;;;;;
7636.754134;0.051362926;;;;;;;;;;
7646.218013;0.051309302;;;;;;;;;;
7656.408122;5.13E-02;;;;;;;;;;
7666.596403;0.051194228;;;;;;;;;;
7676.782853;0.051136907;;;;;;;;;;
7686.240057;5.11E-02;;;;;;;;;;
7696.422969;0.051026764;;;;;;;;;;
7706.604042;0.05096986;;;;;;;;;;
7716.783275;0.050913098;;;;;;;;;;
7726.23377;5.09E-02;;;;;;;;;;
7736.409447;0.050804025;;;;;;;;;;
7746.583276;0.050747674;;;;;;;;;;
7756.755255;5.07E-02;;;;;;;;;;
7766.199006;5.06E-02;;;;;;;;;;
7776.36741;0.050583441;;;;;;;;;;
7786.533957;0.050527632;;;;;;;;;;
7796.698645;5.05E-02;;;;;;;;;;
7806.135616;0.050420384;;;;;;;;;;
7816.29671;0.050364973;;;;;;;;;;
7826.455938;0.050309696;;;;;;;;;;
7836.613297;0.050254553;;;;;;;;;;
7846.043454;0.050203469;;;;;;;;;;
7856.197201;0.050148583;;;;;;;;;;
7866.349072;0.05009383;;;;;;;;;;
7876.499064;5.00E-02;;;;;;;;;;
7886.647175;0.049984717;;;;;;;;;;
7896.068734;0.049934236;;;;;;;;;;
7906.213211;0.049879996;;;;;;;;;;
7916.355799;4.98E-02;;;;;;;;;;
7926.496497;0.049771904;;;;;;;;;;
7936.635302;0.04971805;;;;;;;;;;
7946.048209;0.049668158;;;;;;;;;;
7956.183356;0.04961455;;;;;;;;;;
7966.316603;0.049561068;;;;;;;;;;
7976.447947;0.049507712;;;;;;;;;;
7986.577387;0.049454481;;;;;;;;;;
7995.981587;0.049405163;;;;;;;;;;
8006.107346;0.049352172;;;;;;;;;;
8016.231193;0.049299304;;;;;;;;;;
8026.353125;4.92E-02;;;;;;;;;;
8036.473141;0.049193936;;;;;;;;;;
8045.86858;0.049145181;;;;;;;;;;
8055.984892;0.049092792;;;;;;;;;;
8066.09928;4.90E-02;;;;;;;;;;
8076.211742;4.90E-02;;;;;;;;;;
8086.322274;0.048936346;;;;;;;;;;
8096.430876;0.048884436;;;;;;;;;;
8106.537544;0.048832644;;;;;;;;;;
8115.920574;4.88E-02;;;;;;;;;;
8126.023506;4.87E-02;;;;;;;;;;
8136.124498;0.048681641;;;;;;;;;;
8146.223547;0.048630308;;;;;;;;;;
8156.32065;0.04857909;;;;;;;;;;
8166.415805;4.85E-02;;;;;;;;;;
8175.788131;0.048480636;;;;;;;;;;
8185.879523;0.048429752;;;;;;;;;;
8195.96896;0.048378982;;;;;;;;;;
8206.056439;0.048328324;;;;;;;;;;
8216.141959;0.048277778;;;;;;;;;;
8226.225516;4.82E-02;;;;;;;;;;
8236.307109;0.048177019;;;;;;;;;;
8246.386735;0.048126806;;;;;;;;;;
8255.744624;4.81E-02;;;;;;;;;;
8265.82045;4.80E-02;;;;;;;;;;
8275.894301;0.047980382;;;;;;;;;;
8285.966176;0.047930596;;;;;;;;;;
8296.036073;0.047880918;;;;;;;;;;
8306.103988;4.78E-02;;;;;;;;;;
8316.169919;0.047781883;;;;;;;;;;
8326.233864;4.77E-02;;;;;;;;;;
8336.295821;4.77E-02;;;;;;;;;;
8346.355787;0.047634123;;;;;;;;;;
8355.695399;0.047588579;;;;;;;;;;
8365.751519;0.047539632;;;;;;;;;;
8375.80564;4.75E-02;;;;;;;;;;
8385.857762;4.74E-02;;;;;;;;;;
8395.90788;0.047393407;;;;;;;;;;
8405.955994;4.73E-02;;;;;;;;;;
8416.0021;0.047296433;;;;;;;;;;
8426.046196;4.72E-02;;;;;;;;;;
8436.08828;0.047199861;;;;;;;;;;
8446.128349;0.047151725;;;;;;;;;;
8456.166401;0.047103688;;;;;;;;;;
8466.202433;0.04705575;;;;;;;;;;
8476.236444;4.70E-02;;;;;;;;;;
8486.26843;4.70E-02;;;;;;;;;;
8495.582031;0.046915921;;;;;;;;;;
8505.610107;0.046868365;;;;;;;;;;
8515.636151;4.68E-02;;;;;;;;;;
8525.660162;0.04677354;;;;;;;;;;
8535.682136;0.04672627;;;;;;;;;;
8545.702072;0.046679095;;;;;;;;;;
8555.719967;4.66E-02;;;;;;;;;;
8565.735819;0.046585027;;;;;;;;;;
8575.749625;0.046538132;;;;;;;;;;
8585.761383;4.65E-02;;;;;;;;;;
8595.77109;0.04644462;;;;;;;;;;
8605.778745;0.046398002;;;;;;;;;;
8615.784345;0.046351475;;;;;;;;;;
8625.787886;0.046305038;;;;;;;;;;
8635.789368;0.046258691;;;;;;;;;;
8645.788788;0.046212434;;;;;;;;;;
8655.786142;0.046166266;;;;;;;;;;
8665.78143;0.046120187;;;;;;;;;;
8675.774648;0.046074196;;;;;;;;;;
8685.765794;0.046028293;;;;;;;;;;
8695.754866;4.60E-02;;;;;;;;;;
8705.74186;0.045936748;;;;;;;;;;
8715.726776;4.59E-02;;;;;;;;;;
8725.709611;0.045845548;;;;;;;;;;
8735.690361;0.045800077;;;;;;;;;;
8745.669025;0.04575469;;;;;;;;;;
8755.645601;4.57E-02;;;;;;;;;;
8765.620085;0.04566417;;;;;;;;;;
8775.592477;0.045619035;;;;;;;;;;
8785.562772;0.045573984;;;;;;;;;;
8795.530969;0.045529015;;;;;;;;;;
8805.497066;4.55E-02;;;;;;;;;;
8815.461059;0.045439324;;;;;;;;;;
8825.422948;4.54E-02;;;;;;;;;;
8835.382728;0.045349959;;;;;;;;;;
8846.051581;4.53E-02;;;;;;;;;;
8856.006988;0.045257741;;;;;;;;;;
8865.96028;4.52E-02;;;;;;;;;;
8875.911455;4.52E-02;;;;;;;;;;
8885.86051;4.51E-02;;;;;;;;;;
8895.807443;0.045080629;;;;;;;;;;
8905.752251;0.045036546;;;;;;;;;;
8915.694933;4.50E-02;;;;;;;;;;
8925.635485;4.49E-02;;;;;;;;;;
8935.573906;0.044904763;;;;;;;;;;
8945.510193;4.49E-02;;;;;;;;;;
8955.444343;0.044817289;;;;;;;;;;
8965.376355;4.48E-02;;;;;;;;;;
8975.306225;4.47E-02;;;;;;;;;;
8985.942994;4.47E-02;;;;;;;;;;
8995.868422;4.46E-02;;;;;;;;;;
9005.791701;4.46E-02;;;;;;;;;;
9015.71283;0.044553579;;;;;;;;;;
9025.631805;4.45E-02;;;;;;;;;;
9035.548625;0.044467304;;;;;;;;;;
9045.463287;4.44E-02;;;;;;;;;;
9055.375789;0.044381317;;;;;;;;;;
9065.286129;4.43E-02;;;;;;;;;;
9075.901947;4.43E-02;;;;;;;;;;
9085.807799;0.044249822;;;;;;;;;;
9095.711481;4.42E-02;;;;;;;;;;
9105.612991;0.044164555;;;;;;;;;;
9115.512327;0.044122026;;;;;;;;;;
9125.409485;0.044079566;;;;;;;;;;
9135.304464;0.044037176;;;;;;;;;;
9145.197262;4.40E-02;;;;;;;;;;
9155.794264;0.043949583;;;;;;;;;;
9165.682534;0.043907402;;;;;;;;;;
9175.568616;0.043865287;;;;;;;;;;
9185.452507;0.04382324;;;;;;;;;;
9195.334203;0.04378126;;;;;;;;;;
9205.213704;0.043739346;;;;;;;;;;
9215.796444;0.043694511;;;;;;;;;;
9225.671388;0.043652733;;;;;;;;;;
9235.544129;0.043611021;;;;;;;;;;
9245.414664;0.043569373;;;;;;;;;;
9255.282992;0.043527791;;;;;;;;;;
9265.149109;0.043486272;;;;;;;;;;
9275.717493;0.043441859;;;;;;;;;;
9285.579024;0.043400473;;;;;;;;;;
9295.438337;0.04335915;;;;;;;;;;
9305.295431;0.04331789;;;;;;;;;;
9315.150302;0.043276693;;;;;;;;;;
9325.706624;0.043232622;;;;;;;;;;
9335.556884;4.32E-02;;;;;;;;;;
9345.404915;0.043150547;;;;;;;;;;
9355.250714;4.31E-02;;;;;;;;;;
9365.094279;4.31E-02;;;;;;;;;;
9375.638473;4.30E-02;;;;;;;;;;
9385.477402;0.042984222;;;;;;;;;;
9395.31409;4.29E-02;;;;;;;;;;
9405.148534;4.29E-02;;;;;;;;;;
9415.682946;0.042859411;;;;;;;;;;
9425.512735;0.042818895;;;;;;;;;;
9435.340272;4.28E-02;;;;;;;;;;
9445.165557;0.042738042;;;;;;;;;;
9455.690144;4.27E-02;;;;;;;;;;
9465.510753;0.042654547;;;;;;;;;;
9475.329102;4.26E-02;;;;;;;;;;
9485.145188;0.042574167;;;;;;;;;;
9495.659909;0.042531201;;;;;;;;;;
9505.471299;0.042491158;;;;;;;;;;
9515.28042;4.25E-02;;;;;;;;;;
9525.087269;0.042411243;;;;;;;;;;
9535.592082;4.24E-02;;;;;;;;;;
9545.394215;0.04232871;;;;;;;;;;
9555.194069;0.042288953;;;;;;;;;;
9564.991642;0.042249251;;;;;;;;;;
9575.486505;4.22E-02;;;;;;;;;;
9585.279343;0.042167187;;;;;;;;;;
9595.069892;0.042127653;;;;;;;;;;
9605.557222;4.56E-02;;;;;;;;;;
9615.343021;0.045558007;;;;;;;;;;
9625.126524;0.045527344;;;;;;;;;;
9634.907729;4.55E-02;;;;;;;;;;
9645.385037;0.04546412;;;;;;;;;;
9655.161472;4.54E-02;;;;;;;;;;
9664.935602;0.045403448;;;;;;;;;;
9675.405322;0.045371093;;;;;;;;;;
9685.174667;4.53E-02;;;;;;;;;;
9694.9417;0.045310971;;;;;;;;;;
9705.403808;0.045278907;;;;;;;;;;
9715.166042;0.045249072;;;;;;;;;;
9724.925956;0.045219324;;;;;;;;;;
9735.380429;0.045187547;;;;;;;;;;
9745.13553;4.52E-02;;;;;;;;;;
9754.888303;0.045128492;;;;;;;;;;
9765.335117;0.045096994;;;;;;;;;;
9775.083062;4.51E-02;;;;;;;;;;
9784.828672;0.045038457;;;;;;;;;;
9795.267804;0.045007234;;;;;;;;;;
9805.008571;0.044978178;;;;;;;;;;
9815.442508;0.044947137;;;;;;;;;;
9825.178422;0.04491825;;;;;;;;;;
9834.91199;4.49E-02;;;;;;;;;;
9845.338206;0.044858668;;;;;;;;;;
9855.066905;0.044830026;;;;;;;;;;
9864.793251;0.044801463;;;;;;;;;;
9875.211722;0.044770947;;;;;;;;;;
9884.933185;0.044742546;;;;;;;;;;
9895.346419;0.044712203;;;;;;;;;;
9905.06299;4.47E-02;;;;;;;;;;
9914.777195;0.044655796;;;;;;;;;;
9925.182644;0.044625703;;;;;;;;;;
9934.891942;0.044597694;;;;;;;;;;
9945.292128;0.044567767;;;;;;;;;;
9954.996508;4.45E-02;;;;;;;;;;
9964.698511;4.45E-02;;;;;;;;;;
9975.090874;0.044482445;;;;;;;;;;
9984.787944;4.45E-02;;;;;;;;;;
9995.175017;4.44E-02;;;;;;;;;;
10004.86715;0.044397807;;;;;;;;;;
10015.24892;4.44E-02;;;;;;;;;;
10024.93609;4.43E-02;;;;;;;;;;
10035.31256;4.43E-02;;;;;;;;;;
10044.99477;4.43E-02;;;;;;;;;;
10054.67459;4.43E-02;;;;;;;;;;
10065.04315;0.044228595;;;;;;;;;;
10074.71799;4.42E-02;;;;;;;;;;
10085.08122;4.42E-02;;;;;;;;;;
10094.75108;0.044145938;;;;;;;;;;
10105.10896;0.044117252;;;;;;;;;;
10114.77381;0.040591663;;;;;;;;;;
10125.12634;0.040574064;;;;;;;;;;
10134.78619;0.040557727;;;;;;;;;;
10145.13334;0.040540316;;;;;;;;;;
10154.78817;0.040524152;;;;;;;;;;
10165.12995;0.040506924;;;;;;;;;;
10174.77976;0.04049093;;;;;;;;;;
10185.11614;0.040473883;;;;;;;;;;
10194.76091;0.040458054;;;;;;;;;;
10205.09189;0.040441183;;;;;;;;;;
10214.73162;4.04E-02;;;;;;;;;;
10225.05719;0.040408819;;;;;;;;;;
10234.69186;4.04E-02;;;;;;;;;;
10245.01201;0.040376784;;;;;;;;;;
10254.64161;0.040361434;;;;;;;;;;
10264.95633;0.040345069;;;;;;;;;;
10274.58086;0.040329872;;;;;;;;;;
10284.89013;4.03E-02;;;;;;;;;;
10294.50957;0.040298621;;;;;;;;;;
10304.81339;0.040282577;;;;;;;;;;
10315.11439;0.040266613;;;;;;;;;;
10324.72609;0.040251786;;;;;;;;;;
10335.02162;4.02E-02;;;;;;;;;;
10344.62822;4.02E-02;;;;;;;;;;
10354.91826;0.040205626;;;;;;;;;;
10364.51974;0.040191077;;;;;;;;;;
10374.80429;0.040175562;;;;;;;;;;
10385.086;0.04016012;;;;;;;;;;
10394.67969;0.040145774;;;;;;;;;;
10404.95589;0.040130473;;;;;;;;;;
10414.54444;0.040116257;;;;;;;;;;
10424.81512;0.040101094;;;;;;;;;;
10434.39851;0.040087004;;;;;;;;;;
10444.66367;0.040071975;;;;;;;;;;
10454.92596;4.01E-02;;;;;;;;;;
10464.50151;0.04004311;;;;;;;;;;
10474.75826;4.00E-02;;;;;;;;;;
10485.01214;0.040013511;;;;;;;;;;
10494.57983;0.039999786;;;;;;;;;;
10504.82814;0.039985143;;;;;;;;;;
10514.39064;0.039971533;;;;;;;;;;
10524.63339;0.039957011;;;;;;;;;;
10534.87325;0.03994255;;;;;;;;;;
10544.42784;0.039929107;;;;;;;;;;
10554.66212;0.039914762;;;;;;;;;;
10564.8935;0.039900475;;;;;;;;;;
10574.44017;0.039887193;;;;;;;;;;
10584.66595;0.039873018;;;;;;;;;;
10594.88882;0.039858899;;;;;;;;;;
10604.42756;0.039845771;;;;;;;;;;
10614.64481;3.98E-02;;;;;;;;;;
10624.85916;3.98E-02;;;;;;;;;;
10634.38992;0.039804818;;;;;;;;;;
10644.59864;0.039790961;;;;;;;;;;
10654.80443;0.039777155;;;;;;;;;;
10664.32721;0.039764315;;;;;;;;;;
10674.52735;0.039750606;;;;;;;;;;
10684.72457;0.039736947;;;;;;;;;;
10694.23933;3.97E-02;;;;;;;;;;
10704.43089;0.039710674;;;;;;;;;;
10714.6195;0.039697153;;;;;;;;;;
10724.80519;0.039683679;;;;;;;;;;
10734.30917;0.039671143;;;;;;;;;;
10744.48916;3.97E-02;;;;;;;;;;
10754.66621;3.96E-02;;;;;;;;;;
10764.84031;3.96E-02;;;;;;;;;;
10774.33347;0.039618733;;;;;;;;;;
10784.50187;0.039605512;;;;;;;;;;
10794.6673;0.039592332;;;;;;;;;;
10804.82978;3.96E-02;;;;;;;;;;
10814.31208;3.96E-02;;;;;;;;;;
10824.46883;0.039553898;;;;;;;;;;
10834.62261;0.039540871;;;;;;;;;;
10844.77341;0.03952788;;;;;;;;;;
10854.24482;3.95E-02;;;;;;;;;;
10864.38988;3.95E-02;;;;;;;;;;
10874.53196;0.039489981;;;;;;;;;;
10884.67105;3.95E-02;;;;;;;;;;
10894.13152;0.039465164;;;;;;;;;;
10904.26485;3.95E-02;;;;;;;;;;
10914.39518;0.03943962;;;;;;;;;;
10924.52253;3.94E-02;;;;;;;;;;
10934.64688;3.94E-02;;;;;;;;;;
10944.09356;0.039402379;;;;;;;;;;
10954.21211;0.039389742;;;;;;;;;;
10964.32766;0.039377133;;;;;;;;;;
10974.4402;3.94E-02;;;;;;;;;;
10984.54974;3.94E-02;;;;;;;;;;
10994.65626;3.93E-02;;;;;;;;;;
11004.08629;0.039327803;;;;;;;;;;
11014.18698;3.93E-02;;;;;;;;;;
11024.28466;0.039302872;;;;;;;;;;
11034.37931;3.93E-02;;;;;;;;;;
11044.47093;0.039278036;;;;;;;;;;
11054.55953;0.039265653;;;;;;;;;;
11064.64509;3.93E-02;;;;;;;;;;
11074.05555;0.039241772;;;;;;;;;;
11084.13525;0.039229451;;;;;;;;;;
11094.21191;0.039217149;;;;;;;;;;
11104.28553;3.92E-02;;;;;;;;;;
11114.3561;0.039192604;;;;;;;;;;
11124.42363;0.039180359;;;;;;;;;;
11134.48811;0.039168131;;;;;;;;;;
11144.54953;3.92E-02;;;;;;;;;;
11154.6079;0.039143725;;;;;;;;;;
11163.99295;0.039132358;;;;;;;;;;
11174.04541;0.039120192;;;;;;;;;;
11184.0948;0.039108042;;;;;;;;;;
11194.14113;0.039095905;;;;;;;;;;
11204.18438;0.039083781;;;;;;;;;;
11214.22457;0.03907167;;;;;;;;;;
11224.26168;0.039059571;;;;;;;;;;
11234.29571;0.039047483;;;;;;;;;;
11244.32666;0.039035406;;;;;;;;;;
11254.35453;3.90E-02;;;;;;;;;;
11264.37932;3.90E-02;;;;;;;;;;
11274.40101;0.038999235;;;;;;;;;;
11284.41962;0.038987196;;;;;;;;;;
11294.43513;3.90E-02;;;;;;;;;;
11304.44755;0.03896314;;;;;;;;;;
11314.45686;0.038951123;;;;;;;;;;
11324.46308;3.89E-02;;;;;;;;;;
11334.46619;0.038927108;;;;;;;;;;
11344.46619;0.038915108;;;;;;;;;;
11354.46308;0.038903113;;;;;;;;;;
11364.45686;0.038891122;;;;;;;;;;
11374.44752;0.038879134;;;;;;;;;;
11384.43507;0.038867149;;;;;;;;;;
11394.41949;3.89E-02;;;;;;;;;;
11404.40079;0.038843187;;;;;;;;;;
11414.37897;0.038831209;;;;;;;;;;
11424.35401;0.038819231;;;;;;;;;;
11434.32592;0.038807254;;;;;;;;;;
11444.2947;0.038795277;;;;;;;;;;
11454.26034;0.038783299;;;;;;;;;;
11464.22284;0.038771319;;;;;;;;;;
11474.1822;3.88E-02;;;;;;;;;;
11484.13841;3.87E-02;;;;;;;;;;
11494.09147;0.03873537;;;;;;;;;;
11504.04138;0.038723382;;;;;;;;;;
11513.98814;0.03871139;;;;;;;;;;
11523.93174;3.87E-02;;;;;;;;;;
11533.87218;3.87E-02;;;;;;;;;;
11543.80946;0.038675387;;;;;;;;;;
11553.74357;0.038663376;;;;;;;;;;
11564.33647;0.038650557;;;;;;;;;;
11574.26404;0.038638533;;;;;;;;;;
11584.18843;0.038626502;;;;;;;;;;
11594.10965;0.038614463;;;;;;;;;;
11604.02768;3.86E-02;;;;;;;;;;
11613.94254;3.86E-02;;;;;;;;;;
11623.85421;3.86E-02;;;;;;;;;;
11633.7627;0.038566226;;;;;;;;;;
11643.668;0.038554144;;;;;;;;;;
11654.23013;0.038541245;;;;;;;;;;
11664.12882;0.038529141;;;;;;;;;;
11674.02432;0.038517027;;;;;;;;;;
11683.91662;0.038504901;;;;;;;;;;
11693.80571;0.038492763;;;;;;;;;;
11703.6916;0.038480613;;;;;;;;;;
11714.23301;0.038467639;;;;;;;;;;
11724.11227;0.038455462;;;;;;;;;;
11733.98831;0.038443272;;;;;;;;;;
11743.86113;3.84E-02;;;;;;;;;;
11753.73074;0.038418849;;;;;;;;;;
11763.59712;0.038406616;;;;;;;;;;
11774.1177;0.03839355;;;;;;;;;;
11783.97742;0.038381285;;;;;;;;;;
11793.8339;0.038369004;;;;;;;;;;
11803.68715;0.038356707;;;;;;;;;;
11814.19371;3.83E-02;;;;;;;;;;
11824.04027;0.038331239;;;;;;;;;;
11833.88359;0.038318889;;;;;;;;;;
11843.72366;0.038306521;;;;;;;;;;
11853.56049;0.038294135;;;;;;;;;;
11864.04952;0.038280903;;;;;;;;;;
11873.87962;0.038268478;;;;;;;;;;
11883.70648;3.83E-02;;;;;;;;;;
11893.53007;3.82E-02;;;;;;;;;;
11904.00497;0.038230252;;;;;;;;;;
11913.82183;0.038217746;;;;;;;;;;
11923.63541;0.038205219;;;;;;;;;;
11934.09963;0.038191833;;;;;;;;;;
11943.90646;0.038179262;;;;;;;;;;
11953.71001;3.82E-02;;;;;;;;;;
11963.51028;3.82E-02;;;;;;;;;;
11973.9603;0.038140573;;;;;;;;;;
11983.75379;0.038127911;;;;;;;;;;
11993.544;0.038115225;;;;;;;;;;
12003.98326;0.038101668;;;;;;;;;;
12013.76667;0.038088934;;;;;;;;;;
12023.54679;0.038076175;;;;;;;;;;
12033.97528;0.038062539;;;;;;;;;;
12043.74858;0.038049729;;;;;;;;;;
12053.51858;0.038036894;;;;;;;;;;
12063.93627;0.038023175;;;;;;;;;;
12073.69943;0.038010287;;;;;;;;;;
12083.45929;0.037997372;;;;;;;;;;
12093.86615;3.80E-02;;;;;;;;;;
12103.61916;0.037970599;;;;;;;;;;
12113.36885;3.80E-02;;;;;;;;;;
12123.76486;0.03794371;;;;;;;;;;
12133.50768;3.79E-02;;;;;;;;;;
12143.89636;0.037916703;;;;;;;;;;
12153.6323;3.79E-02;;;;;;;;;;
12163.36491;0.037890452;;;;;;;;;;
12173.74269;0.037876405;;;;;;;;;;
12183.46841;0.037863205;;;;;;;;;;
12193.83883;3.78E-02;;;;;;;;;;
12203.55764;0.037835833;;;;;;;;;;
12213.92069;0.037821656;;;;;;;;;;
12223.63258;3.78E-02;;;;;;;;;;
12233.34113;0.037794981;;;;;;;;;;
12243.69321;0.037780704;;;;;;;;;;
12253.39482;0.037767288;;;;;;;;;;
12263.7395;0.037752942;;;;;;;;;;
12273.43416;0.037739461;;;;;;;;;;
12283.77143;3.77E-02;;;;;;;;;;
12293.45914;3.77E-02;;;;;;;;;;
12303.78898;3.77E-02;;;;;;;;;;
12313.46972;3.77E-02;;;;;;;;;;
12323.79212;0.037668842;;;;;;;;;;
12333.46588;0.03765516;;;;;;;;;;
12343.78083;0.03764053;;;;;;;;;;
12353.44759;0.037626779;;;;;;;;;;
12363.75508;3.76E-02;;;;;;;;;;
12373.41485;3.76E-02;;;;;;;;;;
12383.71486;0.037583475;;;;;;;;;;
12393.36761;3.76E-02;;;;;;;;;;
12403.66014;0.037554728;;;;;;;;;;
12413.30586;0.037540766;;;;;;;;;;
12423.59089;3.75E-02;;;;;;;;;;
12433.22958;0.037511798;;;;;;;;;;
12443.50709;0.037496788;;;;;;;;;;
12453.78073;0.037481738;;;;;;;;;;
12463.40873;0.037467591;;;;;;;;;;
12473.67483;0.037452461;;;;;;;;;;
12483.29577;3.74E-02;;;;;;;;;;
12493.55433;0.03742303;;;;;;;;;;
12503.16819;0.037408733;;;;;;;;;;
12513.4192;0.037393442;;;;;;;;;;
12523.66631;3.74E-02;;;;;;;;;;
12533.26942;0.037363696;;;;;;;;;;
12543.50895;0.037348281;;;;;;;;;;
12553.10496;0.03733379;;;;;;;;;;
12563.33691;0.037318292;;;;;;;;;;
12573.56494;0.037302751;;;;;;;;;;
12583.15016;3.73E-02;;;;;;;;;;
12593.37059;0.037272516;;;;;;;;;;
12603.58709;3.73E-02;;;;;;;;;;
12613.16148;0.037242116;;;;;;;;;;
12623.37036;3.72E-02;;;;;;;;;;
12633.57531;0.037210562;;;;;;;;;;
12643.13886;0.03719571;;;;;;;;;;
12653.33617;0.037179825;;;;;;;;;;
12663.52952;0.037163894;;;;;;;;;;
12673.08221;3.71E-02;;;;;;;;;;
12683.26791;0.0371329;;;;;;;;;;
12693.44966;0.037116837;;;;;;;;;;
12703.62744;0.037100728;;;;;;;;;;
12713.16552;0.037085584;;;;;;;;;;
12723.33562;0.037069386;;;;;;;;;;
12733.50176;3.71E-02;;;;;;;;;;
12743.02891;0.037037871;;;;;;;;;;
12753.18734;0.037021537;;;;;;;;;;
12763.3418;0.037005156;;;;;;;;;;
12773.49228;0.036988729;;;;;;;;;;
12783.00474;0.036973286;;;;;;;;;;
12793.14749;0.036956768;;;;;;;;;;
12803.28626;0.036940202;;;;;;;;;;
12813.42103;0.036923589;;;;;;;;;;
12823.5518;0.036906929;;;;;;;;;;
12833.04577;0.036891266;;;;;;;;;;
12843.1688;0.036874513;;;;;;;;;;
12853.28781;3.69E-02;;;;;;;;;;
12863.40282;0.036840864;;;;;;;;;;
12873.51381;0.036823967;;;;;;;;;;
12882.98922;0.036808082;;;;;;;;;;
12893.09243;0.036791091;;;;;;;;;;
12903.19162;0.036774052;;;;;;;;;;
12913.28679;0.036756963;;;;;;;;;;
12923.37792;0.036739826;;;;;;;;;;
12933.46503;0.03672264;;;;;;;;;;
12942.91802;0.036706484;;;;;;;;;;
12952.99731;0.036689203;;;;;;;;;;
12963.07256;0.036671872;;;;;;;;;;
12973.14376;0.036654493;;;;;;;;;;
12983.21091;0.036637063;;;;;;;;;;
12993.27402;0.036619584;;;;;;;;;;
13003.33307;0.036602055;;;;;;;;;;
13013.38807;3.66E-02;;;;;;;;;;
13022.81094;0.036567951;;;;;;;;;;
13032.85807;0.036550275;;;;;;;;;;
13042.90113;0.03653255;;;;;;;;;;
13052.94013;0.036514774;;;;;;;;;;
13062.97505;3.65E-02;;;;;;;;;;
13073.0059;0.03647907;;;;;;;;;;
13083.03267;0.036461143;;;;;;;;;;
13093.05536;3.64E-02;;;;;;;;;;
13103.07396;0.036425136;;;;;;;;;;
13113.08848;0.036407056;;;;;;;;;;
13123.09891;3.64E-02;;;;;;;;;;
13133.10525;0.036370744;;;;;;;;;;
13143.10748;0.036352512;;;;;;;;;;
13153.10562;0.036334228;;;;;;;;;;
13163.09966;0.036315893;;;;;;;;;;
13173.08959;3.63E-02;;;;;;;;;;
13183.07541;0.036279069;;;;;;;;;;
13193.05712;3.63E-02;;;;;;;;;;
13203.03471;0.036242039;;;;;;;;;;
13213.00818;0.036223447;;;;;;;;;;
13222.97754;3.62E-02;;;;;;;;;;
13232.94277;0.036186107;;;;;;;;;;
13242.90387;0.036167359;;;;;;;;;;
13252.86084;0.03614856;;;;;;;;;;
13262.81367;0.036129708;;;;;;;;;;
13272.76237;0.036110805;;;;;;;;;;
13282.70693;3.61E-02;;;;;;;;;;
13292.64735;3.61E-02;;;;;;;;;;
13303.20449;0.036052589;;;;;;;;;;
13313.13635;0.036033473;;;;;;;;;;
13323.06406;0.036014306;;;;;;;;;;
13332.98761;0.035995086;;;;;;;;;;
13342.90701;0.035975813;;;;;;;;;;
13352.82224;0.035956488;;;;;;;;;;
13362.7333;3.59E-02;;;;;;;;;;
13372.6402;3.59E-02;;;;;;;;;;
13383.16171;0.035896978;;;;;;;;;;
13393.06;0.03587744;;;;;;;;;;
13402.95411;0.035857848;;;;;;;;;;
13412.84404;3.58E-02;;;;;;;;;;
13422.72979;0.035818507;;;;;;;;;;
13432.61135;0.035798758;;;;;;;;;;
13443.10592;0.035777715;;;;;;;;;;
13452.97884;0.035757857;;;;;;;;;;
13462.84756;0.035737945;;;;;;;;;;
13472.71208;0.03571798;;;;;;;;;;
13482.5724;3.57E-02;;;;;;;;;;
13493.04438;0.035676635;;;;;;;;;;
13502.89602;0.035656507;;;;;;;;;;
13512.74345;0.035636327;;;;;;;;;;
13522.58666;0.035616093;;;;;;;;;;
13533.04045;0.035594536;;;;;;;;;;
13542.87496;0.035574192;;;;;;;;;;
13552.70525;0.035553795;;;;;;;;;;
13562.53131;3.55E-02;;;;;;;;;;
13572.96686;3.55E-02;;;;;;;;;;
13582.78419;0.035490998;;;;;;;;;;
13592.59728;0.035470384;;;;;;;;;;
13603.01905;0.035448424;;;;;;;;;;
13612.82339;0.0354277;;;;;;;;;;
13622.62349;0.035406923;;;;;;;;;;
13633.03144;0.035384788;;;;;;;;;;
13642.82277;0.0353639;;;;;;;;;;
13652.60985;3.53E-02;;;;;;;;;;
13663.00395;0.03532065;;;;;;;;;;
13672.78224;3.53E-02;;;;;;;;;;
13682.55626;0.035278493;;;;;;;;;;
13692.93648;3.53E-02;;;;;;;;;;
13702.7017;0.035234793;;;;;;;;;;
13712.46264;0.035213524;;;;;;;;;;
13722.82896;3.52E-02;;;;;;;;;;
13732.58108;3.52E-02;;;;;;;;;;
13742.93801;0.03514671;;;;;;;;;;
13752.68129;0.035125218;;;;;;;;;;
13762.42028;0.035103673;;;;;;;;;;
13772.76325;0.035080722;;;;;;;;;;
13782.49339;0.035059066;;;;;;;;;;
13792.82694;0.035035998;;;;;;;;;;
13802.5482;0.035014231;;;;;;;;;;
13812.87233;0.034991044;;;;;;;;;;
13822.58471;0.034969166;;;;;;;;;;
13832.89938;0.034945861;;;;;;;;;;
13842.60287;0.034923872;;;;;;;;;;
13852.30203;0.034901829;;;;;;;;;;
13862.60266;0.034878349;;;;;;;;;;
13872.29291;0.034856194;;;;;;;;;;
13882.58406;0.034832596;;;;;;;;;;
13892.26538;0.034810331;;;;;;;;;;
13902.54704;0.034786614;;;;;;;;;;
13912.8238;0.034762837;;;;;;;;;;
13922.49157;0.034740403;;;;;;;;;;
13932.75882;0.034716507;;;;;;;;;;
13942.41763;0.034693961;;;;;;;;;;
13952.67535;0.034669947;;;;;;;;;;
13962.32518;0.03464729;;;;;;;;;;
13972.57336;3.46E-02;;;;;;;;;;
13982.21421;0.034600389;;;;;;;;;;
13992.45284;0.034576138;;;;;;;;;;
14002.68653;0.034551826;;;;;;;;;;
14012.31374;0.034528889;;;;;;;;;;
14022.53787;0.034504458;;;;;;;;;;
14032.75705;0.034479967;;;;;;;;;;
14042.37059;0.03445686;;;;;;;;;;
14052.58018;0.03443225;;;;;;;;;;
14062.18469;0.034409031;;;;;;;;;;
14072.38467;3.44E-02;;;;;;;;;;
14082.57969;0.034359513;;;;;;;;;;
14092.17048;0.034336125;;;;;;;;;;
14102.35587;0.034311216;;;;;;;;;;
14112.5363;0.034286246;;;;;;;;;;
14122.71176;0.034261215;;;;;;;;;;
14132.28412;0.034237601;;;;;;;;;;
14142.44992;0.034212451;;;;;;;;;;
14152.61075;0.03418724;;;;;;;;;;
14162.16932;0.034163456;;;;;;;;;;
14172.32047;0.034138125;;;;;;;;;;
14182.46662;0.034112734;;;;;;;;;;
14192.60778;0.034087281;;;;;;;;;;
14202.14784;3.41E-02;;;;;;;;;;
14212.27929;0.034037698;;;;;;;;;;
14222.40574;0.034012065;;;;;;;;;;
14232.52718;0.033986371;;;;;;;;;;
14242.64362;3.40E-02;;;;;;;;;;
14252.16038;0.033936318;;;;;;;;;;
14262.26707;0.033910443;;;;;;;;;;
14272.36874;3.39E-02;;;;;;;;;;
14282.46538;0.033858508;;;;;;;;;;
14292.557;0.033832449;;;;;;;;;;
14302.05039;0.033807866;;;;;;;;;;
14312.13223;0.033781687;;;;;;;;;;
14322.20903;0.033755447;;;;;;;;;;
14332.28079;0.033729145;;;;;;;;;;
14342.3475;3.37E-02;;;;;;;;;;
14352.40916;3.37E-02;;;;;;;;;;
14362.46577;0.033649869;;;;;;;;;;
14372.51732;0.03362332;;;;;;;;;;
14381.97297;0.033598277;;;;;;;;;;
14392.0147;0.033571609;;;;;;;;;;
14402.05135;0.033544879;;;;;;;;;;
14412.08293;0.033518087;;;;;;;;;;
14422.10944;0.033491233;;;;;;;;;;
14432.13086;0.033464317;;;;;;;;;;
14442.14721;0.03343734;;;;;;;;;;
14452.15847;3.34E-02;;;;;;;;;;
14462.16464;0.033383199;;;;;;;;;;
14472.16572;0.033356036;;;;;;;;;;
14482.1617;0.03332881;;;;;;;;;;
14492.15258;0.033301523;;;;;;;;;;
14502.13836;0.033274173;;;;;;;;;;
14512.11904;0.033246762;;;;;;;;;;
14522.0946;0.033219288;;;;;;;;;;
14532.06505;3.32E-02;;;;;;;;;;
14542.03038;0.033164153;;;;;;;;;;
14551.99059;0.033136493;;;;;;;;;;
14561.94567;0.03310877;;;;;;;;;;
14571.89563;0.033080984;;;;;;;;;;
14582.42529;0.033051497;;;;;;;;;;
14592.36468;3.30E-02;;;;;;;;;;
14602.29893;0.032995606;;;;;;;;;;
14612.22804;0.032967567;;;;;;;;;;
14622.152;0.032939465;;;;;;;;;;
14632.07082;0.032911301;;;;;;;;;;
14641.98448;0.032883073;;;;;;;;;;
14651.89299;0.032854783;;;;;;;;;;
14661.79633;0.032826431;;;;;;;;;;
14672.2766;0.032796341;;;;;;;;;;
14682.16932;0.032767859;;;;;;;;;;
14692.05686;0.032739313;;;;;;;;;;
14701.93923;0.032710705;;;;;;;;;;
14711.81642;0.032682033;;;;;;;;;;
14722.26898;0.032651606;;;;;;;;;;
14732.1355;0.032622804;;;;;;;;;;
14741.99684;0.032593938;;;;;;;;;;
14751.85298;0.03256501;;;;;;;;;;
14762.28324;0.03253431;;;;;;;;;;
14772.12868;0.03250525;;;;;;;;;;
14781.96893;0.032476127;;;;;;;;;;
14791.80396;0.03244694;;;;;;;;;;
14802.21186;0.032415966;;;;;;;;;;
14812.03617;0.032386648;;;;;;;;;;
14821.85526;0.032357265;;;;;;;;;;
14832.24626;0.032326085;;;;;;;;;;
14842.0546;0.03229657;;;;;;;;;;
14851.85772;0.032266991;;;;;;;;;;
14862.2318;0.032235603;;;;;;;;;;
14872.02414;0.032205892;;;;;;;;;;
14881.81125;0.032176116;;;;;;;;;;
14892.16836;0.032144518;;;;;;;;;;
14901.94468;3.21E-02;;;;;;;;;;
14911.71575;0.032084636;;;;;;;;;;
14922.05587;0.032052829;;;;;;;;;;
14931.81612;0.032022722;;;;;;;;;;
14942.14478;0.031990772;;;;;;;;;;
14951.89421;0.031960531;;;;;;;;;;
14961.63837;0.031930225;;;;;;;;;;
14971.94997;0.031898064;;;;;;;;;;
14981.68328;0.031867623;;;;;;;;;;
14991.98339;0.031835319;;;;;;;;;;
15001.70583;0.031804743;;;;;;;;;;
15011.99443;0.031772296;;;;;;;;;;
15021.70599;0.031741584;;;;;;;;;;
15031.98306;0.031708993;;;;;;;;;;
15041.68373;0.031678145;;;;;;;;;;
15051.94926;0.031645409;;;;;;;;;;
15061.63902;0.031614424;;;;;;;;;;
15071.89299;0.031581544;;;;;;;;;;
15081.57183;0.031550422;;;;;;;;;;
15091.81422;0.031517396;;;;;;;;;;
15102.05066;0.031484295;;;;;;;;;;
15111.71293;0.031452964;;;;;;;;;;
15121.93777;0.031419717;;;;;;;;;;
15131.58908;0.031388247;;;;;;;;;;
15141.8023;0.031354853;;;;;;;;;;
15152.00955;3.13E-02;;;;;;;;;;
15161.64424;0.031289702;;;;;;;;;;
15171.83986;0.031256083;;;;;;;;;;
15182.02948;0.031222389;;;;;;;;;;
15191.64751;3.12E-02;;;;;;;;;;
15201.82548;0.031156652;;;;;;;;;;
15211.99745;0.031122731;;;;;;;;;;
15221.59879;0.031090624;;;;;;;;;;
15231.75907;0.031056554;;;;;;;;;;
15241.91334;0.031022406;;;;;;;;;;
15251.49796;0.030990083;;;;;;;;;;
15261.64053;0.030955784;;;;;;;;;;
15271.77707;0.030921407;;;;;;;;;;
15281.90759;0.030886952;;;;;;;;;;
15291.46975;0.030854338;;;;;;;;;;
15301.58853;0.03081973;;;;;;;;;;
15311.70127;0.030785043;;;;;;;;;;
15321.80796;0.030750277;;;;;;;;;;
15331.90861;3.07E-02;;;;;;;;;;
15341.44255;0.03068245;;;;;;;;;;
15351.53142;3.06E-02;;;;;;;;;;
15361.61423;0.03061237;;;;;;;;;;
15371.69098;0.03057721;;;;;;;;;;
15381.76165;0.03054197;;;;;;;;;;
15391.82626;0.030506649;;;;;;;;;;
15401.88479;0.030471248;;;;;;;;;;
15411.37893;0.030437739;;;;;;;;;;
15421.42563;0.03040218;;;;;;;;;;
15431.46624;0.030366539;;;;;;;;;;
15441.50077;0.030330816;;;;;;;;;;
15451.52919;0.030295012;;;;;;;;;;
15461.55152;0.030259125;;;;;;;;;;
15471.56774;0.030223156;;;;;;;;;;
15481.57785;0.030187104;;;;;;;;;;
15491.58185;0.03015097;;;;;;;;;;
15501.57974;0.030114752;;;;;;;;;;
15511.57151;0.03007845;;;;;;;;;;
15521.55715;0.030042065;;;;;;;;;;
15531.53666;0.030005596;;;;;;;;;;
15541.51005;0.029969042;;;;;;;;;;
15551.4773;0.029932404;;;;;;;;;;
15561.4384;0.029895681;;;;;;;;;;
15571.39337;2.99E-02;;;;;;;;;;
15581.34219;0.02982198;;;;;;;;;;
15591.28485;0.029785;;;;;;;;;;
15601.77321;2.97E-02;;;;;;;;;;
15611.70322;2.97E-02;;;;;;;;;;
15621.62707;0.029671475;;;;;;;;;;
15631.54475;0.029634145;;;;;;;;;;
15641.45626;0.029596728;;;;;;;;;;
15651.36159;0.033073208;;;;;;;;;;
15661.26074;0.033057821;;;;;;;;;;
15671.70314;0.033041563;;;;;;;;;;
15681.58959;0.033026146;;;;;;;;;;
15691.46984;0.033010713;;;;;;;;;;
15701.34389;0.032995264;;;;;;;;;;
15711.21175;0.032979797;;;;;;;;;;
15721.62109;0.032963452;;;;;;;;;;
15731.47619;0.032947948;;;;;;;;;;
15741.32509;0.032932425;;;;;;;;;;
15751.16776;0.032916882;;;;;;;;;;
15761.55051;0.032900453;;;;;;;;;;
15771.3804;0.032884866;;;;;;;;;;
15781.20407;0.032869258;;;;;;;;;;
15791.56673;0.032852757;;;;;;;;;;
15801.37759;0.0328371;;;;;;;;;;
15811.1822;0.032821419;;;;;;;;;;
15821.52475;3.28E-02;;;;;;;;;;
15831.31653;0.032789105;;;;;;;;;;
15841.10206;0.032773345;;;;;;;;;;
15851.42445;3.28E-02;;;;;;;;;;
15861.19712;0.029244021;;;;;;;;;;
15871.50593;2.93E-02;;;;;;;;;;
15881.26572;0.029260192;;;;;;;;;;
15891.56093;0.029268553;;;;;;;;;;
15901.30784;0.029276508;;;;;;;;;;
15911.04846;0.029284495;;;;;;;;;;
15921.32342;0.029292959;;;;;;;;;;
15931.05113;0.029301007;;;;;;;;;;
15941.31245;0.029309533;;;;;;;;;;
15951.02723;0.029317638;;;;;;;;;;
15961.27489;0.029326221;;;;;;;;;;
15971.51552;0.029334831;;;;;;;;;;
15981.2107;0.029343012;;;;;;;;;;
15991.43765;0.02935167;;;;;;;;;;
16001.11985;0.029359894;;;;;;;;;;
16011.3331;0.029368596;;;;;;;;;;
16021.00231;0.029376858;;;;;;;;;;
16031.20184;0.029385596;;;;;;;;;;
16041.39432;0.029394352;;;;;;;;;;
16051.04385;0.029402662;;;;;;;;;;
16061.22258;0.029411446;;;;;;;;;;
16071.39425;0.029420243;;;;;;;;;;
16081.02405;0.029428587;;;;;;;;;;
16091.18194;0.029437404;;;;;;;;;;
16101.33276;0.029446229;;;;;;;;;;
16110.9428;0.029454596;;;;;;;;;;
16121.07982;0.029463432;;;;;;;;;;
16131.20975;0.029472271;;;;;;;;;;
16141.33259;0.029481113;;;;;;;;;;
16150.9161;0.029489489;;;;;;;;;;
16161.0251;0.02949833;;;;;;;;;;
16171.127;0.029507167;;;;;;;;;;
16181.22179;0.029516001;;;;;;;;;;
16191.30945;0.029524828;;;;;;;;;;
16200.85962;0.029533184;;;;;;;;;;
16210.93342;0.029541995;;;;;;;;;;
16221.00008;0.029550796;;;;;;;;;;
16231.05961;0.029559584;;;;;;;;;;
16241.11199;0.029568359;;;;;;;;;;
16251.15724;0.029577118;;;;;;;;;;
16261.19534;0.029585859;;;;;;;;;;
16271.22628;0.029594582;;;;;;;;;;
16281.25007;2.96E-02;;;;;;;;;;
16291.26669;0.029611965;;;;;;;;;;
16301.27615;0.029620621;;;;;;;;;;
16311.27844;0.029629252;;;;;;;;;;
16321.27355;0.029637856;;;;;;;;;;
16331.26148;0.029646431;;;;;;;;;;
16341.24224;0.029654976;;;;;;;;;;
16351.2158;0.029663488;;;;;;;;;;
16361.18217;0.029671967;;;;;;;;;;
16371.14134;0.02968041;;;;;;;;;;
16381.09331;0.029688816;;;;;;;;;;
16391.03808;0.029697183;;;;;;;;;;
16400.97564;0.029705509;;;;;;;;;;
16410.90598;0.029713793;;;;;;;;;;
16420.82911;0.029722032;;;;;;;;;;
16430.74501;0.029730226;;;;;;;;;;
16441.17499;0.0297388;;;;;;;;;;
16451.07605;0.029746894;;;;;;;;;;
16460.96988;0.029754937;;;;;;;;;;
16470.85646;0.029762928;;;;;;;;;;
16480.7358;0.029770863;;;;;;;;;;
16491.12727;0.029779156;;;;;;;;;;
16500.99173;0.029786973;;;;;;;;;;
16510.84892;2.98E-02;;;;;;;;;;
16520.69886;0.029802427;;;;;;;;;;
16531.05936;0.029810459;;;;;;;;;;
16540.89437;2.98E-02;;;;;;;;;;
16550.72211;0.029825519;;;;;;;;;;
16561.05923;0.029833335;;;;;;;;;;
16570.87202;0.029840688;;;;;;;;;;
16580.67752;0.029847967;;;;;;;;;;
16590.99122;0.029855549;;;;;;;;;;
16600.78174;0.029862674;;;;;;;;;;
16611.07967;0.029870089;;;;;;;;;;
16620.8552;0.029877051;;;;;;;;;;
16630.62342;0.029883931;;;;;;;;;;
16640.89785;0.029891082;;;;;;;;;;
16650.65105;0.029897787;;;;;;;;;;
16660.90967;0.029904751;;;;;;;;;;
16671.13763;0.029911601;;;;;;;;;;
16682.05671;0.029918807;;;;;;;;;;
16690.24581;0.029924139;;;;;;;;;;
16701.16432;0.029931147;;;;;;;;;;
16712.0825;0.029938038;;;;;;;;;;
16720.27093;0.029943128;;;;;;;;;;
16731.18854;0.029949807;;;;;;;;;;
16742.10583;0.02995636;;;;;;;;;;
16750.29359;3.00E-02;;;;;;;;;;
16761.2103;0.029967517;;;;;;;;;;
16772.12669;0.02997371;;;;;;;;;;
16780.31377;0.029978265;;;;;;;;;;
16791.22959;0.029984216;;;;;;;;;;
16799.41624;0.029988586;;;;;;;;;;
16810.33149;3.00E-02;;;;;;;;;;
16821.2464;0.029999839;;;;;;;;;;
16829.43238;0.030003905;;;;;;;;;;
16840.34672;0.030009191;;;;;;;;;;
16851.26074;0.030014321;;;;;;;;;;
16859.44603;0.030018064;;;;;;;;;;
16870.35947;3.00E-02;;;;;;;;;;
16881.27258;3.00E-02;;;;;;;;;;
16889.4572;0.030030998;;;;;;;;;;
16900.36974;0.030035384;;;;;;;;;;
16911.28194;3.00E-02;;;;;;;;;;
16919.46588;0.030042637;;;;;;;;;;
16930.37751;0.030046535;;;;;;;;;;
16941.28881;0.03005025;;;;;;;;;;
16949.47207;0.030052913;;;;;;;;;;
16960.38279;0.030056298;;;;;;;;;;
16971.29318;0.03005949;;;;;;;;;;
16979.47575;3.01E-02;;;;;;;;;;
16990.38556;3.01E-02;;;;;;;;;;
17001.29504;0.030067243;;;;;;;;;;
17009.47693;3.01E-02;;;;;;;;;;
17020.38583;3.01E-02;;;;;;;;;;
17031.2944;3.01E-02;;;;;;;;;;
17039.47561;0.030074845;;;;;;;;;;
17050.3836;0.030076532;;;;;;;;;;
17061.29125;0.030077996;;;;;;;;;;
17069.47177;0.030078946;;;;;;;;;;
17080.37884;3.01E-02;;;;;;;;;;
17091.28558;0.030080846;;;;;;;;;;
17099.46542;0.030081317;;;;;;;;;;
17110.37157;0.030081735;;;;;;;;;;
17121.27739;3.01E-02;;;;;;;;;;
17129.45654;3.01E-02;;;;;;;;;;
17140.36178;0.030081621;;;;;;;;;;
17151.26668;0.030081109;;;;;;;;;;
17159.44514;0.030080556;;;;;;;;;;
17170.34946;0.030079592;;;;;;;;;;
17181.25344;0.030078363;;;;;;;;;;
17189.43121;3.01E-02;;;;;;;;;;
17200.33461;0.030075567;;;;;;;;;;
17211.23767;0.030073592;;;;;;;;;;
17219.41475;0.030071929;;;;;;;;;;
17230.31722;3.01E-02;;;;;;;;;;
17241.21936;3.01E-02;;;;;;;;;;
17249.39574;0.03006446;;;;;;;;;;
17260.29729;0.030061199;;;;;;;;;;
17271.19851;0.030057642;;;;;;;;;;
17279.3742;0.030054776;;;;;;;;;;
17290.27482;0.030050689;;;;;;;;;;
17301.17511;0.030046293;;;;;;;;;;
17309.3501;3.00E-02;;;;;;;;;;
17320.2498;0.030037846;;;;;;;;;;
17331.14916;0.03003258;;;;;;;;;;
17339.32345;0.030028419;;;;;;;;;;
17350.22222;0.030022583;;;;;;;;;;
17361.12065;0.030016415;;;;;;;;;;
17369.29425;0.030011569;;;;;;;;;;
17380.19209;0.030004811;;;;;;;;;;
17391.08959;0.029997709;;;;;;;;;;
17399.26249;0.029992154;;;;;;;;;;
17410.15939;3.00E-02;;;;;;;;;;
17421.05596;3.00E-02;;;;;;;;;;
17429.22816;3.00E-02;;;;;;;;;;
17440.12413;0.029961375;;;;;;;;;;
17451.01976;0.029952303;;;;;;;;;;
17459.19126;0.029945254;;;;;;;;;;
17470.0863;0.029935526;;;;;;;;;;
17480.98099;0.029925418;;;;;;;;;;
17489.15179;0.029917583;;;;;;;;;;
17500.04589;0.029906797;;;;;;;;;;
17510.93964;0.029895617;;;;;;;;;;
17519.10974;0.02988697;;;;;;;;;;
17530.0029;0.02987509;;;;;;;;;;
17540.89571;2.99E-02;;;;;;;;;;
17549.0651;0.029853318;;;;;;;;;;
17559.95732;0.029840308;;;;;;;;;;
17570.8492;0.029826879;;;;;;;;;;
17579.01788;2.98E-02;;;;;;;;;;
17589.90916;0.029802352;;;;;;;;;;
17600.80009;0.029787742;;;;;;;;;;
17608.96807;0.029776498;;;;;;;;;;
17619.8584;0.029761119;;;;;;;;;;
17630.74839;0.029745293;;;;;;;;;;
17638.91566;0.029733127;;;;;;;;;;
17649.80505;0.029716507;;;;;;;;;;
17660.69409;0.029699427;;;;;;;;;;
17668.86065;0.029686311;;;;;;;;;;
17679.74909;2.97E-02;;;;;;;;;;
17690.63719;0.029650039;;;;;;;;;;
17701.52494;0.029631186;;;;;;;;;;
17709.69053;0.029616728;;;;;;;;;;
17720.57768;0.029597023;;;;;;;;;;
17731.46448;0.029576824;;;;;;;;;;
17739.62935;2.96E-02;;;;;;;;;;
17750.51555;0.02954027;;;;;;;;;;
17761.4014;2.95E-02;;;;;;;;;;
17769.56556;0.02950216;;;;;;;;;;
17780.45081;0.029479672;;;;;;;;;;
17791.33571;0.02945666;;;;;;;;;;
17799.49915;0.029439055;;;;;;;;;;
17810.38345;2.94E-02;;;;;;;;;;
17821.26739;0.029390637;;;;;;;;;;
17829.43012;0.029371921;;;;;;;;;;
17840.31346;2.93E-02;;;;;;;;;;
17851.19644;2.93E-02;;;;;;;;;;
17859.35846;2.93E-02;;;;;;;;;;
17870.24084;0.029273675;;;;;;;;;;
17881.12287;2.92E-02;;;;;;;;;;
17889.28416;0.029225107;;;;;;;;;;
17900.16558;0.02919656;;;;;;;;;;
17911.04665;0.029167428;;;;;;;;;;
17919.20723;2.91E-02;;;;;;;;;;
17930.08769;0.029115024;;;;;;;;;;
17940.9678;0.029084256;;;;;;;;;;
17949.12765;0.029060782;;;;;;;;;;
17960.00715;2.91E-02;;;;;;;;;;
17970.8863;2.92E-02;;;;;;;;;;
17979.04543;2.92E-02;;;;;;;;;;
17989.92397;0.02931999;;;;;;;;;;
18000.80215;2.94E-02;;;;;;;;;;
;;;;;;;;;;;
;;;;;;;;;;;
;;;;;;;;;;;
;;;;;;;;;;;
;;;;;;;;;;;
;;;;;;;;;;;
;;;;;;;;;;;
;;;;;;;;;;;
;;;;;;;;;;;
;;;;;;;;;;;
;;;;;;;;;;;
;;;;;;;;;;;
;;;;;;;;;;;
;;;;;;;;;;;
;;;;;;;;;;;
;;;;;;;;;;;
;;;;;;;;;;;
;;;;;;;;;;;
;;;;;;;;;;;
;;;;;;;;;;;
;;;;;;;;;;;
;;;;;;;;;;;
;;;;;;;;;;;
;;;;;;;;;;;
;;;;;;;;;;;
;;;;;;;;;;;
;;;;;;;;;;;
;;;;;;;;;;;
;;;;;;;;;;;
;;;;;;;;;;;
;;;;;;;;;;;
;;;;;;;;;;;
;;;;;;;;;;;
;;;;;;;;;;;
;;;;;;;;;;;
;;;;;;;;;;;
;;;;;;;;;;;
;;;;;;;;;;;
;;;;;;;;;;;
;;;;;;;;;;;
;;;;;;;;;;;
;;;;;;;;;;;
;;;;;;;;;;;
;;;;;;;;;;;
;;;;;;;;;;;
;;;;;;;;;;;
;;;;;;;;;;;
;;;;;;;;;;;
;;;;;;;;;;;
;;;;;;;;;;;
;;;;;;;;;;;
;;;;;;;;;;;
;;;;;;;;;;;
;;;;;;;;;;;
;;;;;;;;;;;
;;;;;;;;;;;
;;;;;;;;;;;
;;;;;;;;;;;
;;;;;;;;;;;
;;;;;;;;;;;
;;;;;;;;;;;
;;;;;;;;;;;
;;;;;;;;;;;
;;;;;;;;;;;
;;;;;;;;;;;
;;;;;;;;;;;
;;;;;;;;;;;
;;;;;;;;;;;
;;;;;;;;;;;
;;;;;;;;;;;
;;;;;;;;;;;
;;;;;;;;;;;
;;;;;;;;;;;
;;;;;;;;;;;
;;;;;;;;;;;
;;;;;;;;;;;
;;;;;;;;;;;
;;;;;;;;;;;
;;;;;;;;;;;
;;;;;;;;;;;
;;;;;;;;;;;
;;;;;;;;;;;
;;;;;;;;;;;
;;;;;;;;;;;
;;;;;;;;;;;
;;;;;;;;;;;
;;;;;;;;;;;
;;;;;;;;;;;
;;;;;;;;;;;
;;;;;;;;;;;
;;;;;;;;;;;
;;;;;;;;;;;
;;;;;;;;;;;
;;;;;;;;;;;
;;;;;;;;;;;
;;;;;;;;;;;
;;;;;;;;;;;
;;;;;;;;;;;
;;;;;;;;;;;
;;;;;;;;;;;
;;;;;;;;;;;
;;;;;;;;;;;
;;;;;;;;;;;
;;;;;;;;;;;
;;;;;;;;;;;
;;;;;;;;;;;
;;;;;;;;;;;
;;;;;;;;;;;
;;;;;;;;;;;
;;;;;;;;;;;
;;;;;;;;;;;
;;;;;;;;;;;
;;;;;;;;;;;
;;;;;;;;;;;
;;;;;;;;;;;
;;;;;;;;;;;
;;;;;;;;;;;
;;;;;;;;;;;
;;;;;;;;;;;
;;;;;;;;;;;
;;;;;;;;;;;
;;;;;;;;;;;
;;;;;;;;;;;
;;;;;;;;;;;
;;;;;;;;;;;
;;;;;;;;;;;
;;;;;;;;;;;
;;;;;;;;;;;
;;;;;;;;;;;
;;;;;;;;;;;
;;;;;;;;;;;
;;;;;;;;;;;
;;;;;;;;;;;
;;;;;;;;;;;
;;;;;;;;;;;
;;;;;;;;;;;
;;;;;;;;;;;
;;;;;;;;;;;
;;;;;;;;;;;
;;;;;;;;;;;
;;;;;;;;;;;
;;;;;;;;;;;
;;;;;;;;;;;
;;;;;;;;;;;
;;;;;;;;;;;
;;;;;;;;;;;
;;;;;;;;;;;
;;;;;;;;;;;
;;;;;;;;;;;
;;;;;;;;;;;
;;;;;;;;;;;
;;;;;;;;;;;
;;;;;;;;;;;
;;;;;;;;;;;
;;;;;;;;;;;
;;;;;;;;;;;
;;;;;;;;;;;
;;;;;;;;;;;
;;;;;;;;;;;
;;;;;;;;;;;
;;;;;;;;;;;
;;;;;;;;;;;
;;;;;;;;;;;
;;;;;;;;;;;
;;;;;;;;;;;
;;;;;;;;;;;
;;;;;;;;;;;
;;;;;;;;;;;
;;;;;;;;;;;
;;;;;;;;;;;
;;;;;;;;;;;
;;;;;;;;;;;
;;;;;;;;;;;
;;;;;;;;;;;
;;;;;;;;;;;
;;;;;;;;;;;
;;;;;;;;;;;
;;;;;;;;;;;
;;;;;;;;;;;
;;;;;;;;;;;
;;;;;;;;;;;
;;;;;;;;;;;
;;;;;;;;;;;
;;;;;;;;;;;
;;;;;;;;;;;
;;;;;;;;;;;
;;;;;;;;;;;
;;;;;;;;;;;
;;;;;;;;;;;
;;;;;;;;;;;
;;;;;;;;;;;
;;;;;;;;;;;
;;;;;;;;;;;
;;;;;;;;;;;
;;;;;;;;;;;
;;;;;;;;;;;
;;;;;;;;;;;
;;;;;;;;;;;
;;;;;;;;;;;
;;;;;;;;;;;
;;;;;;;;;;;
;;;;;;;;;;;
;;;;;;;;;;;
;;;;;;;;;;;
;;;;;;;;;;;
;;;;;;;;;;;
;;;;;;;;;;;
;;;;;;;;;;;
;;;;;;;;;;;
;;;;;;;;;;;
;;;;;;;;;;;
;;;;;;;;;;;
;;;;;;;;;;;
;;;;;;;;;;;
;;;;;;;;;;;
;;;;;;;;;;;
;;;;;;;;;;;
;;;;;;;;;;;
;;;;;;;;;;;
;;;;;;;;;;;
;;;;;;;;;;;
;;;;;;;;;;;
;;;;;;;;;;;
;;;;;;;;;;;
;;;;;;;;;;;
;;;;;;;;;;;
;;;;;;;;;;;
;;;;;;;;;;;
;;;;;;;;;;;
;;;;;;;;;;;
;;;;;;;;;;;
;;;;;;;;;;;
;;;;;;;;;;;
;;;;;;;;;;;
;;;;;;;;;;;
;;;;;;;;;;;
;;;;;;;;;;;
;;;;;;;;;;;
;;;;;;;;;;;
;;;;;;;;;;;
;;;;;;;;;;;
;;;;;;;;;;;
;;;;;;;;;;;
;;;;;;;;;;;
;;;;;;;;;;;
;;;;;;;;;;;
;;;;;;;;;;;
;;;;;;;;;;;
;;;;;;;;;;;
;;;;;;;;;;;
;;;;;;;;;;;
;;;;;;;;;;;
;;;;;;;;;;;
;;;;;;;;;;;
;;;;;;;;;;;
;;;;;;;;;;;
;;;;;;;;;;;
;;;;;;;;;;;
;;;;;;;;;;;
;;;;;;;;;;;
;;;;;;;;;;;
;;;;;;;;;;;
;;;;;;;;;;;
;;;;;;;;;;;
;;;;;;;;;;;
;;;;;;;;;;;
;;;;;;;;;;;
;;;;;;;;;;;
;;;;;;;;;;;
;;;;;;;;;;;
;;;;;;;;;;;
;;;;;;;;;;;
;;;;;;;;;;;
;;;;;;;;;;;
;;;;;;;;;;;
;;;;;;;;;;;
;;;;;;;;;;;
;;;;;;;;;;;
;;;;;;;;;;;
;;;;;;;;;;;
;;;;;;;;;;;
;;;;;;;;;;;
;;;;;;;;;;;
;;;;;;;;;;;
;;;;;;;;;;;
;;;;;;;;;;;
;;;;;;;;;;;
;;;;;;;;;;;
;;;;;;;;;;;
;;;;;;;;;;;
;;;;;;;;;;;
;;;;;;;;;;;
;;;;;;;;;;;
;;;;;;;;;;;
;;;;;;;;;;;
;;;;;;;;;;;
;;;;;;;;;;;
;;;;;;;;;;;
;;;;;;;;;;;
;;;;;;;;;;;
;;;;;;;;;;;
;;;;;;;;;;;
;;;;;;;;;;;
;;;;;;;;;;;
;;;;;;;;;;;
;;;;;;;;;;;
;;;;;;;;;;;
;;;;;;;;;;;
;;;;;;;;;;;
;;;;;;;;;;;
;;;;;;;;;;;
;;;;;;;;;;;
;;;;;;;;;;;
;;;;;;;;;;;
;;;;;;;;;;;
;;;;;;;;;;;
;;;;;;;;;;;
;;;;;;;;;;;
;;;;;;;;;;;
;;;;;;;;;;;
;;;;;;;;;;;
;;;;;;;;;;;
;;;;;;;;;;;
;;;;;;;;;;;
;;;;;;;;;;;
;;;;;;;;;;;
;;;;;;;;;;;
;;;;;;;;;;;
;;;;;;;;;;;
;;;;;;;;;;;
;;;;;;;;;;;
;;;;;;;;;;;
;;;;;;;;;;;
;;;;;;;;;;;
;;;;;;;;;;;
;;;;;;;;;;;
;;;;;;;;;;;
;;;;;;;;;;;
;;;;;;;;;;;
;;;;;;;;;;;
;;;;;;;;;;;
;;;;;;;;;;;
;;;;;;;;;;;
;;;;;;;;;;;
;;;;;;;;;;;
;;;;;;;;;;;
;;;;;;;;;;;
;;;;;;;;;;;
;;;;;;;;;;;
;;;;;;;;;;;
;;;;;;;;;;;
;;;;;;;;;;;
;;;;;;;;;;;
;;;;;;;;;;;
;;;;;;;;;;;
;;;;;;;;;;;
;;;;;;;;;;;
;;;;;;;;;;;
;;;;;;;;;;;
;;;;;;;;;;;
;;;;;;;;;;;
;;;;;;;;;;;
;;;;;;;;;;;
;;;;;;;;;;;
;;;;;;;;;;;
;;;;;;;;;;;
;;;;;;;;;;;
;;;;;;;;;;;
;;;;;;;;;;;
;;;;;;;;;;;
;;;;;;;;;;;
;;;;;;;;;;;
;;;;;;;;;;;
;;;;;;;;;;;
;;;;;;;;;;;
;;;;;;;;;;;
;;;;;;;;;;;
;;;;;;;;;;;
;;;;;;;;;;;
;;;;;;;;;;;
;;;;;;;;;;;
;;;;;;;;;;;
;;;;;;;;;;;
;;;;;;;;;;;
;;;;;;;;;;;
;;;;;;;;;;;
;;;;;;;;;;;
;;;;;;;;;;;
;;;;;;;;;;;
;;;;;;;;;;;
;;;;;;;;;;;
;;;;;;;;;;;
;;;;;;;;;;;
;;;;;;;;;;;
;;;;;;;;;;;
;;;;;;;;;;;
;;;;;;;;;;;
;;;;;;;;;;;
;;;;;;;;;;;
;;;;;;;;;;;
;;;;;;;;;;;
;;;;;;;;;;;
;;;;;;;;;;;
;;;;;;;;;;;
;;;;;;;;;;;
;;;;;;;;;;;
;;;;;;;;;;;
;;;;;;;;;;;
;;;;;;;;;;;
;;;;;;;;;;;
;;;;;;;;;;;
;;;;;;;;;;;
;;;;;;;;;;;
;;;;;;;;;;;
;;;;;;;;;;;
;;;;;;;;;;;
;;;;;;;;;;;
;;;;;;;;;;;
;;;;;;;;;;;
;;;;;;;;;;;
;;;;;;;;;;;
;;;;;;;;;;;
;;;;;;;;;;;
;;;;;;;;;;;
;;;;;;;;;;;
;;;;;;;;;;;
;;;;;;;;;;;
;;;;;;;;;;;
;;;;;;;;;;;
;;;;;;;;;;;
;;;;;;;;;;;
;;;;;;;;;;;
;;;;;;;;;;;
;;;;;;;;;;;
;;;;;;;;;;;
;;;;;;;;;;;
;;;;;;;;;;;
;;;;;;;;;;;
;;;;;;;;;;;
;;;;;;;;;;;
;;;;;;;;;;;
;;;;;;;;;;;
;;;;;;;;;;;
;;;;;;;;;;;
;;;;;;;;;;;
;;;;;;;;;;;
;;;;;;;;;;;
;;;;;;;;;;;
;;;;;;;;;;;
;;;;;;;;;;;
;;;;;;;;;;;
;;;;;;;;;;;
;;;;;;;;;;;
;;;;;;;;;;;
;;;;;;;;;;;
;;;;;;;;;;;
;;;;;;;;;;;
;;;;;;;;;;;
;;;;;;;;;;;
;;;;;;;;;;;
;;;;;;;;;;;
;;;;;;;;;;;
;;;;;;;;;;;
;;;;;;;;;;;
;;;;;;;;;;;
;;;;;;;;;;;
;;;;;;;;;;;
;;;;;;;;;;;
;;;;;;;;;;;
;;;;;;;;;;;
;;;;;;;;;;;
;;;;;;;;;;;
;;;;;;;;;;;
;;;;;;;;;;;
;;;;;;;;;;;
;;;;;;;;;;;
;;;;;;;;;;;
;;;;;;;;;;;
;;;;;;;;;;;
;;;;;;;;;;;
;;;;;;;;;;;
;;;;;;;;;;;
;;;;;;;;;;;
;;;;;;;;;;;
;;;;;;;;;;;
;;;;;;;;;;;
;;;;;;;;;;;
;;;;;;;;;;;
;;;;;;;;;;;
;;;;;;;;;;;
;;;;;;;;;;;
;;;;;;;;;;;
;;;;;;;;;;;
;;;;;;;;;;;
;;;;;;;;;;;
;;;;;;;;;;;
;;;;;;;;;;;
;;;;;;;;;;;
;;;;;;;;;;;
;;;;;;;;;;;
;;;;;;;;;;;
;;;;;;;;;;;
;;;;;;;;;;;
;;;;;;;;;;;
;;;;;;;;;;;
;;;;;;;;;;;
;;;;;;;;;;;
;;;;;;;;;;;
;;;;;;;;;;;
;;;;;;;;;;;
;;;;;;;;;;;
;;;;;;;;;;;
;;;;;;;;;;;
;;;;;;;;;;;
;;;;;;;;;;;
;;;;;;;;;;;
;;;;;;;;;;;
;;;;;;;;;;;
;;;;;;;;;;;
;;;;;;;;;;;
;;;;;;;;;;;
;;;;;;;;;;;
;;;;;;;;;;;
;;;;;;;;;;;
;;;;;;;;;;;
;;;;;;;;;;;
;;;;;;;;;;;
;;;;;;;;;;;
;;;;;;;;;;;
;;;;;;;;;;;
;;;;;;;;;;;
;;;;;;;;;;;
;;;;;;;;;;;
;;;;;;;;;;;
;;;;;;;;;;;
;;;;;;;;;;;
;;;;;;;;;;;
;;;;;;;;;;;
;;;;;;;;;;;
;;;;;;;;;;;
;;;;;;;;;;;
;;;;;;;;;;;
;;;;;;;;;;;
;;;;;;;;;;;
;;;;;;;;;;;
;;;;;;;;;;;
;;;;;;;;;;;
;;;;;;;;;;;
;;;;;;;;;;;
;;;;;;;;;;;
;;;;;;;;;;;
;;;;;;;;;;;
;;;;;;;;;;;
;;;;;;;;;;;
;;;;;;;;;;;
;;;;;;;;;;;
;;;;;;;;;;;
;;;;;;;;;;;
;;;;;;;;;;;
;;;;;;;;;;;
;;;;;;;;;;;
;;;;;;;;;;;
;;;;;;;;;;;
;;;;;;;;;;;
;;;;;;;;;;;
;;;;;;;;;;;
;;;;;;;;;;;
;;;;;;;;;;;
;;;;;;;;;;;
;;;;;;;;;;;
;;;;;;;;;;;
;;;;;;;;;;;
;;;;;;;;;;;
;;;;;;;;;;;
;;;;;;;;;;;
;;;;;;;;;;;
;;;;;;;;;;;
;;;;;;;;;;;
;;;;;;;;;;;
;;;;;;;;;;;
;;;;;;;;;;;
;;;;;;;;;;;
;;;;;;;;;;;
;;;;;;;;;;;
;;;;;;;;;;;
;;;;;;;;;;;
;;;;;;;;;;;
;;;;;;;;;;;
;;;;;;;;;;;
;;;;;;;;;;;
;;;;;;;;;;;
;;;;;;;;;;;
;;;;;;;;;;;
;;;;;;;;;;;
;;;;;;;;;;;
;;;;;;;;;;;
;;;;;;;;;;;
;;;;;;;;;;;
;;;;;;;;;;;
;;;;;;;;;;;
;;;;;;;;;;;
;;;;;;;;;;;
;;;;;;;;;;;
;;;;;;;;;;;
;;;;;;;;;;;
;;;;;;;;;;;
;;;;;;;;;;;
;;;;;;;;;;;
;;;;;;;;;;;
;;;;;;;;;;;
;;;;;;;;;;;
;;;;;;;;;;;
;;;;;;;;;;;
;;;;;;;;;;;
;;;;;;;;;;;
;;;;;;;;;;;
;;;;;;;;;;;
;;;;;;;;;;;
;;;;;;;;;;;
;;;;;;;;;;;
;;;;;;;;;;;
;;;;;;;;;;;
;;;;;;;;;;;
;;;;;;;;;;;
;;;;;;;;;;;
;;;;;;;;;;;
;;;;;;;;;;;
;;;;;;;;;;;
;;;;;;;;;;;
;;;;;;;;;;;
;;;;;;;;;;;
;;;;;;;;;;;
;;;;;;;;;;;
;;;;;;;;;;;
;;;;;;;;;;;
;;;;;;;;;;;
;;;;;;;;;;;
;;;;;;;;;;;
;;;;;;;;;;;
;;;;;;;;;;;
;;;;;;;;;;;
;;;;;;;;;;;
;;;;;;;;;;;
;;;;;;;;;;;
;;;;;;;;;;;
;;;;;;;;;;;
;;;;;;;;;;;
;;;;;;;;;;;
;;;;;;;;;;;
;;;;;;;;;;;
;;;;;;;;;;;
;;;;;;;;;;;
;;;;;;;;;;;
;;;;;;;;;;;
;;;;;;;;;;;
;;;;;;;;;;;
;;;;;;;;;;;
;;;;;;;;;;;
;;;;;;;;;;;
;;;;;;;;;;;
;;;;;;;;;;;
;;;;;;;;;;;
;;;;;;;;;;;
;;;;;;;;;;;
;;;;;;;;;;;
;;;;;;;;;;;
;;;;;;;;;;;
;;;;;;;;;;;
;;;;;;;;;;;
;;;;;;;;;;;
;;;;;;;;;;;
;;;;;;;;;;;
;;;;;;;;;;;
;;;;;;;;;;;
;;;;;;;;;;;
;;;;;;;;;;;
;;;;;;;;;;;
;;;;;;;;;;;
;;;;;;;;;;;
;;;;;;;;;;;
;;;;;;;;;;;
;;;;;;;;;;;
;;;;;;;;;;;
;;;;;;;;;;;
;;;;;;;;;;;
;;;;;;;;;;;
;;;;;;;;;;;
;;;;;;;;;;;
;;;;;;;;;;;
;;;;;;;;;;;
;;;;;;;;;;;
;;;;;;;;;;;
;;;;;;;;;;;
;;;;;;;;;;;
;;;;;;;;;;;
;;;;;;;;;;;
;;;;;;;;;;;
;;;;;;;;;;;
;;;;;;;;;;;
;;;;;;;;;;;
;;;;;;;;;;;
;;;;;;;;;;;
;;;;;;;;;;;
;;;;;;;;;;;
;;;;;;;;;;;
;;;;;;;;;;;
;;;;;;;;;;;
;;;;;;;;;;;
;;;;;;;;;;;
;;;;;;;;;;;
;;;;;;;;;;;
;;;;;;;;;;;
;;;;;;;;;;;
;;;;;;;;;;;
;;;;;;;;;;;
;;;;;;;;;;;
;;;;;;;;;;;
;;;;;;;;;;;
;;;;;;;;;;;
;;;;;;;;;;;
;;;;;;;;;;;
;;;;;;;;;;;
;;;;;;;;;;;
;;;;;;;;;;;
;;;;;;;;;;;
;;;;;;;;;;;
;;;;;;;;;;;
;;;;;;;;;;;
;;;;;;;;;;;
;;;;;;;;;;;
;;;;;;;;;;;
;;;;;;;;;;;
;;;;;;;;;;;
;;;;;;;;;;;
;;;;;;;;;;;
;;;;;;;;;;;
;;;;;;;;;;;
;;;;;;;;;;;
;;;;;;;;;;;
;;;;;;;;;;;
;;;;;;;;;;;
;;;;;;;;;;;
;;;;;;;;;;;
;;;;;;;;;;;
;;;;;;;;;;;
;;;;;;;;;;;
;;;;;;;;;;;
;;;;;;;;;;;
;;;;;;;;;;;
;;;;;;;;;;;
;;;;;;;;;;;
;;;;;;;;;;;
;;;;;;;;;;;
;;;;;;;;;;;
;;;;;;;;;;;
;;;;;;;;;;;
;;;;;;;;;;;
;;;;;;;;;;;
;;;;;;;;;;;
;;;;;;;;;;;
;;;;;;;;;;;
;;;;;;;;;;;
;;;;;;;;;;;
;;;;;;;;;;;
;;;;;;;;;;;
;;;;;;;;;;;
;;;;;;;;;;;
;;;;;;;;;;;
;;;;;;;;;;;
;;;;;;;;;;;
;;;;;;;;;;;
;;;;;;;;;;;
;;;;;;;;;;;
;;;;;;;;;;;
;;;;;;;;;;;
;;;;;;;;;;;
;;;;;;;;;;;
;;;;;;;;;;;
;;;;;;;;;;;
;;;;;;;;;;;
;;;;;;;;;;;
;;;;;;;;;;;
;;;;;;;;;;;
;;;;;;;;;;;
;;;;;;;;;;;
;;;;;;;;;;;
;;;;;;;;;;;
;;;;;;;;;;;
;;;;;;;;;;;
;;;;;;;;;;;
;;;;;;;;;;;
;;;;;;;;;;;
;;;;;;;;;;;
;;;;;;;;;;;
;;;;;;;;;;;
;;;;;;;;;;;
;;;;;;;;;;;
;;;;;;;;;;;
;;;;;;;;;;;
;;;;;;;;;;;
;;;;;;;;;;;
;;;;;;;;;;;
;;;;;;;;;;;
;;;;;;;;;;;
;;;;;;;;;;;
;;;;;;;;;;;
;;;;;;;;;;;
;;;;;;;;;;;
;;;;;;;;;;;
;;;;;;;;;;;
;;;;;;;;;;;
;;;;;;;;;;;
;;;;;;;;;;;
;;;;;;;;;;;
;;;;;;;;;;;
;;;;;;;;;;;
;;;;;;;;;;;
;;;;;;;;;;;
;;;;;;;;;;;
;;;;;;;;;;;
;;;;;;;;;;;
;;;;;;;;;;;
;;;;;;;;;;;
;;;;;;;;;;;
;;;;;;;;;;;
;;;;;;;;;;;
;;;;;;;;;;;
;;;;;;;;;;;
;;;;;;;;;;;
;;;;;;;;;;;
;;;;;;;;;;;
;;;;;;;;;;;
;;;;;;;;;;;
;;;;;;;;;;;
;;;;;;;;;;;
;;;;;;;;;;;
;;;;;;;;;;;
;;;;;;;;;;;
;;;;;;;;;;;
;;;;;;;;;;;
;;;;;;;;;;;
;;;;;;;;;;;
;;;;;;;;;;;
;;;;;;;;;;;
;;;;;;;;;;;
;;;;;;;;;;;
;;;;;;;;;;;
;;;;;;;;;;;
;;;;;;;;;;;
;;;;;;;;;;;
;;;;;;;;;;;
;;;;;;;;;;;
;;;;;;;;;;;
;;;;;;;;;;;
;;;;;;;;;;;
;;;;;;;;;;;
;;;;;;;;;;;
;;;;;;;;;;;
;;;;;;;;;;;
;;;;;;;;;;;
;;;;;;;;;;;
;;;;;;;;;;;
;;;;;;;;;;;
;;;;;;;;;;;
;;;;;;;;;;;
;;;;;;;;;;;
;;;;;;;;;;;
;;;;;;;;;;;
;;;;;;;;;;;
;;;;;;;;;;;
;;;;;;;;;;;
;;;;;;;;;;;
;;;;;;;;;;;
;;;;;;;;;;;
;;;;;;;;;;;
;;;;;;;;;;;
;;;;;;;;;;;
;;;;;;;;;;;
;;;;;;;;;;;
;;;;;;;;;;;
;;;;;;;;;;;
;;;;;;;;;;;
;;;;;;;;;;;
;;;;;;;;;;;
;;;;;;;;;;;
;;;;;;;;;;;
;;;;;;;;;;;
;;;;;;;;;;;
;;;;;;;;;;;
;;;;;;;;;;;
;;;;;;;;;;;
;;;;;;;;;;;
;;;;;;;;;;;
;;;;;;;;;;;
;;;;;;;;;;;
;;;;;;;;;;;
;;;;;;;;;;;
;;;;;;;;;;;
;;;;;;;;;;;
;;;;;;;;;;;
;;;;;;;;;;;
;;;;;;;;;;;
;;;;;;;;;;;
;;;;;;;;;;;
;;;;;;;;;;;
;;;;;;;;;;;
;;;;;;;;;;;
;;;;;;;;;;;
;;;;;;;;;;;
;;;;;;;;;;;
;;;;;;;;;;;
;;;;;;;;;;;
;;;;;;;;;;;
;;;;;;;;;;;
;;;;;;;;;;;
;;;;;;;;;;;
;;;;;;;;;;;
;;;;;;;;;;;
;;;;;;;;;;;
;;;;;;;;;;;
;;;;;;;;;;;
;;;;;;;;;;;
;;;;;;;;;;;
;;;;;;;;;;;
;;;;;;;;;;;
;;;;;;;;;;;
;;;;;;;;;;;
;;;;;;;;;;;
;;;;;;;;;;;
;;;;;;;;;;;
;;;;;;;;;;;
;;;;;;;;;;;
;;;;;;;;;;;
;;;;;;;;;;;
;;;;;;;;;;;
;;;;;;;;;;;
;;;;;;;;;;;
;;;;;;;;;;;
;;;;;;;;;;;
;;;;;;;;;;;
;;;;;;;;;;;
;;;;;;;;;;;
;;;;;;;;;;;
;;;;;;;;;;;
;;;;;;;;;;;
;;;;;;;;;;;
;;;;;;;;;;;
;;;;;;;;;;;
;;;;;;;;;;;
;;;;;;;;;;;
;;;;;;;;;;;
;;;;;;;;;;;
;;;;;;;;;;;
;;;;;;;;;;;
;;;;;;;;;;;
;;;;;;;;;;;
;;;;;;;;;;;
;;;;;;;;;;;
;;;;;;;;;;;
;;;;;;;;;;;
;;;;;;;;;;;
;;;;;;;;;;;
;;;;;;;;;;;
;;;;;;;;;;;
;;;;;;;;;;;
;;;;;;;;;;;
;;;;;;;;;;;
;;;;;;;;;;;
;;;;;;;;;;;
;;;;;;;;;;;
;;;;;;;;;;;
;;;;;;;;;;;
;;;;;;;;;;;
;;;;;;;;;;;
;;;;;;;;;;;
;;;;;;;;;;;
;;;;;;;;;;;
;;;;;;;;;;;
;;;;;;;;;;;
;;;;;;;;;;;
;;;;;;;;;;;
;;;;;;;;;;;
;;;;;;;;;;;
;;;;;;;;;;;
;;;;;;;;;;;
;;;;;;;;;;;
;;;;;;;;;;;
;;;;;;;;;;;
;;;;;;;;;;;
;;;;;;;;;;;
;;;;;;;;;;;
;;;;;;;;;;;
;;;;;;;;;;;
;;;;;;;;;;;
;;;;;;;;;;;
;;;;;;;;;;;
;;;;;;;;;;;
;;;;;;;;;;;
;;;;;;;;;;;
;;;;;;;;;;;
;;;;;;;;;;;
;;;;;;;;;;;
;;;;;;;;;;;
;;;;;;;;;;;
;;;;;;;;;;;
;;;;;;;;;;;
;;;;;;;;;;;
;;;;;;;;;;;
;;;;;;;;;;;
;;;;;;;;;;;
;;;;;;;;;;;
;;;;;;;;;;;
;;;;;;;;;;;
;;;;;;;;;;;
;;;;;;;;;;;
;;;;;;;;;;;
;;;;;;;;;;;
;;;;;;;;;;;
;;;;;;;;;;;
;;;;;;;;;;;
;;;;;;;;;;;
;;;;;;;;;;;
;;;;;;;;;;;
;;;;;;;;;;;
;;;;;;;;;;;
;;;;;;;;;;;
;;;;;;;;;;;
;;;;;;;;;;;
;;;;;;;;;;;
;;;;;;;;;;;
;;;;;;;;;;;
;;;;;;;;;;;
;;;;;;;;;;;
;;;;;;;;;;;
;;;;;;;;;;;
;;;;;;;;;;;
;;;;;;;;;;;
;;;;;;;;;;;
;;;;;;;;;;;
;;;;;;;;;;;
;;;;;;;;;;;
;;;;;;;;;;;
;;;;;;;;;;;
;;;;;;;;;;;
;;;;;;;;;;;
;;;;;;;;;;;
;;;;;;;;;;;
;;;;;;;;;;;
;;;;;;;;;;;
;;;;;;;;;;;
;;;;;;;;;;;
;;;;;;;;;;;
;;;;;;;;;;;
;;;;;;;;;;;
;;;;;;;;;;;
;;;;;;;;;;;
;;;;;;;;;;;
;;;;;;;;;;;
;;;;;;;;;;;
;;;;;;;;;;;
;;;;;;;;;;;
;;;;;;;;;;;
;;;;;;;;;;;
;;;;;;;;;;;
;;;;;;;;;;;
;;;;;;;;;;;
;;;;;;;;;;;
;;;;;;;;;;;
;;;;;;;;;;;
;;;;;;;;;;;
;;;;;;;;;;;
;;;;;;;;;;;
;;;;;;;;;;;
;;;;;;;;;;;
;;;;;;;;;;;
;;;;;;;;;;;
;;;;;;;;;;;
;;;;;;;;;;;
;;;;;;;;;;;
;;;;;;;;;;;
;;;;;;;;;;;
;;;;;;;;;;;
;;;;;;;;;;;
;;;;;;;;;;;
;;;;;;;;;;;
;;;;;;;;;;;
;;;;;;;;;;;
;;;;;;;;;;;
;;;;;;;;;;;
;;;;;;;;;;;
;;;;;;;;;;;
;;;;;;;;;;;
;;;;;;;;;;;
;;;;;;;;;;;
;;;;;;;;;;;
;;;;;;;;;;;
;;;;;;;;;;;
;;;;;;;;;;;
;;;;;;;;;;;
;;;;;;;;;;;
;;;;;;;;;;;
;;;;;;;;;;;
;;;;;;;;;;;
;;;;;;;;;;;
;;;;;;;;;;;
;;;;;;;;;;;
;;;;;;;;;;;
;;;;;;;;;;;
;;;;;;;;;;;
;;;;;;;;;;;
;;;;;;;;;;;
;;;;;;;;;;;
;;;;;;;;;;;
;;;;;;;;;;;
;;;;;;;;;;;
;;;;;;;;;;;
;;;;;;;;;;;
;;;;;;;;;;;
;;;;;;;;;;;
;;;;;;;;;;;
;;;;;;;;;;;
;;;;;;;;;;;
;;;;;;;;;;;
;;;;;;;;;;;
;;;;;;;;;;;
;;;;;;;;;;;
;;;;;;;;;;;
;;;;;;;;;;;
;;;;;;;;;;;
;;;;;;;;;;;
;;;;;;;;;;;
;;;;;;;;;;;
;;;;;;;;;;;
;;;;;;;;;;;
;;;;;;;;;;;
;;;;;;;;;;;
;;;;;;;;;;;
;;;;;;;;;;;
;;;;;;;;;;;
;;;;;;;;;;;
;;;;;;;;;;;
;;;;;;;;;;;
;;;;;;;;;;;
;;;;;;;;;;;
;;;;;;;;;;;
;;;;;;;;;;;
;;;;;;;;;;;
;;;;;;;;;;;
;;;;;;;;;;;
;;;;;;;;;;;
;;;;;;;;;;;
;;;;;;;;;;;
;;;;;;;;;;;
;;;;;;;;;;;
;;;;;;;;;;;
;;;;;;;;;;;
;;;;;;;;;;;
;;;;;;;;;;;
;;;;;;;;;;;
;;;;;;;;;;;
;;;;;;;;;;;
;;;;;;;;;;;
;;;;;;;;;;;
;;;;;;;;;;;
;;;;;;;;;;;
;;;;;;;;;;;
;;;;;;;;;;;
;;;;;;;;;;;
;;;;;;;;;;;
;;;;;;;;;;;
;;;;;;;;;;;
;;;;;;;;;;;
;;;;;;;;;;;
;;;;;;;;;;;
;;;;;;;;;;;
;;;;;;;;;;;
;;;;;;;;;;;
;;;;;;;;;;;
;;;;;;;;;;;
;;;;;;;;;;;
;;;;;;;;;;;
