2.217774e+002,-2.467507e+000
2.222595e+002,-2.009362e+000
2.227416e+002,-1.576254e+000
2.232237e+002,-1.181548e+000
2.237059e+002,-8.283650e-001
2.241880e+002,-4.995124e-001
2.246701e+002,-1.564208e-001
2.251522e+002,2.495916e-001
2.256344e+002,7.533537e-001
2.261165e+002,1.342361e+000
2.265986e+002,1.927914e+000
2.270807e+002,2.350851e+000
2.275629e+002,2.445356e+000
2.280450e+002,2.133023e+000
2.285271e+002,1.473671e+000
2.290092e+002,6.351503e-001
2.294914e+002,-1.803210e-001
2.299735e+002,-7.989094e-001
2.304556e+002,-1.108051e+000
2.309377e+002,-1.066990e+000
2.314199e+002,-7.034391e-001
2.319020e+002,-9.767508e-002
2.323841e+002,6.456183e-001
2.328662e+002,1.430705e+000
2.333484e+002,2.196002e+000
2.338305e+002,2.920398e+000
2.343126e+002,3.610874e+000
2.347947e+002,4.281833e+000
2.352769e+002,4.938898e+000
2.357590e+002,5.574773e+000
2.362411e+002,6.176967e+000
2.367232e+002,6.740792e+000
2.372054e+002,7.278585e+000
2.376875e+002,7.818290e+000
2.381696e+002,8.390691e+000
2.386517e+002,9.011941e+000
2.391339e+002,9.671885e+000
2.396160e+002,1.033586e+001
2.400981e+002,1.095928e+001
2.405802e+002,1.150655e+001
2.410624e+002,1.196439e+001
2.415445e+002,1.234383e+001
2.420266e+002,1.267164e+001
2.425087e+002,1.297635e+001
2.429909e+002,1.327514e+001
2.434730e+002,1.356714e+001
2.439551e+002,1.383614e+001
2.444372e+002,1.406108e+001
2.449194e+002,1.422918e+001
2.454015e+002,1.434391e+001
2.458836e+002,1.442279e+001
2.463657e+002,1.448594e+001
2.468479e+002,1.454230e+001
2.473300e+002,1.458294e+001
2.478121e+002,1.458646e+001
2.482942e+002,1.453443e+001
2.487764e+002,1.442575e+001
2.492585e+002,1.427919e+001
2.497406e+002,1.412246e+001
2.502227e+002,1.397553e+001
2.507049e+002,1.383739e+001
2.511870e+002,1.368077e+001
2.516691e+002,1.345559e+001
2.521512e+002,1.310239e+001
2.526334e+002,1.257813e+001
2.531155e+002,1.189229e+001
2.535976e+002,1.113470e+001
2.540797e+002,1.046402e+001
2.545619e+002,1.004562e+001
2.550440e+002,9.978214e+000
2.555261e+002,1.026240e+001
2.560082e+002,1.081929e+001
2.564904e+002,1.152793e+001
2.569725e+002,1.225596e+001
2.574546e+002,1.288013e+001
2.579367e+002,1.330372e+001
2.584189e+002,1.347332e+001
2.589010e+002,1.338980e+001
2.593831e+002,1.310545e+001
2.598652e+002,1.270508e+001
2.603474e+002,1.227842e+001
2.608295e+002,1.189449e+001
2.613116e+002,1.158601e+001
2.617937e+002,1.134685e+001
2.622759e+002,1.114196e+001
2.627580e+002,1.092598e+001
2.632401e+002,1.066417e+001
2.637222e+002,1.034824e+001
2.642043e+002,1.000218e+001
2.646865e+002,9.676597e+000
2.651686e+002,9.432813e+000
2.656507e+002,9.320357e+000
2.661329e+002,9.354943e+000
2.666150e+002,9.507330e+000
2.670971e+002,9.710739e+000
2.675792e+002,9.884634e+000
2.680614e+002,9.963055e+000
2.685435e+002,9.914918e+000
2.690256e+002,9.750289e+000
2.695078e+002,9.513606e+000
2.699899e+002,9.267922e+000
2.704720e+002,9.075214e+000
2.709541e+002,8.978427e+000
2.714362e+002,8.990583e+000
2.719184e+002,9.094138e+000
2.724005e+002,9.249875e+000
2.728826e+002,9.411378e+000
2.733647e+002,9.539538e+000
2.738469e+002,9.612112e+000
2.743290e+002,9.625598e+000
2.748111e+002,9.590296e+000
2.752932e+002,9.522146e+000
2.757754e+002,9.435582e+000
2.762575e+002,9.340086e+000
2.767396e+002,9.241058e+000
2.772217e+002,9.143766e+000
2.777039e+002,9.057805e+000
2.781860e+002,8.998267e+000
2.786681e+002,8.980562e+000
2.791502e+002,9.011805e+000
2.796324e+002,9.083854e+000
2.801145e+002,9.173122e+000
2.805966e+002,9.246765e+000
2.810787e+002,9.272547e+000
2.815609e+002,9.229980e+000
2.820430e+002,9.119806e+000
2.825251e+002,8.967169e+000
2.830072e+002,8.814636e+000
2.834894e+002,8.706704e+000
2.839715e+002,8.673353e+000
2.844536e+002,8.720471e+000
2.849357e+002,8.829733e+000
2.854179e+002,8.965811e+000
2.859000e+002,9.087496e+000
2.863821e+002,9.159852e+000
2.868643e+002,9.164782e+000
2.873464e+002,9.107234e+000
2.878285e+002,9.014821e+000
2.883106e+002,8.930362e+000
2.887927e+002,8.899130e+000
2.892749e+002,8.954647e+000
2.897570e+002,9.108005e+000
2.902391e+002,9.345343e+000
2.907213e+002,9.634587e+000
2.912034e+002,9.937605e+000
2.916855e+002,1.022107e+001
2.921676e+002,1.046152e+001
2.926497e+002,1.064440e+001
2.931319e+002,1.076037e+001
2.936140e+002,1.080224e+001
2.940961e+002,1.076462e+001
2.945782e+002,1.064623e+001
2.950604e+002,1.045360e+001
2.955425e+002,1.020386e+001
2.960246e+002,9.925630e+000
2.965067e+002,9.657429e+000
2.969889e+002,9.443465e+000
2.974710e+002,9.326714e+000
2.979531e+002,9.339985e+000
2.984352e+002,9.497892e+000
2.989174e+002,9.793930e+000
2.993995e+002,1.020479e+001
2.998816e+002,1.069954e+001
3.003637e+002,1.124827e+001
3.008459e+002,1.182585e+001
3.013280e+002,1.240939e+001
3.018101e+002,1.297178e+001
3.022922e+002,1.347645e+001
3.027744e+002,1.388012e+001
3.032565e+002,1.414578e+001
3.037386e+002,1.425741e+001
3.042207e+002,1.422471e+001
3.047029e+002,1.407555e+001
3.051850e+002,1.384467e+001
3.056671e+002,1.356624e+001
3.061492e+002,1.327084e+001
3.066313e+002,1.298394e+001
3.071135e+002,1.272390e+001
3.075956e+002,1.249965e+001
3.080778e+002,1.231032e+001
3.085599e+002,1.214872e+001
3.090420e+002,1.200798e+001
3.095241e+002,1.188824e+001
3.100062e+002,1.179978e+001
3.104884e+002,1.176007e+001
3.109705e+002,1.178527e+001
3.114526e+002,1.187961e+001
3.119348e+002,1.202764e+001
3.124169e+002,1.219375e+001
3.128990e+002,1.232960e+001
3.133811e+002,1.238736e+001
3.138633e+002,1.233390e+001
3.143454e+002,1.216152e+001
3.148275e+002,1.189108e+001
3.153096e+002,1.156585e+001
3.157917e+002,1.123829e+001
3.162739e+002,1.095568e+001
3.167560e+002,1.075081e+001
3.172381e+002,1.064026e+001
3.177202e+002,1.062792e+001
3.182024e+002,1.070953e+001
3.186845e+002,1.087509e+001
3.191666e+002,1.110846e+001
3.196487e+002,1.138613e+001
3.201309e+002,1.167737e+001
3.206130e+002,1.194676e+001
3.210951e+002,1.215868e+001
3.215772e+002,1.228278e+001
3.220594e+002,1.230016e+001
3.225415e+002,1.220938e+001
3.230236e+002,1.203007e+001
3.235057e+002,1.179999e+001
3.239879e+002,1.156385e+001
3.244700e+002,1.135773e+001
3.249521e+002,1.119716e+001
3.254342e+002,1.107447e+001
3.259164e+002,1.096429e+001
3.263985e+002,1.083316e+001
3.268806e+002,1.064999e+001
3.273627e+002,1.039525e+001
3.278449e+002,1.006698e+001
3.283270e+002,9.680487e+000
3.288091e+002,9.261004e+000
3.292913e+002,8.833352e+000
3.297734e+002,8.414185e+000
3.302555e+002,8.009919e+000
3.307376e+002,7.618997e+000
3.312197e+002,7.235647e+000
3.317019e+002,6.853122e+000
3.321840e+002,6.465815e+000
3.326661e+002,6.070468e+000
3.331483e+002,5.666862e+000
3.336304e+002,5.258150e+000
3.341125e+002,4.850741e+000
3.345946e+002,4.453423e+000
3.350768e+002,4.075650e+000
3.355589e+002,3.725302e+000
3.360410e+002,3.406846e+000
3.365231e+002,3.120710e+000
3.370052e+002,2.864157e+000
3.374874e+002,2.632921e+000
3.379695e+002,2.422500e+000
3.384516e+002,2.228290e+000
3.389337e+002,2.044674e+000
3.394159e+002,1.864054e+000
3.398980e+002,1.677218e+000
3.403801e+002,1.475895e+000
3.408622e+002,1.257115e+000
3.413444e+002,1.027384e+000
3.418265e+002,8.042755e-001
3.423086e+002,6.138082e-001
3.427907e+002,4.837239e-001
3.432729e+002,4.344842e-001
3.437550e+002,4.711494e-001
3.442371e+002,5.796411e-001
3.447192e+002,7.297190e-001
3.452014e+002,8.841738e-001
3.456835e+002,1.010728e+000
3.461656e+002,1.091782e+000
3.466477e+002,1.128347e+000
3.471299e+002,1.137194e+000
3.476120e+002,1.142800e+000
3.480941e+002,1.167073e+000
3.485762e+002,1.220405e+000
3.490584e+002,1.297253e+000
3.495405e+002,1.378460e+000
3.500226e+002,1.440127e+000
3.505048e+002,1.465784e+000
3.509869e+002,1.456270e+000
3.514690e+002,1.432313e+000
3.519511e+002,1.428388e+000
3.524332e+002,1.480784e+000
3.529154e+002,1.614992e+000
3.533975e+002,1.836976e+000
3.538796e+002,2.130874e+000
3.543618e+002,2.463531e+000
3.548439e+002,2.794307e+000
3.553260e+002,3.086855e+000
3.558081e+002,3.318730e+000
3.562903e+002,3.485549e+000
3.567724e+002,3.598885e+000
3.572545e+002,3.679626e+000
3.577366e+002,3.749897e+000
3.582188e+002,3.826489e+000
3.587009e+002,3.917576e+000
3.591830e+002,4.023079e+000
3.596651e+002,4.137626e+000
3.601472e+002,4.254240e+000
3.606294e+002,4.366990e+000
3.611115e+002,4.471773e+000
3.615936e+002,4.565669e+000
3.620757e+002,4.645929e+000
3.625579e+002,4.709713e+000
3.630400e+002,4.754975e+000
3.635221e+002,4.782104e+000
3.640042e+002,4.795371e+000
3.644864e+002,4.803274e+000
3.649685e+002,4.817514e+000
3.654506e+002,4.850948e+000
3.659327e+002,4.915366e+000
3.664149e+002,5.019817e+000
3.668970e+002,5.169798e+000
3.673791e+002,5.367105e+000
3.678613e+002,5.609769e+000
3.683434e+002,5.891649e+000
3.688255e+002,6.201712e+000
3.693076e+002,6.523845e+000
3.697897e+002,6.838280e+000
3.702719e+002,7.125341e+000
3.707540e+002,7.370851e+000
3.712361e+002,7.571021e+000
3.717183e+002,7.734533e+000
3.722004e+002,7.880332e+000
3.726825e+002,8.031827e+000
3.731646e+002,8.209538e+000
3.736467e+002,8.424564e+000
3.741289e+002,8.675114e+000
3.746110e+002,8.947599e+000
3.750931e+002,9.222560e+000
3.755753e+002,9.483123e+000
3.760574e+002,9.721926e+000
3.765395e+002,9.942819e+000
3.770216e+002,1.015699e+001
3.775038e+002,1.037629e+001
3.779859e+002,1.060752e+001
3.784680e+002,1.084998e+001
3.789501e+002,1.109655e+001
3.794323e+002,1.133719e+001
3.799144e+002,1.156276e+001
3.803965e+002,1.176741e+001
3.808786e+002,1.194877e+001
3.813607e+002,1.210643e+001
3.818429e+002,1.224020e+001
3.823250e+002,1.234941e+001
3.828071e+002,1.243377e+001
3.832892e+002,1.249483e+001
3.837714e+002,1.253667e+001
3.842535e+002,1.256497e+001
3.847356e+002,1.258455e+001
3.852177e+002,1.259693e+001
3.856999e+002,1.259965e+001
3.861820e+002,1.258866e+001
3.866641e+002,1.256310e+001
3.871462e+002,1.253043e+001
3.876284e+002,1.250914e+001
3.881105e+002,1.252705e+001
3.885926e+002,1.261524e+001
3.890748e+002,1.279951e+001
3.895569e+002,1.309252e+001
3.900390e+002,1.349012e+001
3.905211e+002,1.397356e+001
3.910032e+002,1.451685e+001
3.914854e+002,1.509581e+001
3.919675e+002,1.569469e+001
3.924496e+002,1.630756e+001
3.929318e+002,1.693447e+001
3.934139e+002,1.757490e+001
3.938960e+002,1.822204e+001
3.943781e+002,1.886103e+001
3.948602e+002,1.947213e+001
3.953424e+002,2.003700e+001
3.958245e+002,2.054491e+001
3.963066e+002,2.099581e+001
3.967888e+002,2.139897e+001
3.972709e+002,2.176839e+001
3.977530e+002,2.211714e+001
3.982351e+002,2.245296e+001
3.987173e+002,2.277671e+001
3.991994e+002,2.308368e+001
3.996815e+002,2.336639e+001
4.001636e+002,2.361727e+001
4.006458e+002,2.383033e+001
4.011279e+002,2.400167e+001
4.016100e+002,2.412997e+001
4.020921e+002,2.421676e+001
4.025742e+002,2.426712e+001
4.030564e+002,2.428908e+001
4.035385e+002,2.429131e+001
4.040206e+002,2.427940e+001
4.045027e+002,2.425192e+001
4.049849e+002,2.419836e+001
4.054670e+002,2.410065e+001
4.059491e+002,2.393832e+001
4.064312e+002,2.369578e+001
4.069134e+002,2.336859e+001
4.073955e+002,2.296605e+001
4.078776e+002,2.250843e+001
4.083597e+002,2.202015e+001
4.088419e+002,2.152189e+001
4.093240e+002,2.102484e+001
4.098061e+002,2.052969e+001
4.102883e+002,2.003064e+001
4.107704e+002,1.952249e+001
4.112525e+002,1.900762e+001
4.117346e+002,1.849941e+001
4.122167e+002,1.802030e+001
4.126989e+002,1.759533e+001
4.131810e+002,1.724389e+001
4.136631e+002,1.697295e+001
4.141453e+002,1.677465e+001
4.146274e+002,1.662912e+001
4.151095e+002,1.651121e+001
4.155916e+002,1.639830e+001
4.160737e+002,1.627602e+001
4.165559e+002,1.614002e+001
4.170380e+002,1.599381e+001
4.175201e+002,1.584406e+001
4.180023e+002,1.569573e+001
4.184844e+002,1.554897e+001
4.189665e+002,1.539921e+001
4.194486e+002,1.523993e+001
4.199308e+002,1.506661e+001
4.204129e+002,1.487957e+001
4.208950e+002,1.468466e+001
4.213771e+002,1.449188e+001
4.218593e+002,1.431309e+001
4.223414e+002,1.415989e+001
4.228235e+002,1.404231e+001
4.233056e+002,1.396819e+001
4.237878e+002,1.394279e+001
4.242699e+002,1.396801e+001
4.247520e+002,1.404126e+001
4.252341e+002,1.415411e+001
4.257162e+002,1.429179e+001
4.261984e+002,1.443416e+001
4.266805e+002,1.455856e+001
4.271626e+002,1.464425e+001
4.276448e+002,1.467728e+001
4.281269e+002,1.465414e+001
4.286090e+002,1.458278e+001
4.290911e+002,1.448033e+001
4.295732e+002,1.436792e+001
4.300554e+002,1.426443e+001
4.305375e+002,1.418113e+001
4.310196e+002,1.411925e+001
4.315018e+002,1.407079e+001
4.319839e+002,1.402248e+001
4.324660e+002,1.396073e+001
4.329481e+002,1.387608e+001
4.334302e+002,1.376532e+001
4.339124e+002,1.363095e+001
4.343945e+002,1.347828e+001
4.348766e+002,1.331189e+001
4.353588e+002,1.313309e+001
4.358409e+002,1.293983e+001
4.363230e+002,1.272922e+001
4.368051e+002,1.250160e+001
4.372872e+002,1.226408e+001
4.377694e+002,1.203138e+001
4.382515e+002,1.182300e+001
4.387336e+002,1.165723e+001
4.392158e+002,1.154420e+001
4.396979e+002,1.148066e+001
4.401800e+002,1.144880e+001
4.406621e+002,1.142003e+001
4.411443e+002,1.136293e+001
4.416264e+002,1.125290e+001
4.421085e+002,1.108015e+001
4.425906e+002,1.085283e+001
4.430728e+002,1.059394e+001
4.435549e+002,1.033301e+001
4.440370e+002,1.009583e+001
4.445191e+002,9.896256e+000
4.450013e+002,9.733099e+000
4.454834e+002,9.592934e+000
4.459655e+002,9.457078e+000
4.464476e+002,9.309743e+000
4.469297e+002,9.144015e+000
4.474119e+002,8.963615e+000
4.478940e+002,8.780272e+000
4.483761e+002,8.608296e+000
4.488583e+002,8.459022e+000
4.493404e+002,8.337358e+000
4.498225e+002,8.241570e+000
4.503046e+002,8.165676e+000
4.507867e+002,8.102819e+000
4.512689e+002,8.047832e+000
4.517510e+002,7.997910e+000
4.522331e+002,7.951495e+000
4.527153e+002,7.906415e+000
4.531974e+002,7.858701e+000
4.536795e+002,7.802870e+000
4.541616e+002,7.733729e+000
4.546437e+002,7.648688e+000
4.551259e+002,7.549450e+000
4.556080e+002,7.442185e+000
4.560901e+002,7.336043e+000
4.565723e+002,7.240640e+000
4.570544e+002,7.163479e+000
4.575365e+002,7.108340e+000
4.580186e+002,7.075087e+000
4.585008e+002,7.060680e+000
4.589829e+002,7.060699e+000
4.594650e+002,7.070601e+000
4.599471e+002,7.086452e+000
4.604293e+002,7.105209e+000
4.609114e+002,7.125029e+000
4.613935e+002,7.145724e+000
4.618756e+002,7.169196e+000
4.623578e+002,7.199309e+000
4.628399e+002,7.240735e+000
4.633220e+002,7.296830e+000
4.638041e+002,7.367229e+000
4.642863e+002,7.446391e+000
4.647684e+002,7.524070e+000
4.652505e+002,7.587962e+000
4.657326e+002,7.627718e+000
4.662148e+002,7.638810e+000
4.666969e+002,7.624562e+000
4.671790e+002,7.595386e+000
4.676611e+002,7.565317e+000
4.681432e+002,7.547167e+000
4.686254e+002,7.548307e+000
4.691075e+002,7.568774e+000
4.695896e+002,7.602388e+000
4.700718e+002,7.640077e+000
4.705539e+002,7.673682e+000
4.710360e+002,7.698527e+000
4.715181e+002,7.713767e+000
4.720002e+002,7.720835e+000
4.724824e+002,7.721259e+000
4.729645e+002,7.715318e+000
4.734466e+002,7.702447e+000
4.739288e+002,7.683271e+000
4.744109e+002,7.662007e+000
4.748930e+002,7.647744e+000
4.753751e+002,7.653474e+000
4.758572e+002,7.692839e+000
4.763394e+002,7.775707e+000
4.768215e+002,7.904270e+000
4.773036e+002,8.071270e+000
4.777858e+002,8.261023e+000
4.782679e+002,8.452862e+000
4.787500e+002,8.625806e+000
4.792321e+002,8.762984e+000
4.797142e+002,8.854687e+000
4.801964e+002,8.899596e+000
4.806785e+002,8.904355e+000
4.811606e+002,8.881979e+000
4.816428e+002,8.849652e+000
4.821249e+002,8.826101e+000
4.826070e+002,8.828614e+000
4.830891e+002,8.869779e+000
4.835712e+002,8.954473e+000
4.840534e+002,9.077997e+000
4.845355e+002,9.226250e+000
4.850176e+002,9.378531e+000
4.854998e+002,9.512385e+000
4.859819e+002,9.609356e+000
4.864640e+002,9.659922e+000
4.869461e+002,9.666298e+000
4.874283e+002,9.642326e+000
4.879104e+002,9.610601e+000
4.883925e+002,9.597637e+000
4.888746e+002,9.628363e+000
4.893568e+002,9.721227e+000
4.898389e+002,9.884785e+000
4.903210e+002,1.011621e+001
4.908032e+002,1.040158e+001
4.912853e+002,1.071792e+001
4.917674e+002,1.103671e+001
4.922495e+002,1.132873e+001
4.927316e+002,1.156946e+001
4.932137e+002,1.174408e+001
4.936959e+002,1.185058e+001
4.941780e+002,1.190001e+001
4.946602e+002,1.191359e+001
4.951423e+002,1.191750e+001
4.956244e+002,1.193713e+001
4.961065e+002,1.199238e+001
4.965886e+002,1.209526e+001
4.970707e+002,1.225017e+001
4.975529e+002,1.245600e+001
4.980350e+002,1.270885e+001
4.985172e+002,1.300413e+001
4.989993e+002,1.333731e+001
4.994814e+002,1.370348e+001
4.999635e+002,1.409645e+001
5.004456e+002,1.450817e+001
5.009277e+002,1.492915e+001
5.014099e+002,1.534971e+001
5.018920e+002,1.576162e+001
5.023741e+002,1.615952e+001
5.028563e+002,1.654174e+001
5.033384e+002,1.691030e+001
5.038205e+002,1.727071e+001
5.043026e+002,1.763158e+001
5.047848e+002,1.800424e+001
5.052669e+002,1.840205e+001
5.057490e+002,1.883893e+001
5.062311e+002,1.932713e+001
5.067133e+002,1.987452e+001
5.071954e+002,2.048251e+001
5.076775e+002,2.114580e+001
5.081596e+002,2.185448e+001
5.086418e+002,2.259815e+001
5.091239e+002,2.337048e+001
5.096060e+002,2.417232e+001
5.100881e+002,2.501180e+001
5.105703e+002,2.590137e+001
5.110524e+002,2.685259e+001
5.115345e+002,2.787114e+001
5.120167e+002,2.895390e+001
5.124988e+002,3.008970e+001
5.129809e+002,3.126348e+001
5.134630e+002,3.246228e+001
5.139451e+002,3.368034e+001
5.144272e+002,3.492133e+001
5.149094e+002,3.619641e+001
5.153915e+002,3.751951e+001
5.158737e+002,3.890129e+001
5.163558e+002,4.034447e+001
5.168379e+002,4.184126e+001
5.173200e+002,4.337345e+001
5.178021e+002,4.491389e+001
5.182842e+002,4.642875e+001
5.187664e+002,4.787989e+001
5.192485e+002,4.922746e+001
5.197307e+002,5.043319e+001
5.202128e+002,5.146401e+001
5.206949e+002,5.229555e+001
5.211770e+002,5.291406e+001
5.216591e+002,5.331605e+001
5.221412e+002,5.350528e+001
5.226234e+002,5.348850e+001
5.231055e+002,5.327145e+001
5.235876e+002,5.285696e+001
5.240698e+002,5.224547e+001
5.245519e+002,5.143767e+001
5.250340e+002,5.043760e+001
5.255161e+002,4.925449e+001
5.259983e+002,4.790261e+001
5.264804e+002,4.639913e+001
5.269625e+002,4.476161e+001
5.274446e+002,4.300641e+001
5.279268e+002,4.114911e+001
5.284089e+002,3.920673e+001
5.288910e+002,3.720034e+001
5.293731e+002,3.515661e+001
5.298553e+002,3.310684e+001
5.303374e+002,3.108381e+001
5.308195e+002,2.911743e+001
5.313016e+002,2.723111e+001
5.317838e+002,2.544020e+001
5.322659e+002,2.375287e+001
5.327480e+002,2.217282e+001
5.332302e+002,2.070201e+001
5.337123e+002,1.934213e+001
5.341944e+002,1.809401e+001
5.346765e+002,1.695544e+001
5.351586e+002,1.591890e+001
5.356407e+002,1.497071e+001
5.361229e+002,1.409270e+001
5.366050e+002,1.326612e+001
5.370872e+002,1.247621e+001
5.375693e+002,1.171572e+001
5.380514e+002,1.098542e+001
5.385335e+002,1.029171e+001
5.390156e+002,9.642077e+000
5.394977e+002,9.040552e+000
5.399799e+002,8.485180e+000
5.404620e+002,7.968458e+000
5.409442e+002,7.480469e+000
5.414263e+002,7.013124e+000
5.419084e+002,6.563487e+000
5.423905e+002,6.134755e+000
5.428726e+002,5.734528e+000
5.433547e+002,5.371253e+000
5.438369e+002,5.050425e+000
5.443190e+002,4.772094e+000
5.448011e+002,4.530575e+000
5.452833e+002,4.316257e+000
5.457654e+002,4.118593e+000
5.462475e+002,3.929018e+000
5.467296e+002,3.742782e+000
5.472118e+002,3.559364e+000
5.476939e+002,3.381673e+000
5.481760e+002,3.214592e+000
5.486581e+002,3.063371e+000
5.491403e+002,2.932157e+000
5.496224e+002,2.822829e+000
5.501045e+002,2.734192e+000
5.505866e+002,2.661778e+000
5.510688e+002,2.598471e+000
5.515509e+002,2.536088e+000
5.520330e+002,2.467617e+000
5.525151e+002,2.389446e+000
5.529973e+002,2.302635e+000
5.534794e+002,2.212512e+000
5.539615e+002,2.126531e+000
5.544437e+002,2.051101e+000
5.549258e+002,1.988669e+000
5.554079e+002,1.936321e+000
5.558900e+002,1.886629e+000
5.563721e+002,1.830503e+000
5.568542e+002,1.760923e+000
5.573364e+002,1.675985e+000
5.578185e+002,1.579941e+000
5.583007e+002,1.481795e+000
5.587828e+002,1.392050e+000
5.592649e+002,1.318965e+000
5.597470e+002,1.265815e+000
5.602291e+002,1.230140e+000
5.607112e+002,1.205089e+000
5.611934e+002,1.182111e+000
5.616755e+002,1.153780e+000
5.621577e+002,1.115708e+000
5.626398e+002,1.067075e+000
5.631219e+002,1.009980e+000
5.636040e+002,9.482554e-001
5.640861e+002,8.863569e-001
5.645682e+002,8.286329e-001
5.650504e+002,7.788697e-001
5.655325e+002,7.398375e-001
5.660146e+002,7.126588e-001
5.664968e+002,6.961725e-001
5.669789e+002,6.867631e-001
5.674610e+002,6.791350e-001
5.679431e+002,6.681330e-001
5.684253e+002,6.510985e-001
5.689074e+002,6.297316e-001
5.693895e+002,6.103867e-001
5.698716e+002,6.022538e-001
5.703538e+002,6.137977e-001
5.708359e+002,6.487136e-001
5.713180e+002,7.030758e-001
5.718002e+002,7.650604e-001
5.722823e+002,8.176774e-001
5.727644e+002,8.437487e-001
5.732465e+002,8.314186e-001
5.737286e+002,7.782106e-001
5.742108e+002,6.921349e-001
5.746929e+002,5.893971e-001
5.751750e+002,4.894633e-001
5.756572e+002,4.091650e-001
5.761393e+002,3.578817e-001
5.766214e+002,3.354102e-001
5.771035e+002,3.331254e-001
5.775856e+002,3.377734e-001
5.780677e+002,3.363535e-001
5.785499e+002,3.202976e-001
5.790320e+002,2.876473e-001
5.795142e+002,2.427882e-001
5.799963e+002,1.942262e-001
5.804784e+002,1.514589e-001
5.809605e+002,1.221333e-001
5.814426e+002,1.103180e-001
5.819247e+002,1.161606e-001
5.824069e+002,1.366239e-001
5.828890e+002,1.667289e-001
5.833712e+002,2.007222e-001
5.838533e+002,2.328742e-001
5.843354e+002,2.578966e-001
5.848175e+002,2.712148e-001
5.852996e+002,2.693293e-001
5.857817e+002,2.503924e-001
5.862639e+002,2.148848e-001
5.867460e+002,1.661393e-001
5.872281e+002,1.104050e-001
5.877103e+002,5.626883e-002
5.881924e+002,1.342459e-002
5.886745e+002,0.000000e+000
