0.2;90.315144
0.201;90.504769
0.202;90.528651
0.203;90.542262
0.204;90.65069
0.205;90.668337
0.206;90.7446
0.207;90.770617
0.208;90.774081
0.209;90.807279
0.21;90.844737
0.211;90.749379
0.212;90.675253
0.213;90.602751
0.214;90.523596
0.215;90.475603
0.216;90.468534
0.217;90.483551
0.218;90.4453
0.219;90.496343
0.22;90.506575
0.221;90.568719
0.222;90.684773
0.223;90.768733
0.224;90.85633
0.225;90.938265
0.226;91.014325
0.227;91.029114
0.228;91.126048
0.229;91.181304
0.23;91.245598
0.231;91.409653
0.232;91.477183
0.233;91.497628
0.234;91.591198
0.235;91.697678
0.236;91.725641
0.237;91.765173
0.238;91.799107
0.239;91.87746
0.24;91.930577
0.241;91.994116
0.242;92.015231
0.243;92.120134
0.244;92.079177
0.245;92.137376
0.246;92.175456
0.247;92.234672
0.248;92.277402
0.249;92.3743
0.25;92.362746
0.251;92.391044
0.252;92.428838
0.253;92.514416
0.254;92.495842
0.255;92.60516
0.256;92.593626
0.257;92.596083
0.258;92.638831
0.259;92.658293
0.26;92.662325
0.261;92.743745
0.262;92.696433
0.263;92.694509
0.264;92.748024
0.265;92.7611
0.266;92.758493
0.267;92.81538
0.268;92.784731
0.269;92.793451
0.27;92.850094
0.271;92.845377
0.272;92.849827
0.273;92.915259
0.274;92.85379
0.275;92.862807
0.276;92.904779
0.277;92.894154
0.278;92.900655
0.279;92.959746
0.28;92.906278
0.281;92.925642
0.282;92.950439
0.283;92.948638
0.284;92.988203
0.285;92.997929
0.286;92.957096
0.287;92.973739
0.288;93.001597
0.289;93.008746
0.29;92.987029
0.291;93.054143
0.292;93.01323
0.293;93.003775
0.294;93.006782
0.295;93.001843
0.296;92.967142
0.297;92.987611
0.298;92.910743
0.299;92.865374
0.3;92.81887
0.301;92.740198
0.302;92.706224
0.303;92.678633
0.304;92.589249
0.305;92.574345
0.306;92.54149
0.307;92.52258
0.308;92.558049
0.309;92.672654
0.31;92.695475
0.311;92.763983
0.312;92.853997
0.313;92.912096
0.314;92.993996
0.315;93.080183
0.316;93.081491
0.317;93.136775
0.318;93.146563
0.319;93.103402
0.32;93.139898
0.321;93.146251
0.322;93.085239
0.323;93.072065
0.324;93.057957
0.325;93.056124
0.326;93.054774
0.327;93.031647
0.328;92.90929
0.329;92.829386
0.33;92.777585
0.331;92.735401
0.332;92.68489
0.333;92.588026
0.334;92.507668
0.335;92.446978
0.336;92.386707
0.337;92.386046
0.338;92.424879
0.339;92.441796
0.34;92.409529
0.341;92.467218
0.342;92.564199
0.343;92.622841
0.344;92.651751
0.345;92.683291
0.346;92.683962
0.347;92.691359
0.348;92.701445
0.349;92.690535
0.35;92.725816
0.351;92.713508
0.352;92.658464
0.353;92.678544
0.354;92.719431
0.355;92.696802
0.356;92.692522
0.357;92.713829
0.358;92.728393
0.359;92.781592
0.36;92.847876
0.361;92.845209
0.362;92.841803
0.363;92.842789
0.364;92.822891
0.365;92.843579
0.366;92.874709
0.367;92.863725
0.368;92.877865
0.369;92.88019
0.37;92.85935
0.371;92.898861
0.372;92.939733
0.373;92.932575
0.374;92.932899
0.375;92.950645
0.376;92.946918
0.377;92.952004
0.378;92.971302
0.379;92.975667
0.38;92.987464
0.381;92.984947
0.382;92.991169
0.383;93.040431
0.384;93.075423
0.385;93.057862
0.386;93.059004
0.387;93.074369
0.388;93.092356
0.389;93.132681
0.39;93.146938
0.391;93.136572
0.392;93.160672
0.393;93.207219
0.394;93.200536
0.395;93.186148
0.396;93.218863
0.397;93.220378
0.398;93.197053
0.399;93.216207
0.4;93.233836
0.401;93.209511
0.402;93.213886
0.403;93.225163
0.404;93.244172
0.405;93.247062
0.406;93.259438
0.407;93.293686
0.408;93.342963
0.409;93.371105
0.41;93.350265
0.411;93.368187
0.412;93.398459
0.413;93.388157
0.414;93.429575
0.415;93.43107
0.416;93.421248
0.417;93.434796
0.418;93.460054
0.419;93.458429
0.42;93.466135
0.421;93.489478
0.422;93.496822
0.423;93.515172
0.424;93.523168
0.425;93.478802
0.426;93.500173
0.427;93.53109
0.428;93.51226
0.429;93.498618
0.43;93.514202
0.431;93.527909
0.432;93.530215
0.433;93.504848
0.434;93.498056
0.435;93.522752
0.436;93.532726
0.437;93.487616
0.438;93.533434
0.439;93.5833
0.44;93.554078
0.441;93.523819
0.442;93.529688
0.443;93.52929
0.444;93.532386
0.445;93.535353
0.446;93.519852
0.447;93.52663
0.448;93.53832
0.449;93.476095
0.45;93.5232
0.451;93.564761
0.452;93.536496
0.453;93.535026
0.454;93.545888
0.455;93.511538
0.456;93.560415
0.457;93.586997
0.458;93.54874
0.459;93.561352
0.46;93.556651
0.461;93.513714
0.462;93.590573
0.463;93.621744
0.464;93.555814
0.465;93.543342
0.466;93.562883
0.467;93.525734
0.468;93.574745
0.469;93.594033
0.47;93.554191
0.471;93.55301
0.472;93.580746
0.473;93.543547
0.474;93.600579
0.475;93.602647
0.476;93.557833
0.477;93.561904
0.478;93.571046
0.479;93.540276
0.48;93.59661
0.481;93.614523
0.482;93.570086
0.483;93.577437
0.484;93.575247
0.485;93.539803
0.486;93.613125
0.487;93.616338
0.488;93.546313
0.489;93.554309
0.49;93.567968
0.491;93.55141
0.492;93.60412
0.493;93.625788
0.494;93.554194
0.495;93.548414
0.496;93.569877
0.497;93.535227
0.498;93.610547
0.499;93.623672
0.5;93.566251
0.501;93.606133
0.502;93.599904
0.503;93.562353
0.504;93.63545
0.505;93.597244
0.506;93.600585
0.507;93.604624
0.508;93.602284
0.509;93.581157
0.51;93.6228
0.511;93.57585
0.512;93.568502
0.513;93.599865
0.514;93.603642
0.515;93.569836
0.516;93.639514
0.517;93.588367
0.518;93.597987
0.519;93.621452
0.52;93.632583
0.521;93.596834
0.522;93.628216
0.523;93.595739
0.524;93.603056
0.525;93.603459
0.526;93.616341
0.527;93.606132
0.528;93.646984
0.529;93.616907
0.53;93.597259
0.531;93.637469
0.532;93.640836
0.533;93.61878
0.534;93.66034
0.535;93.631745
0.536;93.622425
0.537;93.643154
0.538;93.631895
0.539;93.65316
0.54;93.65614
0.541;93.643607
0.542;93.59829
0.543;93.638955
0.544;93.656391
0.545;93.636894
0.546;93.65432
0.547;93.64978
0.548;93.581221
0.549;93.640174
0.55;93.657868
0.551;93.683278
0.552;93.687385
0.553;93.698973
0.554;93.63352
0.555;93.640018
0.556;93.641645
0.557;93.651409
0.558;93.733935
0.559;93.68084
0.56;93.624953
0.561;93.681303
0.562;93.674271
0.563;93.673275
0.564;93.617332
0.565;93.728221
0.566;93.710414
0.567;93.658979
0.568;93.710561
0.569;93.673362
0.57;93.681446
0.571;93.599854
0.572;93.677654
0.573;93.714419
0.574;93.679553
0.575;93.684018
0.576;93.70381
0.577;93.623643
0.578;93.704805
0.579;93.723109
0.58;93.693857
0.581;93.697267
0.582;93.687695
0.583;93.641695
0.584;93.72886
0.585;93.66668
0.586;93.677216
0.587;93.714648
0.588;93.675728
0.589;93.653121
0.59;93.723633
0.591;93.676855
0.592;93.687931
0.593;93.737368
0.594;93.694725
0.595;93.671325
0.596;93.73441
0.597;93.679916
0.598;93.68229
0.599;93.696534
0.6;93.711161
0.601;93.727921
0.602;93.719923
0.603;93.710207
0.604;93.701415
0.605;93.70842
0.606;93.670683
0.607;93.734921
0.608;93.742604
0.609;93.676097
0.61;93.7044
0.611;93.689646
0.612;93.702374
0.613;93.691287
0.614;93.766456
0.615;93.741974
0.616;93.694223
0.617;93.701317
0.618;93.732829
0.619;93.678531
0.62;93.783203
0.621;93.744906
0.622;93.704565
0.623;93.684925
0.624;93.729931
0.625;93.666831
0.626;93.755264
0.627;93.747627
0.628;93.718463
0.629;93.711182
0.63;93.744021
0.631;93.705973
0.632;93.768746
0.633;93.747255
0.634;93.716579
0.635;93.688558
0.636;93.707814
0.637;93.698565
0.638;93.774491
0.639;93.749079
0.64;93.704721
0.641;93.696917
0.642;93.747226
0.643;93.705773
0.644;93.774576
0.645;93.742179
0.646;93.692191
0.647;93.680748
0.648;93.706363
0.649;93.719963
0.65;93.762304
0.651;93.730975
0.652;93.7076
0.653;93.711699
0.654;93.721139
0.655;93.70913
0.656;93.750692
0.657;93.724769
0.658;93.712607
0.659;93.726473
0.66;93.723513
0.661;93.717073
0.662;93.763373
0.663;93.755397
0.664;93.733338
0.665;93.751844
0.666;93.746833
0.667;93.739776
0.668;93.798494
0.669;93.798101
0.67;93.745154
0.671;93.767687
0.672;93.758784
0.673;93.768991
0.674;93.802125
0.675;93.750124
0.676;93.746804
0.677;93.756084
0.678;93.771215
0.679;93.760237
0.68;93.80544
0.681;93.739296
0.682;93.747235
0.683;93.766708
0.684;93.760231
0.685;93.780029
0.686;93.807731
0.687;93.734153
0.688;93.753914
0.689;93.776573
0.69;93.767397
0.691;93.781251
0.692;93.794098
0.693;93.812627
0.694;93.78232
0.695;93.768109
0.696;93.763917
0.697;93.728766
0.698;93.760347
0.699;93.791965
0.7;93.771303
0.701;93.758279
0.702;93.759265
0.703;93.760108
0.704;93.740314
0.705;93.786183
0.706;93.793495
0.707;93.77177
0.708;93.753899
0.709;93.753386
0.71;93.763495
0.711;93.807549
0.712;93.780444
0.713;93.774004
0.714;93.800558
0.715;93.79726
0.716;93.797426
0.717;93.829131
0.718;93.784587
0.719;93.771191
0.72;93.770671
0.721;93.77456
0.722;93.77405
0.723;93.804949
0.724;93.80244
0.725;93.779958
0.726;93.775012
0.727;93.76226
0.728;93.762883
0.729;93.821222
0.73;93.809102
0.731;93.770644
0.732;93.767605
0.733;93.770151
0.734;93.773621
0.735;93.807778
0.736;93.792026
0.737;93.781425
0.738;93.77884
0.739;93.758099
0.74;93.77095
0.741;93.803354
0.742;93.793143
0.743;93.774097
0.744;93.758971
0.745;93.764712
0.746;93.798405
0.747;93.834325
0.748;93.815151
0.749;93.789852
0.75;93.793866
0.751;93.78337
0.752;93.809139
0.753;93.847512
0.754;93.80546
0.755;93.784952
0.756;93.793701
0.757;93.80238
0.758;93.844281
0.759;93.860208
0.76;93.813185
0.761;93.794254
0.762;93.7977
0.763;93.789296
0.764;93.836691
0.765;93.874466
0.766;93.830784
0.767;93.793226
0.768;93.810009
0.769;93.814503
0.77;93.839301
0.771;93.871459
0.772;93.827816
0.773;93.810039
0.774;93.819051
0.775;93.814095
0.776;93.874004
0.777;93.87566
0.778;93.82984
0.779;93.824446
0.78;93.828007
0.781;93.833775
0.782;93.873053
0.783;93.855659
0.784;93.808053
0.785;93.81625
0.786;93.844418
0.787;93.846464
0.788;93.865721
0.789;93.853543
0.79;93.818896
0.791;93.811341
0.792;93.817062
0.793;93.823508
0.794;93.874401
0.795;93.860572
0.796;93.824747
0.797;93.826101
0.798;93.838705
0.799;93.840482
0.8;93.892871
0.801;93.877474
0.802;93.833043
0.803;93.834964
0.804;93.845308
0.805;93.836213
0.806;93.877526
0.807;93.885695
0.808;93.842148
0.809;93.846409
0.81;93.849701
0.811;93.832168
0.812;93.846996
0.813;93.838305
0.814;93.866458
0.815;93.894091
0.816;93.83996
0.817;93.840784
0.818;93.853678
0.819;93.826864
0.82;93.835869
0.821;93.878414
0.822;93.85407
0.823;93.831609
0.824;93.860172
0.825;93.861513
0.826;93.910734
0.827;93.875945
0.828;93.84276
0.829;93.826474
0.83;93.822995
0.831;93.820154
0.832;93.862797
0.833;93.856641
0.834;93.856666
0.835;93.860734
0.836;93.87484
0.837;93.861426
0.838;93.858522
0.839;93.853587
0.84;93.858157
0.841;93.848334
0.842;93.848978
0.843;93.835323
0.844;93.832104
0.845;93.851319
0.846;93.824861
0.847;93.827791
0.848;93.837252
0.849;93.840032
0.85;93.897544
0.851;93.871142
0.852;93.850902
0.853;93.87345
0.854;93.883111
0.855;93.854881
0.856;93.901582
0.857;93.891443
0.858;93.891569
0.859;93.769098
0.86;93.919721
0.861;93.972341
0.862;93.956684
0.863;93.947603
0.864;93.957314
0.865;93.954797
0.866;94.001887
0.867;93.954609
0.868;93.95108
0.869;93.957644
0.87;93.956578
0.871;93.968621
0.872;93.98332
0.873;93.938816
0.874;93.952135
0.875;93.955271
0.876;93.941331
0.877;93.956137
0.878;93.980248
0.879;93.995994
0.88;93.962577
0.881;93.945345
0.882;93.966
0.883;93.983942
0.884;93.984185
0.885;93.984425
0.886;93.964817
0.887;93.965261
0.888;93.961287
0.889;93.993924
0.89;93.988571
0.891;93.993871
0.892;93.98624
0.893;93.962205
0.894;93.97623
0.895;93.940155
0.896;94.024168
0.897;93.991186
0.898;93.957106
0.899;93.964175
0.9;93.973555
0.901;93.942306
0.902;93.934859
0.903;93.973596
0.904;93.985143
0.905;93.990708
0.906;93.979867
0.907;93.95204
0.908;93.994754
0.909;93.95243
0.91;93.951664
0.911;94.001361
0.912;93.973836
0.913;93.972285
0.914;93.954058
0.915;93.984483
0.916;93.935948
0.917;93.922661
0.918;93.958791
0.919;93.97205
0.92;94.01067
0.921;93.982777
0.922;93.946825
0.923;93.930564
0.924;93.972231
0.925;93.999611
0.926;93.972455
0.927;94.008896
0.928;93.980556
0.929;93.969618
0.93;93.982111
0.931;94.007843
0.932;93.984396
0.933;94.033658
0.934;93.982362
0.935;94.002823
0.936;93.957277
0.937;93.988533
0.938;93.966988
0.939;93.951958
0.94;93.961925
0.941;93.998313
0.942;93.9937
0.943;93.999414
0.944;93.983908
0.945;94.012685
0.946;93.963751
0.947;94.015913
0.948;94.02476
0.949;94.006688
0.95;94.002439
0.951;94.022398
0.952;94.015856
0.953;93.997046
0.954;93.982572
0.955;94.00388
0.956;93.988054
0.957;93.968101
0.958;93.98574
0.959;93.986666
0.96;93.94981
0.961;94.000192
0.962;94.002358
0.963;93.947793
0.964;93.971519
0.965;93.989293
0.966;93.956531
0.967;93.998439
0.968;94.005757
0.969;93.971166
0.97;93.982878
0.971;93.962761
0.972;93.946735
0.973;93.98294
0.974;93.958124
0.975;93.988744
0.976;93.973341
0.977;93.963231
0.978;93.950837
0.979;93.959334
0.98;93.954329
0.981;93.986268
0.982;93.955291
0.983;93.978486
0.984;93.993517
0.985;93.979945
0.986;93.965017
0.987;94.001907
0.988;93.982397
0.989;93.98837
0.99;93.968553
0.991;93.988593
0.992;93.994145
0.993;93.998003
0.994;93.986201
0.995;94.010874
0.996;94.007853
0.997;93.979908
0.998;93.975073
0.999;93.984008
1;93.86214595
1.001;93.86339596
1.002;93.86464181
1.003;93.86588351
1.004;93.86712108
1.005;93.86835451
1.006;93.86958383
1.007;93.87080903
1.008;93.87203012
1.009;93.87324712
1.01;93.87446003
1.011;93.87566886
1.012;93.87687362
1.013;93.87807432
1.014;93.87927096
1.015;93.88046356
1.016;93.88165212
1.017;93.88283665
1.018;93.88401716
1.019;93.88519366
1.02;93.88636615
1.021;93.88753465
1.022;93.88869916
1.023;93.88985969
1.024;93.89101625
1.025;93.89216884
1.026;93.89331749
1.027;93.89446219
1.028;93.89560295
1.029;93.89673978
1.03;93.89787269
1.031;93.89900168
1.032;93.90012677
1.033;93.90124797
1.034;93.90236528
1.035;93.90347871
1.036;93.90458826
1.037;93.90569395
1.038;93.90679579
1.039;93.90789378
1.04;93.90898793
1.041;93.91007825
1.042;93.91116475
1.043;93.91224743
1.044;93.91332631
1.045;93.91440139
1.046;93.91547267
1.047;93.91654018
1.048;93.91760391
1.049;93.91866388
1.05;93.91972008
1.051;93.92077254
1.052;93.92182126
1.053;93.92286624
1.054;93.92390749
1.055;93.92494503
1.056;93.92597886
1.057;93.92700899
1.058;93.92803542
1.059;93.92905817
1.06;93.93007724
1.061;93.93109264
1.062;93.93210437
1.063;93.93311246
1.064;93.9341169
1.065;93.9351177
1.066;93.93611486
1.067;93.93710841
1.068;93.93809834
1.069;93.93908467
1.07;93.9400674
1.071;93.94104654
1.072;93.94202209
1.073;93.94299407
1.074;93.94396248
1.075;93.94492733
1.076;93.94588863
1.077;93.94684639
1.078;93.94780061
1.079;93.94875131
1.08;93.94969848
1.081;93.95064214
1.082;93.95158229
1.083;93.95251895
1.084;93.95345212
1.085;93.95438181
1.086;93.95530802
1.087;93.95623077
1.088;93.95715006
1.089;93.9580659
1.09;93.95897829
1.091;93.95988725
1.092;93.96079278
1.093;93.9616949
1.094;93.9625936
1.095;93.96348889
1.096;93.96438079
1.097;93.9652693
1.098;93.96615442
1.099;93.96703618
1.1;93.96791456
1.101;93.96878959
1.102;93.96966127
1.103;93.9705296
1.104;93.97139459
1.105;93.97225626
1.106;93.9731146
1.107;93.97396963
1.108;93.97482136
1.109;93.97566979
1.11;93.97651492
1.111;93.97735677
1.112;93.97819535
1.113;93.97903066
1.114;93.9798627
1.115;93.98069149
1.116;93.98151704
1.117;93.98233935
1.118;93.98315842
1.119;93.98397427
1.12;93.98478691
1.121;93.98559634
1.122;93.98640256
1.123;93.98720559
1.124;93.98800543
1.125;93.9888021
1.126;93.98959559
1.127;93.99038591
1.128;93.99117308
1.129;93.9919571
1.13;93.99273797
1.131;93.99351571
1.132;93.99429032
1.133;93.99506182
1.134;93.99583019
1.135;93.99659546
1.136;93.99735763
1.137;93.99811671
1.138;93.99887271
1.139;93.99962562
1.14;94.00037547
1.141;94.00112226
1.142;94.00186598
1.143;94.00260666
1.144;94.0033443
1.145;94.00407891
1.146;94.00481049
1.147;94.00553904
1.148;94.00626459
1.149;94.00698713
1.15;94.00770667
1.151;94.00842322
1.152;94.00913679
1.153;94.00984738
1.154;94.010555
1.155;94.01125966
1.156;94.01196136
1.157;94.01266011
1.158;94.01335593
1.159;94.0140488
1.16;94.01473875
1.161;94.01542579
1.162;94.0161099
1.163;94.01679111
1.164;94.01746943
1.165;94.01814485
1.166;94.01881738
1.167;94.01948704
1.168;94.02015382
1.169;94.02081774
1.17;94.02147881
1.171;94.02213702
1.172;94.02279239
1.173;94.02344493
1.174;94.02409463
1.175;94.02474152
1.176;94.02538558
1.177;94.02602684
1.178;94.0266653
1.179;94.02730096
1.18;94.02793384
1.181;94.02856393
1.182;94.02919125
1.183;94.0298158
1.184;94.03043759
1.185;94.03105663
1.186;94.03167292
1.187;94.03228647
1.188;94.03289729
1.189;94.03350538
1.19;94.03411076
1.191;94.03471342
1.192;94.03531337
1.193;94.03591062
1.194;94.03650518
1.195;94.03709706
1.196;94.03768626
1.197;94.03827278
1.198;94.03885664
1.199;94.03943784
1.2;94.04001639
1.201;94.0405923
1.202;94.04116556
1.203;94.04173619
1.204;94.0423042
1.205;94.04286959
1.206;94.04343237
1.207;94.04399254
1.208;94.04455011
1.209;94.04510509
1.21;94.04565749
1.211;94.04620731
1.212;94.04675455
1.213;94.04729923
1.214;94.04784135
1.215;94.04838092
1.216;94.04891794
1.217;94.04945242
1.218;94.04998437
1.219;94.0505138
1.22;94.0510407
1.221;94.05156509
1.222;94.05208698
1.223;94.05260636
1.224;94.05312326
1.225;94.05363766
1.226;94.05414958
1.227;94.05465903
1.228;94.05516602
1.229;94.05567054
1.23;94.05617261
1.231;94.05667222
1.232;94.0571694
1.233;94.05766414
1.234;94.05815646
1.235;94.05864635
1.236;94.05913382
1.237;94.05961888
1.238;94.06010155
1.239;94.06058181
1.24;94.06105968
1.241;94.06153517
1.242;94.06200829
1.243;94.06247903
1.244;94.0629474
1.245;94.06341342
1.246;94.06387708
1.247;94.0643384
1.248;94.06479738
1.249;94.06525403
1.25;94.06570834
1.251;94.06616034
1.252;94.06661002
1.253;94.0670574
1.254;94.06750247
1.255;94.06794525
1.256;94.06838573
1.257;94.06882394
1.258;94.06925986
1.259;94.06969352
1.26;94.07012491
1.261;94.07055404
1.262;94.07098092
1.263;94.07140555
1.264;94.07182794
1.265;94.0722481
1.266;94.07266603
1.267;94.07308174
1.268;94.07349524
1.269;94.07390653
1.27;94.07431561
1.271;94.07472249
1.272;94.07512719
1.273;94.0755297
1.274;94.07593003
1.275;94.07632819
1.276;94.07672418
1.277;94.07711801
1.278;94.07750969
1.279;94.07789922
1.28;94.07828661
1.281;94.07867186
1.282;94.07905498
1.283;94.07943597
1.284;94.07981485
1.285;94.08019162
1.286;94.08056628
1.287;94.08093884
1.288;94.0813093
1.289;94.08167768
1.29;94.08204398
1.291;94.08240819
1.292;94.08277034
1.293;94.08313043
1.294;94.08348845
1.295;94.08384443
1.296;94.08419835
1.297;94.08455024
1.298;94.08490009
1.299;94.08524791
1.3;94.08559371
1.301;94.08593749
1.302;94.08627926
1.303;94.08661903
1.304;94.08695679
1.305;94.08729257
1.306;94.08762635
1.307;94.08795815
1.308;94.08828798
1.309;94.08861584
1.31;94.08894173
1.311;94.08926566
1.312;94.08958764
1.313;94.08990767
1.314;94.09022576
1.315;94.09054192
1.316;94.09085614
1.317;94.09116844
1.318;94.09147882
1.319;94.09178729
1.32;94.09209386
1.321;94.09239852
1.322;94.09270129
1.323;94.09300216
1.324;94.09330115
1.325;94.09359827
1.326;94.09389351
1.327;94.09418688
1.328;94.0944784
1.329;94.09476805
1.33;94.09505586
1.331;94.09534182
1.332;94.09562595
1.333;94.09590824
1.334;94.0961887
1.335;94.09646734
1.336;94.09674417
1.337;94.09701918
1.338;94.09729239
1.339;94.0975638
1.34;94.09783341
1.341;94.09810124
1.342;94.09836728
1.343;94.09863155
1.344;94.09889404
1.345;94.09915477
1.346;94.09941374
1.347;94.09967095
1.348;94.09992641
1.349;94.10018013
1.35;94.10043211
1.351;94.10068236
1.352;94.10093088
1.353;94.10117767
1.354;94.10142275
1.355;94.10166612
1.356;94.10190778
1.357;94.10214775
1.358;94.10238601
1.359;94.10262259
1.36;94.10285748
1.361;94.1030907
1.362;94.10332224
1.363;94.10355211
1.364;94.10378032
1.365;94.10400687
1.366;94.10423178
1.367;94.10445503
1.368;94.10467665
1.369;94.10489662
1.37;94.10511497
1.371;94.10533169
1.372;94.1055468
1.373;94.10576029
1.374;94.10597216
1.375;94.10618244
1.376;94.10639112
1.377;94.1065982
1.378;94.1068037
1.379;94.10700761
1.38;94.10720995
1.381;94.10741071
1.382;94.10760991
1.383;94.10780754
1.384;94.10800362
1.385;94.10819815
1.386;94.10839113
1.387;94.10858257
1.388;94.10877248
1.389;94.10896085
1.39;94.1091477
1.391;94.10933304
1.392;94.10951685
1.393;94.10969916
1.394;94.10987996
1.395;94.11005926
1.396;94.11023707
1.397;94.11041339
1.398;94.11058822
1.399;94.11076158
1.4;94.11093346
1.401;94.11110388
1.402;94.11127283
1.403;94.11144032
1.404;94.11160636
1.405;94.11177095
1.406;94.1119341
1.407;94.11209581
1.408;94.11225609
1.409;94.11241494
1.41;94.11257237
1.411;94.11272838
1.412;94.11288298
1.413;94.11303617
1.414;94.11318795
1.415;94.11333834
1.416;94.11348734
1.417;94.11363495
1.418;94.11378117
1.419;94.11392602
1.42;94.11406949
1.421;94.1142116
1.422;94.11435235
1.423;94.11449173
1.424;94.11462977
1.425;94.11476645
1.426;94.1149018
1.427;94.1150358
1.428;94.11516847
1.429;94.11529982
1.43;94.11542984
1.431;94.11555854
1.432;94.11568592
1.433;94.115812
1.434;94.11593678
1.435;94.11606025
1.436;94.11618244
1.437;94.11630333
1.438;94.11642294
1.439;94.11654127
1.44;94.11665832
1.441;94.1167741
1.442;94.11688862
1.443;94.11700188
1.444;94.11711388
1.445;94.11722463
1.446;94.11733414
1.447;94.1174424
1.448;94.11754943
1.449;94.11765523
1.45;94.1177598
1.451;94.11786315
1.452;94.11796528
1.453;94.11806619
1.454;94.1181659
1.455;94.11826441
1.456;94.11836172
1.457;94.11845783
1.458;94.11855276
1.459;94.1186465
1.46;94.11873906
1.461;94.11883044
1.462;94.11892066
1.463;94.11900971
1.464;94.1190976
1.465;94.11918433
1.466;94.11926991
1.467;94.11935434
1.468;94.11943763
1.469;94.11951979
1.47;94.11960081
1.471;94.1196807
1.472;94.11975947
1.473;94.11983711
1.474;94.11991365
1.475;94.11998907
1.476;94.12006339
1.477;94.1201366
1.478;94.12020872
1.479;94.12027975
1.48;94.12034969
1.481;94.12041854
1.482;94.12048632
1.483;94.12055303
1.484;94.12061866
1.485;94.12068323
1.486;94.12074674
1.487;94.1208092
1.488;94.1208706
1.489;94.12093096
1.49;94.12099027
1.491;94.12104855
1.492;94.12110579
1.493;94.121162
1.494;94.12121719
1.495;94.12127136
1.496;94.12132451
1.497;94.12137665
1.498;94.12142779
1.499;94.12147792
1.5;94.12152706
1.501;94.1215752
1.502;94.12162235
1.503;94.12166852
1.504;94.1217137
1.505;94.12175791
1.506;94.12180115
1.507;94.12184343
1.508;94.12188473
1.509;94.12192508
1.51;94.12196448
1.511;94.12200293
1.512;94.12204043
1.513;94.12207699
1.514;94.12211261
1.515;94.1221473
1.516;94.12218106
1.517;94.1222139
1.518;94.12224581
1.519;94.12227682
1.52;94.12230691
1.521;94.12233609
1.522;94.12236437
1.523;94.12239175
1.524;94.12241824
1.525;94.12244384
1.526;94.12246855
1.527;94.12249239
1.528;94.12251534
1.529;94.12253742
1.53;94.12255863
1.531;94.12257898
1.532;94.12259847
1.533;94.1226171
1.534;94.12263488
1.535;94.12265181
1.536;94.12266789
1.537;94.12268314
1.538;94.12269755
1.539;94.12271114
1.54;94.12272389
1.541;94.12273582
1.542;94.12274693
1.543;94.12275723
1.544;94.12276671
1.545;94.12277539
1.546;94.12278327
1.547;94.12279035
1.548;94.12279664
1.549;94.12280213
1.55;94.12280684
1.551;94.12281077
1.552;94.12281391
1.553;94.12281629
1.554;94.12281789
1.555;94.12281873
1.556;94.12281881
1.557;94.12281813
1.558;94.1228167
1.559;94.12281451
1.56;94.12281158
1.561;94.12280791
1.562;94.1228035
1.563;94.12279836
1.564;94.12279249
1.565;94.12278589
1.566;94.12277857
1.567;94.12277053
1.568;94.12276178
1.569;94.12275232
1.57;94.12274215
1.571;94.12273128
1.572;94.12271971
1.573;94.12270745
1.574;94.1226945
1.575;94.12268086
1.576;94.12266654
1.577;94.12265154
1.578;94.12263586
1.579;94.12261952
1.58;94.12260251
1.581;94.12258483
1.582;94.1225665
1.583;94.12254751
1.584;94.12252787
1.585;94.12250758
1.586;94.12248665
1.587;94.12246507
1.588;94.12244287
1.589;94.12242003
1.59;94.12239656
1.591;94.12237247
1.592;94.12234775
1.593;94.12232242
1.594;94.12229648
1.595;94.12226992
1.596;94.12224276
1.597;94.122215
1.598;94.12218664
1.599;94.12215769
1.6;94.12212815
1.601;94.12209801
1.602;94.1220673
1.603;94.12203601
1.604;94.12200414
1.605;94.1219717
1.606;94.12193869
1.607;94.12190511
1.608;94.12187098
1.609;94.12183629
1.61;94.12180104
1.611;94.12176525
1.612;94.12172891
1.613;94.12169202
1.614;94.1216546
1.615;94.12161664
1.616;94.12157816
1.617;94.12153914
1.618;94.1214996
1.619;94.12145954
1.62;94.12141896
1.621;94.12137787
1.622;94.12133627
1.623;94.12129416
1.624;94.12125156
1.625;94.12120845
1.626;94.12116485
1.627;94.12112075
1.628;94.12107617
1.629;94.1210311
1.63;94.12098556
1.631;94.12093953
1.632;94.12089303
1.633;94.12084606
1.634;94.12079863
1.635;94.12075073
1.636;94.12070237
1.637;94.12065356
1.638;94.12060429
1.639;94.12055457
1.64;94.12050441
1.641;94.12045381
1.642;94.12040277
1.643;94.12035129
1.644;94.12029938
1.645;94.12024705
1.646;94.12019428
1.647;94.1201411
1.648;94.1200875
1.649;94.12003349
1.65;94.11997906
1.651;94.11992423
1.652;94.11986899
1.653;94.11981336
1.654;94.11975732
1.655;94.11970089
1.656;94.11964408
1.657;94.11958687
1.658;94.11952928
1.659;94.11947131
1.66;94.11941297
1.661;94.11935425
1.662;94.11929516
1.663;94.11923571
1.664;94.11917589
1.665;94.11911571
1.666;94.11905518
1.667;94.11899429
1.668;94.11893305
1.669;94.11887147
1.67;94.11880954
1.671;94.11874728
1.672;94.11868467
1.673;94.11862174
1.674;94.11855847
1.675;94.11849488
1.676;94.11843096
1.677;94.11836673
1.678;94.11830217
1.679;94.11823731
1.68;94.11817213
1.681;94.11810665
1.682;94.11804086
1.683;94.11797477
1.684;94.11790839
1.685;94.11784171
1.686;94.11777474
1.687;94.11770748
1.688;94.11763994
1.689;94.11757212
1.69;94.11750402
1.691;94.11743564
1.692;94.117367
1.693;94.11729808
1.694;94.1172289
1.695;94.11715946
1.696;94.11708976
1.697;94.1170198
1.698;94.1169496
1.699;94.11687914
1.7;94.11680844
1.701;94.11673749
1.702;94.1166663
1.703;94.11659488
1.704;94.11652323
1.705;94.11645134
1.706;94.11637922
1.707;94.11630689
1.708;94.11623433
1.709;94.11616155
1.71;94.11608856
1.711;94.11601535
1.712;94.11594194
1.713;94.11586832
1.714;94.1157945
1.715;94.11572048
1.716;94.11564627
1.717;94.11557186
1.718;94.11549726
1.719;94.11542247
1.72;94.1153475
1.721;94.11527234
1.722;94.11519701
1.723;94.11512151
1.724;94.11504583
1.725;94.11496998
1.726;94.11489397
1.727;94.11481779
1.728;94.11474145
1.729;94.11466496
1.73;94.11458831
1.731;94.11451151
1.732;94.11443456
1.733;94.11435747
1.734;94.11428023
1.735;94.11420286
1.736;94.11412535
1.737;94.1140477
1.738;94.11396993
1.739;94.11389203
1.74;94.113814
1.741;94.11373585
1.742;94.11365758
1.743;94.1135792
1.744;94.1135007
1.745;94.11342209
1.746;94.11334338
1.747;94.11326456
1.748;94.11318564
1.749;94.11310662
1.75;94.1130275
1.751;94.1129483
1.752;94.112869
1.753;94.11278961
1.754;94.11271014
1.755;94.11263059
1.756;94.11255096
1.757;94.11247126
1.758;94.11239148
1.759;94.11231163
1.76;94.11223172
1.761;94.11215174
1.762;94.11207169
1.763;94.11199159
1.764;94.11191144
1.765;94.11183122
1.766;94.11175096
1.767;94.11167065
1.768;94.1115903
1.769;94.1115099
1.77;94.11142947
1.771;94.111349
1.772;94.11126849
1.773;94.11118795
1.774;94.11110739
1.775;94.11102679
1.776;94.11094618
1.777;94.11086554
1.778;94.11078489
1.779;94.11070422
1.78;94.11062354
1.781;94.11054285
1.782;94.11046216
1.783;94.11038146
1.784;94.11030075
1.785;94.11022005
1.786;94.11013936
1.787;94.11005867
1.788;94.10997798
1.789;94.10989731
1.79;94.10981666
1.791;94.10973602
1.792;94.10965541
1.793;94.10957481
1.794;94.10949424
1.795;94.1094137
1.796;94.10933319
1.797;94.10925271
1.798;94.10917226
1.799;94.10909186
1.8;94.10901149
1.801;94.10893117
1.802;94.1088509
1.803;94.10877067
1.804;94.1086905
1.805;94.10861037
1.806;94.10853031
1.807;94.1084503
1.808;94.10837036
1.809;94.10829048
1.81;94.10821066
1.811;94.10813092
1.812;94.10805124
1.813;94.10797164
1.814;94.10789212
1.815;94.10781267
1.816;94.10773331
1.817;94.10765403
1.818;94.10757484
1.819;94.10749574
1.82;94.10741673
1.821;94.10733781
1.822;94.10725899
1.823;94.10718027
1.824;94.10710165
1.825;94.10702314
1.826;94.10694473
1.827;94.10686643
1.828;94.10678824
1.829;94.10671017
1.83;94.10663221
1.831;94.10655437
1.832;94.10647665
1.833;94.10639906
1.834;94.10632159
1.835;94.10624425
1.836;94.10616704
1.837;94.10608997
1.838;94.10601303
1.839;94.10593623
1.84;94.10585957
1.841;94.10578305
1.842;94.10570667
1.843;94.10563045
1.844;94.10555437
1.845;94.10547845
1.846;94.10540268
1.847;94.10532707
1.848;94.10525162
1.849;94.10517633
1.85;94.10510121
1.851;94.10502625
1.852;94.10495146
1.853;94.10487684
1.854;94.10480239
1.855;94.10472812
1.856;94.10465403
1.857;94.10458012
1.858;94.10450639
1.859;94.10443285
1.86;94.10435949
1.861;94.10428633
1.862;94.10421335
1.863;94.10414057
1.864;94.10406799
1.865;94.1039956
1.866;94.10392342
1.867;94.10385144
1.868;94.10377966
1.869;94.10370809
1.87;94.10363674
1.871;94.10356559
1.872;94.10349466
1.873;94.10342394
1.874;94.10335345
1.875;94.10328317
1.876;94.10321312
1.877;94.1031433
1.878;94.1030737
1.879;94.10300433
1.88;94.10293519
1.881;94.10286629
1.882;94.10279763
1.883;94.1027292
1.884;94.10266101
1.885;94.10259307
1.886;94.10252537
1.887;94.10245792
1.888;94.10239072
1.889;94.10232377
1.89;94.10225708
1.891;94.10219064
1.892;94.10212446
1.893;94.10205853
1.894;94.10199288
1.895;94.10192748
1.896;94.10186235
1.897;94.10179749
1.898;94.10173291
1.899;94.10166859
1.9;94.10160455
1.901;94.10154079
1.902;94.1014773
1.903;94.1014141
1.904;94.10135118
1.905;94.10128854
1.906;94.1012262
1.907;94.10116414
1.908;94.10110237
1.909;94.1010409
1.91;94.10097972
1.911;94.10091884
1.912;94.10085826
1.913;94.10079799
1.914;94.10073801
1.915;94.10067835
1.916;94.10061899
1.917;94.10055994
1.918;94.1005012
1.919;94.10044277
1.92;94.10038466
1.921;94.10032687
1.922;94.1002694
1.923;94.10021225
1.924;94.10015543
1.925;94.10009893
1.926;94.10004276
1.927;94.09998692
1.928;94.09993141
1.929;94.09987623
1.93;94.09982139
1.931;94.09976689
1.932;94.09971273
1.933;94.0996589
1.934;94.09960543
1.935;94.09955229
1.936;94.09949951
1.937;94.09944707
1.938;94.09939499
1.939;94.09934325
1.94;94.09929188
1.941;94.09924086
1.942;94.0991902
1.943;94.09913989
1.944;94.09908996
1.945;94.09904038
1.946;94.09899117
1.947;94.09894234
1.948;94.09889387
1.949;94.09884577
1.95;94.09879805
1.951;94.0987507
1.952;94.09870373
1.953;94.09865714
1.954;94.09861093
1.955;94.0985651
1.956;94.09851966
1.957;94.0984746
1.958;94.09842994
1.959;94.09838566
1.96;94.09834178
1.961;94.09829829
1.962;94.09825519
1.963;94.09821249
1.964;94.0981702
1.965;94.0981283
1.966;94.09808681
1.967;94.09804572
1.968;94.09800504
1.969;94.09796477
1.97;94.0979249
1.971;94.09788545
1.972;94.09784641
1.973;94.09780779
1.974;94.09776959
1.975;94.0977318
1.976;94.09769443
1.977;94.09765749
1.978;94.09762097
1.979;94.09758488
1.98;94.09754921
1.981;94.09751398
1.982;94.09747917
1.983;94.0974448
1.984;94.09741086
1.985;94.09737736
1.986;94.09734429
1.987;94.09731167
1.988;94.09727949
1.989;94.09724775
1.99;94.09721645
1.991;94.0971856
1.992;94.0971552
1.993;94.09712525
1.994;94.09709575
1.995;94.0970667
1.996;94.09703811
1.997;94.09700997
1.998;94.09698229
1.999;94.09695508
2;94.09692832
2.001;94.09690202
2.002;94.09687619
2.003;94.09685083
2.004;94.09682593
2.005;94.09680151
2.006;94.09677755
2.007;94.09675407
2.008;94.09673106
2.009;94.09670853
2.01;94.09668647
2.011;94.09666489
2.012;94.0966438
2.013;94.09662318
2.014;94.09660305
2.015;94.09658341
2.016;94.09656425
2.017;94.09654558
2.018;94.0965274
2.019;94.09650971
2.02;94.09649252
2.021;94.09647582
2.022;94.09645961
2.023;94.09644391
2.024;94.0964287
2.025;94.096414
2.026;94.09639979
2.027;94.09638609
2.028;94.0963729
2.029;94.09636021
2.03;94.09634803
2.031;94.09633637
2.032;94.09632521
2.033;94.09631456
2.034;94.09630443
2.035;94.09629482
2.036;94.09628572
2.037;94.09627715
2.038;94.09626909
2.039;94.09626156
2.04;94.09625454
2.041;94.09624806
2.042;94.0962421
2.043;94.09623667
2.044;94.09623176
2.045;94.09622739
2.046;94.09622355
2.047;94.09622024
2.048;94.09621747
2.049;94.09621523
2.05;94.09621354
2.051;94.09621238
2.052;94.09621176
2.053;94.09621168
2.054;94.09621215
2.055;94.09621316
2.056;94.09621472
2.057;94.09621683
2.058;94.09621949
2.059;94.09622269
2.06;94.09622645
2.061;94.09623076
2.062;94.09623563
2.063;94.09624105
2.064;94.09624703
2.065;94.09625357
2.066;94.09626067
2.067;94.09626833
2.068;94.09627656
2.069;94.09628534
2.07;94.0962947
2.071;94.09630462
2.072;94.09631511
2.073;94.09632616
2.074;94.09633779
2.075;94.09634999
2.076;94.09636277
2.077;94.09637612
2.078;94.09639005
2.079;94.09640455
2.08;94.09641963
2.081;94.0964353
2.082;94.09645154
2.083;94.09646837
2.084;94.09648578
2.085;94.09650377
2.086;94.09652236
2.087;94.09654153
2.088;94.09656129
2.089;94.09658164
2.09;94.09660258
2.091;94.09662412
2.092;94.09664625
2.093;94.09666897
2.094;94.09669229
2.095;94.09671621
2.096;94.09674073
2.097;94.09676585
2.098;94.09679157
2.099;94.0968179
2.1;94.09684483
2.101;94.09687236
2.102;94.0969005
2.103;94.09692925
2.104;94.09695861
2.105;94.09698858
2.106;94.09701916
2.107;94.09705035
2.108;94.09708215
2.109;94.09711457
2.11;94.09714761
2.111;94.09718127
2.112;94.09721554
2.113;94.09725043
2.114;94.09728595
2.115;94.09732209
2.116;94.09735885
2.117;94.09739623
2.118;94.09743424
2.119;94.09747288
2.12;94.09751214
2.121;94.09755204
2.122;94.09759256
2.123;94.09763372
2.124;94.0976755
2.125;94.09771793
2.126;94.09776098
2.127;94.09780468
2.128;94.09784901
2.129;94.09789397
2.13;94.09793958
2.131;94.09798583
2.132;94.09803272
2.133;94.09808025
2.134;94.09812843
2.135;94.09817725
2.136;94.09822671
2.137;94.09827683
2.138;94.09832759
2.139;94.098379
2.14;94.09843106
2.141;94.09848377
2.142;94.09853714
2.143;94.09859116
2.144;94.09864583
2.145;94.09870116
2.146;94.09875714
2.147;94.09881378
2.148;94.09887109
2.149;94.09892905
2.15;94.09898767
2.151;94.09904695
2.152;94.0991069
2.153;94.09916751
2.154;94.09922879
2.155;94.09929073
2.156;94.09935334
2.157;94.09941661
2.158;94.09948056
2.159;94.09954517
2.16;94.09961046
2.161;94.09967642
2.162;94.09974305
2.163;94.09981036
2.164;94.09987834
2.165;94.09994699
2.166;94.10001633
2.167;94.10008634
2.168;94.10015703
2.169;94.1002284
2.17;94.10030045
2.171;94.10037318
2.172;94.1004466
2.173;94.1005207
2.174;94.10059548
2.175;94.10067095
2.176;94.10074711
2.177;94.10082395
2.178;94.10090148
2.179;94.10097971
2.18;94.10105862
2.181;94.10113822
2.182;94.10121852
2.183;94.10129951
2.184;94.10138119
2.185;94.10146357
2.186;94.10154664
2.187;94.10163041
2.188;94.10171488
2.189;94.10180005
2.19;94.10188591
2.191;94.10197248
2.192;94.10205975
2.193;94.10214772
2.194;94.10223639
2.195;94.10232577
2.196;94.10241585
2.197;94.10250663
2.198;94.10259813
2.199;94.10269033
2.2;94.10278324
2.201;94.10287686
2.202;94.10297119
2.203;94.10306622
2.204;94.10316198
2.205;94.10325844
2.206;94.10335561
2.207;94.10345351
2.208;94.10355211
2.209;94.10365143
2.21;94.10375147
2.211;94.10385223
2.212;94.1039537
2.213;94.10405589
2.214;94.10415881
2.215;94.10426244
2.216;94.1043668
2.217;94.10447187
2.218;94.10457768
2.219;94.1046842
2.22;94.10479145
2.221;94.10489942
2.222;94.10500813
2.223;94.10511755
2.224;94.10522771
2.225;94.1053386
2.226;94.10545021
2.227;94.10556256
2.228;94.10567563
2.229;94.10578944
2.23;94.10590398
2.231;94.10601925
2.232;94.10613526
2.233;94.106252
2.234;94.10636948
2.235;94.10648769
2.236;94.10660664
2.237;94.10672633
2.238;94.10684676
2.239;94.10696792
2.24;94.10708983
2.241;94.10721248
2.242;94.10733586
2.243;94.10745999
2.244;94.10758487
2.245;94.10771048
2.246;94.10783684
2.247;94.10796395
2.248;94.1080918
2.249;94.10822039
2.25;94.10834974
2.251;94.10847983
2.252;94.10861067
2.253;94.10874226
2.254;94.1088746
2.255;94.10900769
2.256;94.10914153
2.257;94.10927612
2.258;94.10941146
2.259;94.10954756
2.26;94.10968441
2.261;94.10982202
2.262;94.10996038
2.263;94.11009949
2.264;94.11023937
2.265;94.11038
2.266;94.11052138
2.267;94.11066353
2.268;94.11080643
2.269;94.1109501
2.27;94.11109452
2.271;94.1112397
2.272;94.11138565
2.273;94.11153236
2.274;94.11167983
2.275;94.11182806
2.276;94.11197706
2.277;94.11212682
2.278;94.11227735
2.279;94.11242864
2.28;94.1125807
2.281;94.11273353
2.282;94.11288712
2.283;94.11304148
2.284;94.11319661
2.285;94.11335251
2.286;94.11350918
2.287;94.11366662
2.288;94.11382483
2.289;94.11398381
2.29;94.11414357
2.291;94.11430409
2.292;94.11446539
2.293;94.11462747
2.294;94.11479031
2.295;94.11495394
2.296;94.11511833
2.297;94.11528351
2.298;94.11544946
2.299;94.11561618
2.3;94.11578369
2.301;94.11595197
2.302;94.11612103
2.303;94.11629087
2.304;94.11646149
2.305;94.11663289
2.306;94.11680507
2.307;94.11697804
2.308;94.11715178
2.309;94.11732631
2.31;94.11750161
2.311;94.11767771
2.312;94.11785458
2.313;94.11803224
2.314;94.11821069
2.315;94.11838992
2.316;94.11856993
2.317;94.11875073
2.318;94.11893232
2.319;94.1191147
2.32;94.11929786
2.321;94.11948181
2.322;94.11966655
2.323;94.11985208
2.324;94.12003839
2.325;94.1202255
2.326;94.1204134
2.327;94.12060209
2.328;94.12079157
2.329;94.12098184
2.33;94.1211729
2.331;94.12136476
2.332;94.12155741
2.333;94.12175085
2.334;94.12194509
2.335;94.12214012
2.336;94.12233594
2.337;94.12253257
2.338;94.12272998
2.339;94.12292819
2.34;94.1231272
2.341;94.12332701
2.342;94.12352761
2.343;94.12372901
2.344;94.12393121
2.345;94.12413421
2.346;94.124338
2.347;94.1245426
2.348;94.12474799
2.349;94.12495419
2.35;94.12516118
2.351;94.12536898
2.352;94.12557758
2.353;94.12578698
2.354;94.12599718
2.355;94.12620818
2.356;94.12641999
2.357;94.12663259
2.358;94.12684601
2.359;94.12706022
2.36;94.12727524
2.361;94.12749107
2.362;94.12770769
2.363;94.12792513
2.364;94.12814337
2.365;94.12836241
2.366;94.12858226
2.367;94.12880292
2.368;94.12902439
2.369;94.12924666
2.37;94.12946974
2.371;94.12969363
2.372;94.12991832
2.373;94.13014383
2.374;94.13037014
2.375;94.13059726
2.376;94.13082519
2.377;94.13105393
2.378;94.13128348
2.379;94.13151385
2.38;94.13174502
2.381;94.131977
2.382;94.1322098
2.383;94.1324434
2.384;94.13267782
2.385;94.13291305
2.386;94.13314909
2.387;94.13338594
2.388;94.13362361
2.389;94.13386209
2.39;94.13410139
2.391;94.1343415
2.392;94.13458242
2.393;94.13482415
2.394;94.1350667
2.395;94.13531007
2.396;94.13555425
2.397;94.13579925
2.398;94.13604506
2.399;94.13629169
2.4;94.13653913
2.401;94.13678739
2.402;94.13703647
2.403;94.13728636
2.404;94.13753707
2.405;94.1377886
2.406;94.13804094
2.407;94.1382941
2.408;94.13854808
2.409;94.13880288
2.41;94.1390585
2.411;94.13931494
2.412;94.13957219
2.413;94.13983026
2.414;94.14008916
2.415;94.14034887
2.416;94.1406094
2.417;94.14087075
2.418;94.14113292
2.419;94.14139591
2.42;94.14165973
2.421;94.14192436
2.422;94.14218981
2.423;94.14245609
2.424;94.14272318
2.425;94.1429911
2.426;94.14325984
2.427;94.1435294
2.428;94.14379978
2.429;94.14407099
2.43;94.14434301
2.431;94.14461586
2.432;94.14488953
2.433;94.14516403
2.434;94.14543934
2.435;94.14571548
2.436;94.14599244
2.437;94.14627023
2.438;94.14654884
2.439;94.14682827
2.44;94.14710853
2.441;94.14738961
2.442;94.14767152
2.443;94.14795424
2.444;94.1482378
2.445;94.14852218
2.446;94.14880738
2.447;94.1490934
2.448;94.14938026
2.449;94.14966793
2.45;94.14995643
2.451;94.15024576
2.452;94.15053591
2.453;94.15082689
2.454;94.15111869
2.455;94.15141132
2.456;94.15170477
2.457;94.15199905
2.458;94.15229415
2.459;94.15259009
2.46;94.15288684
2.461;94.15318443
2.462;94.15348283
2.463;94.15378207
2.464;94.15408213
2.465;94.15438302
2.466;94.15468473
2.467;94.15498728
2.468;94.15529064
2.469;94.15559484
2.47;94.15589986
2.471;94.15620571
2.472;94.15651238
2.473;94.15681988
2.474;94.15712821
2.475;94.15743737
2.476;94.15774735
2.477;94.15805816
2.478;94.1583698
2.479;94.15868227
2.48;94.15899556
2.481;94.15930968
2.482;94.15962462
2.483;94.1599404
2.484;94.160257
2.485;94.16057443
2.486;94.16089269
2.487;94.16121177
2.488;94.16153168
2.489;94.16185242
2.49;94.16217399
2.491;94.16249638
2.492;94.1628196
2.493;94.16314365
2.494;94.16346853
2.495;94.16379424
2.496;94.16412077
2.497;94.16444813
2.498;94.16477632
2.499;94.16510533
2.5;94.16543518
2.501;94.16576585
2.502;94.16609734
2.503;94.16642967
2.504;94.16676282
2.505;94.1670968
2.506;94.16743161
2.507;94.16776725
2.508;94.16810371
2.509;94.168441
2.51;94.16877912
2.511;94.16911807
2.512;94.16945784
2.513;94.16979844
2.514;94.17013987
2.515;94.17048213
2.516;94.17082521
2.517;94.17116912
2.518;94.17151385
2.519;94.17185942
2.52;94.17220581
2.521;94.17255303
2.522;94.17290107
2.523;94.17324994
2.524;94.17359964
2.525;94.17395017
2.526;94.17430152
2.527;94.1746537
2.528;94.1750067
2.529;94.17536053
2.53;94.17571519
2.531;94.17607067
2.532;94.17642698
2.533;94.17678412
2.534;94.17714208
2.535;94.17750087
2.536;94.17786049
2.537;94.17822093
2.538;94.17858219
2.539;94.17894428
2.54;94.1793072
2.541;94.17967094
2.542;94.18003551
2.543;94.1804009
2.544;94.18076712
2.545;94.18113416
2.546;94.18150203
2.547;94.18187072
2.548;94.18224024
2.549;94.18261058
2.55;94.18298175
2.551;94.18335374
2.552;94.18372655
2.553;94.18410019
2.554;94.18447465
2.555;94.18484994
2.556;94.18522605
2.557;94.18560298
2.558;94.18598074
2.559;94.18635932
2.56;94.18673873
2.561;94.18711895
2.562;94.1875
2.563;94.18788187
2.564;94.18826457
2.565;94.18864808
2.566;94.18903242
2.567;94.18941758
2.568;94.18980357
2.569;94.19019037
2.57;94.190578
2.571;94.19096645
2.572;94.19135572
2.573;94.19174581
2.574;94.19213672
2.575;94.19252845
2.576;94.192921
2.577;94.19331438
2.578;94.19370857
2.579;94.19410358
2.58;94.19449942
2.581;94.19489607
2.582;94.19529354
2.583;94.19569183
2.584;94.19609094
2.585;94.19649087
2.586;94.19689162
2.587;94.19729319
2.588;94.19769557
2.589;94.19809878
2.59;94.1985028
2.591;94.19890764
2.592;94.19931329
2.593;94.19971977
2.594;94.20012706
2.595;94.20053517
2.596;94.20094409
2.597;94.20135383
2.598;94.20176439
2.599;94.20217577
2.6;94.20258796
2.609515113;94.20655075
2.619452911;94.2107682
2.629662448;94.21518436
2.639591842;94.21956013
2.649517067;94.22401339
2.659438109;94.22854373
2.669630358;94.23327979
2.679542867;94.2379651
2.689451145;94.24272614
2.699630227;94.24769784
2.709529877;94.25261096
2.719425248;94.2575983
2.729591015;94.26280099
2.739477662;94.26793723
2.749359982;94.27314606
2.759512287;94.27857463
2.769385788;94.28392891
2.779528995;94.28950571
2.789393611;94.29500296
2.799527654;94.30072541
2.809383323;94.30636309
2.819508136;94.3122285
2.829354792;94.31800393
2.83947031;94.32400953
2.84930789;94.32991995
2.859414046;94.33606283
2.869515434;94.34227417
2.879339216;94.34838261
2.889431143;94.35472673
2.89924569;94.36096286
2.909328092;94.36743666
2.91940564;94.37397498
2.929206149;94.38039773
2.939274073;94.38706092
2.949337095;94.39378615
2.959395197;94.40057258
2.96917672;94.4072335
2.979225066;94.41413812
2.989268442;94.42110136
2.999306833;94.42812233
3.00934022;94.43520014
3.019368587;94.44233391
3.029391918;94.44952272
3.039139497;94.45656921
3.049152842;94.46386397
3.0591611;94.47121107
3.069164256;94.47860957
3.079162292;94.48605857
3.089155191;94.49355712
3.099142938;94.50110429
3.109125515;94.50869913
3.119102905;94.51634071
3.129075093;94.52402808
3.139311366;94.53196988
3.149272956;94.53974715
3.159229293;94.54756732
3.16918036;94.55542943
3.179126141;94.56333253
3.189066618;94.57127565
3.19927022;94.57947411
3.209199897;94.5874954
3.219124221;94.5955538
3.229043176;94.60364833
3.239224603;94.61199824
3.249132622;94.62016305
3.259035221;94.62836107
3.269199799;94.63681421
3.279091361;94.64507657
3.288977454;94.65336921
3.299125027;94.66191648
3.308999981;94.67026752
3.319136081;94.67887274
3.328999829;94.68727822
3.339124385;94.69593732
3.348976861;94.7043933
3.359089804;94.71310222
3.368930939;94.72160475
3.3790322;94.73035947
3.389127517;94.73913586
3.398951437;94.74770113
3.409034967;94.75651727
3.419112499;94.76535203
3.428919052;94.77397122
3.438984693;94.78283974
3.449044284;94.79172387
3.458833318;94.80038823
3.468880914;94.80930019
3.478922407;94.81822478
3.488957779;94.82716098
3.498987012;94.83610782
3.509010089;94.84506431
3.519026992;94.85402947
3.529037703;94.86300232
3.538779008;94.87174552
3.548777448;94.88073071
3.558769643;94.88972073
3.568755577;94.89871462
3.578997769;94.90794823
3.588970961;94.91694707
3.598937838;94.92594694
3.608898383;94.93494689
3.618852578;94.94394602
3.628800407;94.9529434
3.63874185;94.96193813
3.648938253;94.97116585
3.658866705;94.98015243
3.668788719;94.98913364
3.678704279;94.9981086
3.688874043;95.00731233
3.698776469;95.01627195
3.708672387;95.02522268
3.718821938;95.03439884
3.728704616;95.04332898
3.738840542;95.05248221
3.748709907;95.06138831
3.758832135;95.07051513
3.768688117;95.0793938
3.778796573;95.08849076
3.788639101;95.0973387
3.798733711;95.10640244
3.808821282;95.11544809
3.818643407;95.12424361
3.828717023;95.1332511
3.838783543;95.14223803
3.848585104;95.15097399
3.858637559;95.15991797
3.868682864;95.16883902
3.878720999;95.17773634
3.888751945;95.18660917
3.898518755;95.1952302
3.908535455;95.20405243
3.91854491;95.21284792
3.928547104;95.22161594
3.938542016;95.23035575
3.94852963;95.23906664
3.958509925;95.24774791
3.968482884;95.25639885
3.97870392;95.26523938
3.988661962;95.27382679
3.998612612;95.28238183
4.008555852;95.29090382
4.018491662;95.29939213
4.0286745;95.30806242
4.038595205;95.31648054
4.048508426;95.32486307
4.058414143;95.33320939
4.06856604;95.34173149
4.078456503;95.35000265
4.088592715;95.35844642
4.098467848;95.36664002
4.108588299;95.37500306
4.118448027;95.38311682
4.128552639;95.3913968
4.138396887;95.39942847
4.148485584;95.40762316
4.158566193;95.41577384
4.168386981;95.42367785
4.17845156;95.43174001
4.188507992;95.43975657
4.198305151;95.44752832
4.208345437;95.45545332
4.218377519;95.46333123
4.228401377;95.47116156
4.238416991;95.47894385
4.248424343;95.48667763
4.258423411;95.49436246
4.268414178;95.50199788
4.278396623;95.50958348
4.288370728;95.51711883
4.298336471;95.52460352
4.308293836;95.53203715
4.3182428;95.53941932
4.328431752;95.54693225
4.338363649;95.55420908
4.348287088;95.56143333
4.35820205;95.56860465
4.368356068;95.57589996
4.378253805;95.58296306
4.388390126;95.59014675
4.398270558;95.5971003
4.408389101;95.60417105
4.418252149;95.61101379
4.428352834;95.61797035
4.438198419;95.6247011
4.448281165;95.6315423
4.458354799;95.63832469
4.468173935;95.64488471
4.478229508;95.65155011
4.488275909;95.65815591
4.498313117;95.66470188
4.508096635;95.67103029
4.518115621;95.67745735
4.528125352;95.6838239
4.538125809;95.69012973
4.54811697;95.69637464
4.558098816;95.70255844
4.568071325;95.70868094
4.578277365;95.71488904
4.588230912;95.72088692
4.598175061;95.72682302
4.608109792;95.73269716
4.618035085;95.7385092
4.628192649;95.74439849
4.638098772;95.75008443
4.647995395;95.75570789
4.658123528;95.76140362
4.668000857;95.76690026
4.678109183;95.77246586
4.687967136;95.77783529
4.69805557;95.78327038
4.708133906;95.7886393
4.717962521;95.79381649
4.728020838;95.79905443
4.738068993;95.804226
4.748106964;95.80933113
4.75813473;95.81436979
4.767913874;95.81922431
4.777921408;95.82413146
4.787918673;95.82897203
4.797905646;95.83374598
4.807882307;95.83845329
4.818085802;95.84320364
4.828041526;95.84777606
4.837986874;95.85228183
4.847921823;95.85672094
4.857846351;95.86109341
4.867996361;95.86550095
4.877899737;95.86973858
4.888028045;95.87400811
4.897910179;95.878111
4.908016697;95.88224264
4.917877504;95.88621091
4.927962141;95.89020481
4.937801534;95.89403863
4.947864203;95.89789497
4.957915724;95.90168179
4.967956075;95.90539917
4.977985234;95.90904715
4.98777033;95.91254337
4.997777298;95.91605437
5.007776688;95.91949744
5.017595804;95.92281481
5.028169082;95.92631631
5.03798605;95.92950162
5.04780198;95.93262318
5.057616872;95.93568088
5.06818559;95.93890225
5.077998316;95.94182698
5.087809996;95.94468752
5.097620628;95.94748378
5.107430211;95.95021563
5.117993201;95.95308549
5.127800597;95.95568326
5.137606938;95.95821631
5.14741222;95.96068453
5.157970569;95.96327
5.167773648;95.96560324
5.177575662;95.96787133
5.187376611;95.97007415
5.197930283;95.97237331
5.207729011;95.97444023
5.217526666;95.97644154
5.227323247;95.97837712
5.237872207;95.98038796
5.247666549;95.98218667
5.257459812;95.98391929
5.268005191;95.98571113
5.277796202;95.98730608
5.287586127;95.98883455
5.297374963;95.99029641
5.307915566;95.99179607
5.317702134;95.99311915
5.327487607;95.99437518
5.337271982;95.99556403
5.347807773;95.99676901
5.357589864;95.99781783
5.367370852;95.99879899
5.377902987;95.99977975
5.387681677;96.00061985
5.397459258;96.00139176
5.407235727;96.00209531
5.417762987;96.00277631
5.427537141;96.00333729
5.437310177;96.00382932
5.447833734;96.00428186
5.457604442;96.00463004
5.467374028;96.00490863
5.477142487;96.00511742
5.487661104;96.00526394
5.497427219;96.00532701
5.507192201;96.00531954
5.517707068;96.00523234
5.527469693;96.00507758
5.537231179;96.00485149
5.547742274;96.00452794
5.55750139;96.00415283
5.567259362;96.00370553
5.577766665;96.00314273
5.587522253;96.00254451
5.597276691;96.00187315
5.607780182;96.00106796
5.617532223;96.00024361
5.627283108;95.99934507
5.637032835;95.99837197
5.647531242;95.99724024
5.657278555;95.99611112
5.667024703;95.99490628
5.67751925;95.99352363
5.687262972;95.99216023
5.697005523;95.99071983
5.707496189;95.98908203
5.717236302;95.98748031
5.726975237;95.98580021
5.737462002;95.98390267
5.747198485;95.98205824
5.757682605;95.97998258
5.767416629;95.97797166
5.777149464;95.97587977
5.787629649;95.97353578
5.797360012;95.97127396
5.80708918;95.96892945
5.817565409;95.96631145
5.827292092;95.9637933
5.837017575;95.9611906
5.847489828;95.95829242
5.857212813;95.95551209
5.866934591;95.9526452
5.877402847;95.94946022
5.887122114;95.94641138
5.897587661;95.94302879
5.907304408;95.93979491
5.917019938;95.93647078
5.927481454;95.93278914
5.937194452;95.9292751
5.946906226;95.92566839
5.957363691;95.92167965
5.967072921;95.91787782
5.97752764;95.91367697
5.987234315;95.90967628
5.996939757;95.90557847
6.00739039;95.90105577
6.017093265;95.89675327
6.026794901;95.89235075
6.037241429;95.88749657
6.046940485;95.88288313
6.05738423;95.87779944
6.067080698;95.87297064
6.076775917;95.86803651
6.087215522;95.86260378
6.096908139;95.85744737
6.107344938;95.85177263
6.117034946;95.84638901
6.126723694;95.84089417
6.137156319;95.83485089
6.146842444;95.82912117
6.157272241;95.82282204
6.166955735;95.816852
6.177382693;95.81029104
6.187063548;95.80407502
6.196743128;95.79773848
6.207165865;95.79077813
6.216842793;95.78418681
6.227262668;95.77694876
6.236936935;95.77009643
6.246609918;95.76311614
6.257025537;95.75545405
6.266695846;95.74820309
6.277108582;95.74024587
6.286776208;95.73271742
6.29718605;95.72445759
6.306850986;95.71664458
6.317257926;95.70807438
6.326920162;95.69996948
6.336581095;95.69172133
6.346983717;95.68267648
6.356641938;95.6741251
6.367041635;95.66474941
6.376697135;95.6558868
6.387093897;95.64617153
6.396746668;95.63698941
6.407140486;95.6269255
6.416790518;95.61741534
6.427181383;95.60699342
6.436828669;95.59714638
6.44647463;95.5871339
6.456861103;95.57616373
6.466504304;95.56580073
6.4768878;95.55444797
6.486528234;95.54372488
6.496908745;95.53197905
6.506546402;95.52088598
6.516923919;95.50873626
6.526558791;95.49726302
6.536933304;95.48469828
6.546565382;95.47283435
6.556936882;95.45984307
6.566566159;95.44757761
6.576934637;95.43414794
6.586561102;95.42146978
6.596926549;95.40758951
6.606550195;95.39448714
6.616912601;95.38014369
6.62653342;95.36660525
6.636892776;95.35178567
6.646510758;95.33779896
6.656867055;95.32248991
6.666482193;95.30804238
6.676835422;95.29223015
6.686447706;95.27730887
6.696797857;95.26097934
6.70640728;95.24557102
6.716754344;95.22870969
6.726360896;95.21280067
6.736704865;95.19539262
6.746308538;95.17896886
6.756649402;95.16099876
6.766250188;95.14404584
6.776587937;95.12549793
6.786924068;95.10664408
6.796520453;95.08885915
6.806853456;95.06940277
6.816446931;95.05105058
6.826776797;95.03097484
6.836367355;95.01203956
6.846694074;94.99132718
6.856281707;94.97179256
6.86660527;94.95042582
6.876189968;94.93027518
6.886510366;94.9082359
6.89682912;94.88584057
6.906409345;94.86472168
6.916724921;94.84162531
6.92630219;94.81984652
6.936614577;94.79602975
6.946188882;94.77357285
6.956498072;94.74901584
6.966805601;94.72406702
6.976375388;94.70054461
6.986679706;94.67482448
6.996246507;94.65057612
7.006547605;94.62406361
7.016111412;94.5990695
7.02640928;94.57174301
7.03670547;94.54398579
7.046264714;94.5178203
7.056557661;94.48921536
7.066113889;94.46225212
7.076403584;94.43277655
7.086691589;94.40284037
7.096243221;94.37462447
7.106527959;94.3437819
7.116076554;94.31471317
7.126358018;94.28293997
7.136637779;94.25067451
7.146181746;94.22026706
7.156458218;94.18703314
7.165999126;94.15571457
7.1762723;94.12148656
7.18654376;94.08673282
7.196080008;94.05398454
7.206348156;94.01819672
7.216614582;93.98186211
7.22614615;93.94762679
7.236409251;93.91021679
7.245937725;93.87496999
7.256197491;93.83645666
7.266455524;93.79736003
7.275979286;93.76052696
7.28623397;93.72028344
7.296486914;93.67943367
7.306005944;93.64095192
7.316255525;93.5989103
7.326503358;93.55623877
7.336017637;93.51604395
7.346262094;93.47213419
7.356504797;93.42757009
7.366014304;93.38559581
7.376253616;93.33974567
7.386491167;93.29321603
7.395995884;93.24939383
7.40623003;93.20152886
7.416462408;93.15295846
7.425962315;93.10721781
7.436191274;93.05726132
7.446418458;93.00657267
7.455913536;92.95884092
7.466137287;92.9067139
7.476359256;92.85382721
7.485849485;92.80402955
7.496068008;92.74965067
7.506284741;92.6944838
7.515770101;92.64254324
7.525983375;92.58582879
7.53619485;92.52829722
7.545675324;92.47413455
7.555883326;92.41499841
7.566089524;92.35501521
7.576293916;92.29417451
7.585767802;92.23690256
7.595968701;92.17437832
7.606167786;92.11096548
7.615636739;92.05127702
7.625832319;91.98611984
7.636026078;91.92004211
7.646218013;91.85303271
7.655680318;91.78996568
7.665868729;91.72112775
7.67605531;91.65132501
7.686240057;91.58054597
7.695695679;91.51393821
7.705876884;91.44124336
7.716056248;91.36753787
7.72623377;91.2928098
7.735682674;91.2224933
7.745856636;91.14575903
7.756028747;91.06796662
7.766199006;90.98910374
7.775641157;90.9149045
7.785807837;90.83394183
7.795972657;90.75187187
7.806135616;90.66868185
7.81557098;90.59041979
7.825730341;90.50503314
7.835887833;90.41848835
7.846043454;90.33077222
7.855471995;90.24826104
7.865624;90.15824813
7.875774127;90.06702451
7.885922372;89.97457652
7.896068734;89.88089037
7.905488668;89.79277531
7.915631391;89.69666197
7.925772224;89.59926947
7.935911164;89.50058357
7.946048209;89.40058993
7.95545948;89.30655509
7.965592863;89.20399841
7.975724343;89.10009129
7.985853919;88.99481891
7.995981587;88.88816634
8.005384141;88.78788282
8.015508125;88.67852583
8.025630194;88.56774422
8.035750346;88.45552259
8.04586858;88.3418454
8.055984892;88.22669701
8.065376887;88.11844238
8.075489487;88.000412
8.085600158;87.88086387
8.095708897;87.75978184
8.105815704;87.63714965
8.115920574;87.51295092
8.125301933;87.39620639
8.135403063;87.26893972
8.145502251;87.14005777
8.155599493;87.00954368
8.165694787;86.87738041
8.175788131;86.74355084
8.185879523;86.60803768
8.195248351;86.48068134
8.20533597;86.34187202
8.21542163;86.2013278
8.225505327;86.05903088
8.235587061;85.91496336
8.245666827;85.76910719
8.255744624;85.62144419
8.26582045;85.47195605
8.275174806;85.33149527
8.285246822;85.17843502
8.29531686;85.02349523
8.305384917;84.86665708
8.31545099;84.70790158
8.325515077;84.54720964
8.335577176;84.384562
8.345637284;84.21993928
8.355695399;84.05332198
8.365751519;83.88469043
8.375087555;83.72628311
8.385139819;83.55371093
8.395190081;83.37906613
8.405238338;83.20232853
8.415284587;83.02347778
8.425328827;82.84249341
8.435371055;82.65935478
8.445411268;82.47404115
8.455449464;82.28653159
8.465485641;82.09680507
8.475519796;81.9048404
8.485551927;81.71061623
8.495582031;81.5141111
8.505610107;81.31530339
8.515636151;81.37790412
8.525660162;81.36964094
8.535682136;80.60416381
8.54498643;80.3014235
8.555004471;80.20485918
8.565020468;81.61392473
8.575034421;80.08377604
8.585046325;79.86768662
8.595056179;79.27243458
8.605063981;78.93174457
8.615069727;78.57653164
8.625073416;79.28794385
8.635075045;78.47498318
8.645074612;77.90298382
8.655072114;77.41627263
8.665067549;77.8143238
8.675060915;78.36801144
8.685052209;77.90520544
8.695041429;77.17006118
8.705028573;76.67964059
8.715013637;76.89472953
8.72499662;76.13270819
8.734977519;75.84239392
8.744956333;75.54249973
8.754933058;75.41267692
8.764907692;75.66802812
8.774880232;75.06456948
8.784850677;74.88686143
8.794819025;74.64965948
8.804785271;73.72492636
8.815461059;74.23580364
8.825422948;73.91761023
8.835382728;73.72249742
8.845340399;73.74186493
8.855295957;73.86101946
8.865249401;72.78528673
8.875200727;72.16150627
8.885149933;71.43387419
8.895097018;72.26484104
8.905041978;71.35953387
8.914984812;71.95655049
8.924925517;71.17957813
8.93486409;70.54701792
8.944800529;70.76596346
8.954734832;69.14045184
8.965376355;69.99302391
8.975306225;70.14891429
8.985233952;69.0659294
8.995159534;68.5020046
9.005082967;68.65075856
9.015004249;68.29311133
9.024923378;68.04680674
9.034840353;68.0559795
9.044755169;67.69141852
9.054667825;67.03070729
9.065286129;66.43996865
9.075194303;67.02988082
9.08510031;65.73335808
9.095004147;66.10891683
9.104905813;65.28302839
9.114805303;64.76323958
9.124702617;65.11875384
9.134597752;64.68656138
9.145197262;63.94040544
9.155087875;64.55807388
9.164976302;63.72714776
9.17486254;63.29823038
9.184746587;63.49790967
9.194628441;62.38266217
9.204508098;62.08337006
9.215091006;61.81544356
9.224966108;61.29873257
9.234839006;61.53767773
9.244709699;61.34624848
9.254578185;60.66300424
9.265149109;60.45269557
9.275013013;59.85028416
9.284874702;59.57999631
9.294734174;59.20981062
9.304591426;58.36925453
9.314446456;58.37516065
9.325002949;57.81449178
9.334853368;57.98555453
9.344701558;57.4290505
9.354547517;57.11972226
9.364391241;57.01359432
9.374935607;55.80844503
9.384774696;56.17891671
9.394611544;55.2596507
9.404446148;55.1133148
9.414980732;55.78661572
9.424810682;54.28966969
9.43463838;54.69454897
9.444463825;54.12652949
9.454988585;53.92439693
9.464809356;52.86119302
9.474627866;52.21352475
9.484444114;52.36217456
9.494959008;51.60356068
9.504770561;51.70946061
9.514579844;51.12126872
9.524386855;51.74790653
9.534891842;50.55091562
9.544694139;50.76583477
9.554494156;50.18539292
9.564291891;49.31842135
9.574786929;48.85922248
9.58457993;48.83615729
9.594370643;48.32582009
9.604858149;47.55158139
9.614644112;47.44882729
9.624427779;46.52470444
9.634209147;46.35491197
9.644686632;45.59861548
9.654463232;45.7697378
9.664237526;46.01356667
9.674707423;44.80280928
9.684476934;45.23731462
9.694244132;44.02461807
9.704706417;43.96862643
9.714468817;43.95737641
9.724228897;43.22240845
9.734683548;42.50011439
9.744438814;41.82122726
9.754191753;42.47489503
9.764638746;41.58379168
9.774386857;41.00470305
9.784132634;40.61001801
9.794571945;39.76938995
9.804312879;40.20949344
9.814746996;39.55886966
9.824483078;39.08965844
9.834216813;39.1218001
9.844643209;38.66366361
9.854372076;38.36277452
9.86409859;37.43831727
9.874517241;36.60484663
9.884238873;36.89889275
9.894652288;36.11984905
9.904369027;36.02812651
9.914083402;36.07429064
9.924489032;35.1982517
9.934198499;34.87945296
9.944598867;34.35496553
9.954303417;34.16575888
9.96400559;33.21622977
9.974398135;33.10706937
9.984095376;32.48736742
9.994482631;32.73744152
10.00417493;32.65345726
10.01455689;32.08469766
10.02424423;32.42440054
10.03392919;31.25760161
10.04430326;31.45373653
10.05398325;30.80311368
10.064352;30.01894307
10.07402701;29.81967459
10.08439043;29.47898636
10.09406045;28.79157602
10.10441852;28.83502353
10.11408355;27.41265261
10.12443625;27.96192549
10.13409628;27.33573429
10.14444362;26.94573956
10.15409862;26.25349752
10.16444058;26.43651419
10.17409056;26.09961181
10.18442713;26.23435353
10.19407208;24.89701081
10.20440325;24.89887797
10.21404315;24.48736856
10.22436891;24.05611199
10.23400375;23.44620656
10.24432409;22.89619978
10.25395386;23.30577162
10.26426877;23.04528687
10.27389347;22.10899497
10.28420293;22.27823307
10.29382255;22.20486433
10.30412656;21.32809548
10.31374108;20.7864449
10.32403963;20.81402287
10.33433534;20.55284341
10.34394211;19.77862794
10.35423234;19.60939526
10.363834;18.93570879
10.37411874;19.41824398
10.38371527;19.01107261
10.39399451;18.4403134
10.4042709;17.9571129
10.41385962;18.49196696
10.4241305;17.35183165
10.43371407;17.31227926
10.44397941;16.61492766
10.4542419;16.18163521
10.46381763;16.24006055
10.47407457;15.98540362
10.48364512;15.92217118
10.4938965;15.06203139
10.50414501;14.67044138
10.51370769;14.95772236
10.52395063;14.83683509
10.53419068;14.04190352
10.54374545;13.72066797
10.55397992;13.80477807
10.56421149;12.62577087
10.57375835;12.77478895
10.58398432;12.88173476
10.59352594;12.72266472
10.6037463;11.80330253
10.61396375;11.35016876
10.62417829;12.08557906
10.63370924;11.82948312
10.64391815;11.16869527
10.65412414;11.16509051
10.66364709;10.53861122
10.67384743;10.93154033
10.68404485;10.07611735
10.69355979;9.688221454
10.70375154;9.9072355
10.71394035;10.13811084
10.72344726;9.15312494
10.7336304;8.42159557
10.74381059;8.557357523
10.75398783;8.190294952
10.76348393;8.435197495
10.77365548;8.654824066
10.78382407;7.497590296
10.7939897;8.066868536
10.80347495;7.294951834
10.81363486;7.275593393
10.8237918;6.786608436
10.83394578;6.951833793
10.84342014;7.019825394
10.85356838;6.650165407
10.86371363;5.982665173
10.87385591;5.814910883
10.88331935;6.20513735
10.89345586;6.581029626
10.90358938;5.428371653
10.91371992;5.889280178
10.92384746;5.311100194
10.93329714;5.160492279
10.94341889;5.030509502
10.95353764;4.903166121
10.96365339;4.778419476
10.97376613;4.656227439
10.98387586;4.536548398
10.9933089;4.427078983
11.00341281;4.312142337
11.0135137;4.199599599
11.02361157;4.089411169
11.03370642;3.981537944
11.04379825;3.875941317
11.05321456;3.77940483
11.06330053;3.678101971
11.07338346;3.578965273
11.08346337;3.481958033
11.09354023;3.387044017
11.10361405;3.294187465
11.11368483;3.203353078
11.12375256;3.114506016
11.13314635;3.033344763
11.14320819;2.948242771
11.15326696;2.865028525
11.16332268;2.783668958
11.17337534;2.704131439
11.18342494;2.626383772
11.19347147;2.550394193
11.20351493;2.476131364
11.21355532;2.403564371
11.22359263;2.33266272
11.23362687;2.263396328
11.24365803;2.195735525
11.2536861;2.12965105
11.26371109;2.065114041
11.27306496;2.006250544
11.28308398;1.94462495
11.29309991;1.884464452
11.30311274;1.825741738
11.31312247;1.768429879
11.32312909;1.712502325
11.33313262;1.657932903
11.34313303;1.604695813
11.35313034;1.552765621
11.36312453;1.502117262
11.37311561;1.452726029
11.38310358;1.404567575
11.39308842;1.357617905
11.40307013;1.311853376
11.41304872;1.267250692
11.42302418;1.223786899
11.43299651;1.181439382
11.44296571;1.140185864
11.45293177;1.100004401
11.46355877;1.058301467
11.47351834;1.020267452
11.48347476;0.983240232
11.49342803;0.947199178
11.50337815;0.912123979
11.51332512;0.877994634
11.52326893;0.844791451
11.53320958;0.812495044
11.54314707;0.781086327
11.5530814;0.750546515
11.56301256;0.720857117
11.57294055;0.691999936
11.58286536;0.663957061
11.59344833;0.634922356
11.60336658;0.608506853
11.61328165;0.582852503
11.62319353;5.58E-01
11.63310223;5.34E-01
11.64300774;0.510290066
11.65291006;0.487515376
11.66280918;0.465420705
11.67336472;0.442585206
11.68325723;0.421847296
11.69314654;4.02E-01
11.70303264;0.382257352
11.71291554;3.63E-01
11.72279522;3.45E-01
11.73333001;0.326210274
11.74320304;3.09E-01
11.75307286;0.292529363
11.76293946;0.276498311
11.77280283;0.260989512
11.7833202;0.245008098
11.7931769;0.230538553
11.80303036;0.21655295
11.81288059;0.20303925
11.82272758;0.189985629
11.83322747;0.176555801
11.84306776;0.164416465
11.8529048;0.152702279
11.86273859;0.141402279
11.87322439;0.129793349
11.88305145;0.119315458
11.89287526;0.109219389
11.90269581;0.099494989
11.91316747;0.089520744
11.92298127;0.080533126
11.93279181;0.071887247
11.94259907;0.06357373
11.95305654;0.05506196
11.96285704;0.047406394
11.97265425;0.040055568
11.98310099;3.25E-02
11.99289142;0.02579261
12.00267856;0.019323158
12.01311455;0.012720539
12.02289488;0.006801687
12.03267192;0.001137244
12.04309713;0.004632991
12.05286735;0.009795605
12.06263426;0.014726655
12.07304866;1.97E-02
12.08280874;0.02421414
12.0925655;0.02847886
12.10296906;0.032803735
12.11271897;0.036655036
12.12246556;0.040316135
12.13285826;4.40E-02
12.14259798;0.047306248
12.15298334;0.050624042
12.16271618;0.053563452
12.17244568;0.056343139
12.18282013;0.059138314
12.19254273;6.16E-02
12.20290982;0.064078996
12.21262551;0.066255688
12.22298523;0.06843133
12.23269399;0.070339116
12.24239941;0.072124137
12.25274815;0.073898064
12.26244662;0.075443922
12.27278796;7.70E-02
12.28247948;7.83E-02
12.29281339;0.079601857
12.30249796;0.080724733
12.31282444;0.081821239
12.32250203;0.082758362
12.33282106;8.37E-02
12.34249167;0.084432642
12.35280325;0.085166613
12.36246686;0.085779123
12.37277097;0.086355662
12.38242757;0.086827569
12.3927242;0.087261363
12.40237378;0.087606025
12.41266292;0.087910895
12.42230547;0.088140877
12.43258711;8.83E-02
12.44222262;0.088456908
12.45249673;8.85E-02
12.46276697;0.088578244
12.47239178;0.088570215
12.48265448;0.088519629
12.49227222;0.088435196
12.50252738;0.088308172
12.51277863;0.088145495
12.52238563;0.087962797
12.53262932;0.087737972
12.54222922;0.087501114
12.55246533;0.087222733
12.56269753;0.086919863
12.57228665;0.086615494
12.58251125;0.086270901
12.59273192;0.085907569
12.60231024;0.08555153
12.6125233;0.085156948
12.62209447;0.084774587
12.63229991;0.084354964
12.6425014;0.083924671
12.65269895;0.083485151
12.66225557;0.083065943
12.67244547;0.082612395
12.68263142;0.082153469
12.69217715;0.081719393
12.70235544;8.13E-02
12.71252975;0.080785238
12.72206458;0.080345384
12.73223121;0.079876047
12.74239387;0.079407421
12.75255256;0.078940348
12.76207271;0.078504577
12.77222369;0.078042707
12.78237068;0.077584557
12.79251369;0.07713077
12.80201913;0.076709834
12.8121544;0.076266144
12.82228568;0.07582843
12.83241295;0.075397151
12.84253622;0.074972731
12.85202315;0.074581401
12.86213866;0.07417131
12.87225016;0.073769079
12.88235764;7.34E-02
12.8924611;0.07298923
12.90192944;7.26E-02
12.91202511;0.072266341
12.92211675;7.19E-02
12.93220436;7.16E-02
12.94228794;0.071212724
12.95236747;7.09E-02
12.96244297;0.070555503
12.97188508;0.070259921
12.98195274;0.069953386
12.99201635;0.069655827
13.00207591;0.069367161
13.01213141;0.069087284
13.02218286;0.068816069
13.03223024;0.06855337
13.04227356;0.06829902
13.05231281;6.81E-02
13.06234799;6.78E-02
13.07237909;6.76E-02
13.08177955;0.067374887
13.09180275;0.067158731
13.10182186;0.066949591
13.11183689;0.066747187
13.12184783;0.066551232
13.13185468;0.066361428
13.14185743;0.066177465
13.15185608;0.06599902
13.16185063;0.065825766
13.17184107;0.065657366
13.1818274;0.065493473
13.19180963;0.065333735
13.20178774;0.065177795
13.21176172;0.065025288
13.22173159;0.064875847
13.23169734;0.064729098
13.24165895;0.064584666
13.25223865;0.064433321
13.26219174;0.064292468
13.2721407;0.064152765
13.28208552;0.064013828
13.29202619;0.063875275
13.30196272;0.06373672
13.3118951;0.063597782
13.32182333;0.063458077
13.3317474;0.063317227
13.34166731;0.063174855
13.35158306;0.063030584
13.36211398;0.062874803
13.37202114;0.062725451
13.38192413;6.26E-02
13.39182294;0.062417322
13.40171758;0.062257834
13.41160803;0.062094266
13.42211206;0.061915621
13.43199388;0.061742564
13.44187151;0.0615644
13.45174495;6.14E-02
13.4616142;0.061191479
13.47209567;0.060983683
13.48195625;0.060781555
13.49181263;0.060572778
13.50166479;0.06035707
13.51151275;0.060134161
13.52197158;0.059889138
13.53181084;0.059650563
13.54164588;5.94E-02
13.55147669;0.059149268
13.5619173;0.058869364
13.5717394;0.058597013
13.58155725;0.058315817
13.59198409;0.058007145
13.60179321;0.057707125
13.61159808;5.74E-02
13.62139871;0.057078773
13.63180722;5.67E-02
13.64159909;0.056390228
13.65138669;0.056041236
13.66178136;0.055659427
13.67156018;0.055289621
13.68194551;5.49E-02
13.69171553;0.054494536
13.70148128;0.054093222
13.71185271;5.37E-02
13.72160964;0.053232656
13.7313623;0.052799432
13.7417198;0.052327684
13.75146361;5.19E-02
13.76181172;0.05137832
13.77154668;0.050902106
13.78188538;5.04E-02
13.79161148;0.04988734
13.80133328;0.049379673
13.81165798;0.048829196
13.82137089;0.048300771
13.83168615;0.047728472
13.84139017;0.047179757
13.85169596;4.66E-02
13.86139108;0.046017757
13.8716874;0.045403586
13.88137359;0.044816113
13.89166043;0.044182114
13.90133769;0.043576381
13.91161502;0.042923436
13.92128334;0.042300324
13.93155116;0.041629421
13.94121051;0.040989909
13.95146881;0.040302136
13.96172219;0.039606132
13.97136795;0.038943844
13.98161179;0.038232809
13.99124855;0.037556991
14.00148283;0.036832259
14.01171217;0.036101017
14.02133529;0.035407193
14.03155505;0.034664439
14.04116914;0.033960496
14.05137931;0.033207775
14.06158453;0.032450548
14.07118493;0.031734143
14.08138053;0.030969438
14.09157118;0.030201553
14.10115785;0.02947635
14.11133886;0.028703635
14.12151491;0.027929141
14.13108782;0.02719902
14.14125421;0.026422484
14.15141561;0.025645636
14.16157204;0.02486899
14.17112647;0.024138677
14.18127321;0.023363906
14.19141496;0.022590877
14.20155171;0.021820121
14.21108762;0.021097263
14.22121466;0.020332458
14.23133669;0.019571517
14.24145371;0.018814985
14.25097103;1.81E-02
14.26107831;0.017361068
14.27118057;1.66E-02
14.28127781;0.015886883
14.29137001;0.015160204
14.30145718;0.014441203
14.31094639;1.38E-02
14.32102379;1.31E-02
14.33109614;0.012376216
14.34116344;0.011692793
14.3512257;1.10E-02
14.3612829;0.010357573
14.37133504;0.009706839
14.38138213;0.009068056
14.39142415;0.008441741
14.40087083;0.007864114
14.41090301;7.26E-03
14.42093011;6.68E-03
14.43095214;0.006104457
14.44096908;0.00554709
14.45098094;0.005005104
14.46098771;4.48E-03
14.47098939;0.003969089
14.48098597;0.003475941
14.49097745;0.002999931
14.50096383;0.002541468
14.5109451;0.002100944
14.52092127;0.001678738
14.53089232;0.001275215
14.54085825;0.00089072
14.55081906;0.000525586
14.56077475;0.000180122
14.57131048;0.000163894
14.58125561;0.000467952
14.59119561;0.0007515
14.60113046;0.001014303
14.61106018;0.001256152
14.62098475;0.001476856
14.63090417;0.001676247
14.64081844;0.001854184
14.65072755;0.002010547
14.66121393;0.002152491
14.67111242;0.002264173
14.68100574;0.002354078
14.69089389;0.002422196
14.70077687;0.002468542
14.71065467;0.002493163
14.72110787;0.002495638
14.730975;0.002475805
14.74083695;0.002434576
14.7506937;0.002372126
14.76112461;0.002283099
14.77097066;0.002177641
14.78081152;0.002051696
14.79064717;0.00190558
14.80105571;0.001729268
14.81088064;0.001542758
14.82070034;0.001337258
14.83109199;0.001099492
14.84090095;0.000856409
14.85070469;0.000595885
14.86107941;0.000301684
14.87087237;7.15924E-06
14.8806601;0.000302867
14.89101786;0.000647226
14.9007948;0.000986847
14.91056649;0.001339622
14.92090726;0.001726528
14.93066813;0.002103619
14.94099744;0.002514173
14.95074749;0.002911513
14.96049227;0.003317091
14.97080453;0.003754268
14.98053846;0.004173246
14.99083922;0.004621935
15.00056229;0.005049143
15.01085154;0.005503622
15.02056373;0.005933419
15.03084146;0.006387461
15.04054275;0.006813722
15.05080894;0.007260579
15.06049932;0.007676677
15.07075395;0.008109063
15.08043342;0.008507859
15.09067647;0.008917934
15.10091357;0.009313295
15.11057647;0.00967111
15.12080197;0.010031201
15.13045391;0.010351383
15.1406678;0.010666901
15.15087571;0.010955675
15.16051103;0.011201413
15.17070731;0.011430363
15.18033163;0.011614547
15.19051626;0.011772809
15.20069489;0.011890274
15.21030253;0.01196093
15.2204695;0.011990013
15.23063045;0.011968806
15.24078539;0.011893904
15.25037064;0.011770705
15.26051388;0.011581287
15.27065109;0.011327591
15.28078227;0.011005833
15.29034507;0.010635954
15.30046452;0.010170643
15.31057793;0.009625547
15.3206853;0.008996486
15.33022559;0.008321416
15.34032119;0.007516733
15.35041073;0.006615175
15.36049422;0.005612147
15.37057164;0.004502951
15.38064299;0.003282778
15.39070827;0.001946711
15.40020879;0.000573924
15.41026225;0.001001985
15.42030963;0.002708913
15.43035092;0.004552218
15.44038612;0.006537371
15.45041522;0.008669963
15.46043823;0.0109557
15.47045513;0.013400401
15.48046592;0.016010011
15.4904706;0.018790589
15.50046917;0.021748317
15.51046161;0.024889499
15.52044794;0.02822056
15.53042813;0.03174805
15.5404022;0.035478642
15.55037013;0.039419137
15.56033192;0.043576461
15.57028757;0.047957668
15.58023707;0.052569941
15.59018042;5.74E-02
15.60011761;0.062517059
15.61004865;0.067866923
15.62052472;0.07379742
15.63044309;0.079692499
15.64035528;0.085864938
15.6502613;0.092322855
15.66016114;0.099074503
15.6700548;0.106128273
15.6804914;0.113911109
15.69037234;0.121612842
15.70024708;0.129643193
15.71011563;0.138011116
15.71997797;0.146725709
15.73038149;0.156310755
15.74023107;0.165767125
15.75007444;0.175598851
15.75991159;0.185815613
15.7702885;0.197028552
15.78011286;0.208067802
15.78993098;0.219522579
15.8002878;0.232075888
15.81009311;0.24441725
15.81989218;0.257206016
15.83022886;0.271202516
15.84001509;0.284944841
15.85033821;0.299972346
15.86011158;0.314714925
15.86987869;0.3299614
15.88018161;0.346614303
15.88993584;0.362932926
15.90022516;0.380743778
15.90996648;0.398184601
15.92024218;0.417206955
15.92997059;0.4358214
15.94023264;0.456110265
15.94994812;0.475951139
15.96019652;0.497562995
15.96989905;0.518684503
15.98013377;0.541677309
15.98982334;0.56413507
16.00004436;0.58856828
