0.2;0.00968
0.201;0.00672
0.202;0.0086
0.203;0.00706
0.204;0.004
0.205;0.00282
0.206;0.00541
0.207;0.00282
0.208;0.00658
0.209;0.00446
0.21;0.00387
0.211;0.00539
0.212;0.00562
0.213;0.0014
0.214;0.00467
0.215;0.00537
0.216;0.00221
0.217;1.16E-04
0.218;0.00383
0.219;0.00139
0.22;0.00544
0.221;0.00485
0.222;0.00242
0.223;9.22E-04
0.224;0.00541
0.225;0.00448
0.226;0.0031
0.227;0.00344
0.228;0.00183
0.229;1.14E-04
0.23;0.00422
0.231;0.00171
0.232;0.00457
0.233;0.00411
0.234;0.0016
0.235;6.85E-04
0.236;0.00423
0.237;8.01E-04
0.238;0.00573
0.239;0.00458
0.24;0.00183
0.241;1.15E-04
0.242;0.00413
0.243;6.90E-04
0.244;0.00448
0.245;0.00379
0.246;0.00196
0.247;2.30E-04
0.248;0.00322
0.249;5.75E-04
0.25;0.00425
0.251;0.00333
0.252;0.00184
0.253;2.29E-04
0.254;0.00378
0.255;0.00183
0.256;0.0055
0.257;0.00366
0.258;0.00171
0.259;4.57E-04
0.26;0.00423
0.261;0.00103
0.262;0.00571
0.263;0.00285
0.264;7.99E-04
0.265;4.57E-04
0.266;0.00399
0.267;0.00126
0.268;0.00582
0.269;0.00285
0.27;0.00251
0.271;0.00125
0.272;4.56E-04
0.273;0.00445
0.274;0.00228
0.275;0.00114
0.276;1.14E-04
0.277;0
0.278;0.00375
0.279;0.00228
0.28;0.00523
0.281;0.0033
0.282;3.41E-04
0.283;3.41E-04
0.284;0.00182
0.285;0.00238
0.286;0.00556
0.287;0.00374
0.288;1.13E-04
0.289;0.00317
0.29;0.00362
0.291;0.00147
0.292;0.00498
0.293;0.0026
0.294;1.13E-04
0.295;0.00136
0.296;0.00271
0.297;4.52E-04
0.298;0.0044
0.299;0.00383
0.3;5.64E-04
0.301;6.76E-04
0.302;0.00236
0.303;2.25E-04
0.304;0.00315
0.305;0.0036
0.306;0.00146
0.307;3.37E-04
0.308;0.00213
0.309;1.12E-04
0.31;0.00449
0.311;0.00247
0.312;4.49E-04
0.313;0
0.314;0.00202
0.315;0.00101
0.316;0.00414
0.317;0.00459
0.318;0.00347
0.319;0.001
0.32;0.00379
0.321;0.00111
0.322;0.00456
0.323;0.00378
0.324;3.34E-04
0.325;0.00189
0.326;0.00323
0.327;0.002
0.328;0.00478
0.329;0.00322
0.33;4.44E-04
0.331;0.00167
0.332;0.00422
0.333;0.00122
0.334;0.00521
0.335;0.00355
0.336;0.00111
0.337;0.00166
0.338;0.0041
0.339;0.00155
0.34;0.00476
0.341;0.00332
0.342;2.21E-04
0.343;6.63E-04
0.344;0.00398
0.345;0.0032
0.346;0.00342
0.347;0.00287
0.348;0.0011
0.349;4.41E-04
0.35;0.00375
0.351;0.0022
0.352;0.00496
0.353;0.00242
0.354;4.40E-04
0.355;6.60E-04
0.356;0.00231
0.357;0.00154
0.358;0.00407
0.359;0.00209
0.36;6.59E-04
0.361;5.49E-04
0.362;0.00296
0.363;0.0011
0.364;0.00373
0.365;0.00208
0.366;5.48E-04
0.367;0.00153
0.368;0.00285
0.369;0.00131
0.37;0.00328
0.371;0.00164
0.372;9.84E-04
0.373;1.09E-04
0.374;8.74E-04
0.375;2.18E-04
0.376;0.00327
0.377;0.00185
0.378;0.00306
0.379;0.00229
0.38;0.00457
0.381;0.00261
0.382;8.70E-04
0.383;0.00163
0.384;0.00348
0.385;0.0037
0.386;0.00565
0.387;0.00282
0.388;2.17E-04
0.389;0.00141
0.39;0.00412
0.391;0.0026
0.392;0.00423
0.393;0.00303
0.394;0
0.395;0.00206
0.396;0.00477
0.397;0.00487
0.398;0.00584
0.399;0.00346
0.4;2.16E-04
0.401;0.0013
0.402;0.00389
0.403;0.00357
0.404;0.00453
0.405;0.0027
0.406;0
0.407;0.00216
0.408;0.00334
0.409;0.00248
0.41;0.00463
0.411;0.00291
0.412;3.23E-04
0.413;0.00172
0.414;0.00247
0.415;0.00215
0.416;0.0043
0.417;0.00419
0.418;3.22E-04
0.419;0.00268
0.42;0.00397
0.421;0.00204
0.422;0.00333
0.423;0.00204
0.424;6.43E-04
0.425;0.00204
0.426;0.00268
0.427;0.00236
0.428;0.0045
0.429;0.00225
0.43;1.07E-04
0.431;0.00246
0;0.00332
0;0.00342
0;0.00513
0;0.00267
0;2.14E-04
0;0.00224
0;0.00299
0;0.00235
0;0.00437
0;0.00299
0;7.46E-04
0;0.00266
0;0.00298
0;0.00234
0;0.00373
0;0.00256
0;3.19E-04
0;0.00224
0;0.00255
0;0.00213
0;0.00436
0;0.00298
0;5.31E-04
0;0.00255
0;0.00276
0;0.0034
0;0.00488
0;0.00276
0;5.30E-04
0;0.00276
0;0.0035
0;0.00318
0;0.00456
0;0.00254
0;1.06E-04
0;0.00244
0;0.00318
0;0.00307
0;0.00455
0;0.00254
0;9.52E-04
0;0.00275
0;0.00222
0;0.00571
0;0.03085
0;0.09008
0;0.18869
0;0.32115
0;0.48442
0;0.67102
0;0.87731
0;1.10749
0;1.35901
0;1.62975
0;1.93075
0;2.26556
0;2.63137
0;3.03175
0;3.4645
0;3.92408
0;4.41505
0;4.93884
0;5.48835
0;6.07893
0;6.7177
0;7.38767
0;8.09434
0;8.83527
1;9.59886
1;10.39219
1;11.20633
1;12.03424
1;12.89491
1;13.7999
1;14.7434
1;15.73718
1;16.78192
1;17.85613
1;18.98551
1;20.16703
1;21.37781
1;22.65695
1;24.01139
1;25.45683
1;27.03318
1;28.72339
1;30.5067
1;32.35796
1;34.21272
1;36.00227
1;37.70592
1;39.30407
1;40.78196
1;42.18716
1;43.50013
1;44.70721
1;45.84844
1;46.8971
1;47.83651
1;48.74061
1;49.58985
1;50.35039
1;51.09348
1;51.80521
1;52.45446
1;53.11612
1;53.75504
1;54.33025
1;54.91002
1;55.46261
1;55.9378
1;56.43288
1;56.91376
1;57.34221
1;57.79724
1;58.23862
1;58.61771
1;59.01618
1;59.39241
1;59.71451
1;60.05145
1;60.35595
1;60.59409
1;60.87148
1;61.13895
1;61.35861
1;61.58986
1;61.80934
1;61.97181
1;62.17426
1;62.35079
1;62.52508
1;62.69578
1;62.82496
1;62.99468
1;63.14438
1;63.23242
1;63.37172
1;63.50032
1;63.60463
1;63.74428
1;63.85895
1;63.90391
1;64.01201
1;64.1125
1;64.19053
1;64.30989
1;64.40069
1;64.44
1;64.52779
1;64.62942
1;64.6899
1;64.75913
1;64.83518
1;64.86241
1;64.94124
1;65.02732
1;65.07958
1;65.16613
1;65.21851
1;65.22583
1;65.30537
1;65.37296
1;65.3996
1;65.47006
1;65.53289
1;65.54529
1;65.60274
1;65.65909
1;65.68421
1;65.75258
1;65.80235
1;65.81076
1;65.86948
1;65.91845
1;65.95264
1;66.01684
1;66.05475
1;66.06145
1;66.10625
1;66.14088
1;66.15556
1;66.2187
1;66.27188
1;66.2448
1;66.29777
1;66.37418
1;66.36216
1;66.41359
1;66.46171
1;66.44102
1;66.48888
1;66.52093
1;66.53878
1;66.58854
1;66.60426
1;66.59067
1;66.64334
1;66.65532
1;66.69772
1;66.7563
1;66.77954
1;66.75482
1;66.796
1;66.83048
1;66.83403
1;66.89477
1;66.90729
1;66.88862
1;66.9484
1;66.96728
1;66.96168
1;67.01529
1;67.04523
1;67.01768
1;67.06498
1;67.08984
1;67.1049
1;67.13683
1;67.15467
1;67.1287
1;67.18697
1;67.21683
1;67.22619
1;67.25276
1;67.28562
1;67.26245
1;67.29868
1;67.33184
1;67.30663
1;67.36749
1;67.385
1;67.35214
1;67.41741
1;67.42397
1;67.42487
1;67.46748
1;67.49158
1;67.46346
1;67.51213
1;67.53941
1;67.51921
1;67.56834
1;67.58311
1;67.53942
1;67.60079
1;67.62577
1;67.6273
1;67.66595
1;67.66286
1;67.65642
1;67.70907
1;67.7156
1;67.70516
1;67.7608
1;67.76276
1;67.74442
1;67.78436
1;67.78048
1;67.80735
1;67.85578
1;67.8239
1;67.84926
1;67.86872
1;67.86584
1;67.87596
1;67.91046
1;67.90103
1;67.94723
1;67.93501
1;67.94001
1;67.94836
1;67.99738
1;67.97317
1;67.99432
1;68.01607
1;68.00792
1;68.02213
1;68.06266
1;68.06198
1;68.10176
1;68.10522
1;68.08046
1;68.10476
1;68.12395
1;68.13748
1;68.13795
1;68.14706
1;68.1761
1;68.15062
1;68.20015
1;68.18374
1;68.1891
1;68.21538
1;68.24709
1;68.23112
1;68.27558
1;68.28905
1;68.24794
1;68.29901
1;68.30499
1;68.29884
1;68.33533
1;68.3388
1;68.30032
1;68.36105
1;68.34395
1;68.34242
1;68.40426
1;68.38596
1;68.36165
1;68.42858
1;68.42087
1;68.40699
1;68.45008
1;68.45013
1;68.42883
1;68.45709
1;68.47293
1;68.46735
1;68.5019
1;68.48251
1;68.48194
1;68.51891
1;68.51765
1;68.49942
1;68.53869
1;68.54918
1;68.51529
1;68.58049
1;68.57062
1;68.57034
1;68.60613
1;68.60118
1;68.57477
1;68.62243
1;68.61123
1;68.61095
1;68.6542
1;68.66136
1;68.63375
1;68.65358
1;68.67584
1;68.67101
1;68.68207
1;68.69702
1;68.65603
1;68.71407
1;68.72817
1;68.71838
1;68.73914
1;68.7371
1;68.72121
1;68.76184
1;68.77068
1;68.7631
1;68.80178
1;68.80084
1;68.77707
1;68.79466
1;68.80479
1;68.81367
1;68.82877
1;68.82422
1;68.81221
1;68.84882
1;68.83066
1;68.84593
1;68.87519
1;68.87594
1;68.87064
1;68.89053
1;68.87842
1;68.87449
1;68.93496
1;68.92782
1;68.88989
1;68.93606
1;68.9215
1;68.91724
1;68.94238
1;68.9173
1;68.94984
1;68.95932
1;68.94145
1;68.95408
1;68.97186
1;68.98171
1;69.00617
1;69.00419
1;68.99542
1;68.99468
1;69.02955
1;69.00689
1;69.02969
1;69.06106
1;69.03547
1;69.02826
1;69.07078
1;69.081
1;69.07088
1;69.0927
1;69.09409
1;69.09266
1;69.12261
1;69.12614
1;69.13613
1;69.17081
1;69.14514
1;69.13551
1;69.16917
1;69.17853
1;69.18443
1;69.19029
1;69.21501
1;69.20447
1;69.20336
1;69.18249
1;69.1965
1;69.23426
1;69.20326
1;69.18811
1;69.23174
1;69.24851
1;69.23799
1;69.29251
1;69.25124
1;69.23561
1;69.28017
1;69.27898
1;69.29908
1;69.29544
1;69.28806
1;69.29757
1;69.31174
1;69.32921
1;69.33078
1;69.34678
1;69.35573
1;69.36317
1;69.38297
1;69.38711
1;69.3869
1;69.39295
1;69.38934
1;69.39043
1;69.39458
1;69.39863
1;69.42378
1;69.4514
1;69.44566
1;69.43196
1;69.44305
1;69.44549
1;69.45385
1;69.46269
1;69.46142
1;69.4908
1;69.49491
1;69.48586
1;69.49368
1;69.50585
1;69.52192
1;69.53102
1;69.54318
1;69.5331
1;69.53552
1;69.5513
1;69.5517
1;69.56585
1;69.58537
1;69.58076
1;69.58224
1;69.59798
1;69.58443
1;69.57519
1;69.60313
1;69.62286
1;69.60402
1;69.59413
1;69.61809
1;69.63332
1;69.65261
1;69.65208
1;69.64778
1;69.64036
1;69.6495
1;69.67155
1;69.7033
1;69.71324
1;69.6986
1;69.68794
1;69.68792
1;69.69788
1;69.73382
1;69.75693
1;69.7311
1;69.72168
1;69.74603
1;69.76772
1;69.75472
1;69.73351
1;69.73318
1;69.7509
1;69.77581
1;69.78284
1;69.77976
1;69.797
1;69.79252
1;69.77622
1;69.7786
1;69.80663
1;69.80808
1;69.80977
1;69.8119
1;69.80939
1;69.83182
1;69.8333
1;69.82524
1;69.83938
1;69.85424
1;69.86572
1;69.86708
1;69.87236
1;69.87146
1;69.86053
1;69.86988
1;69.89683
1;69.89931
1;69.8877
1;69.88552
1;69.88684
1;69.89132
1;69.90468
1;69.91645
1;69.9244
1;69.94035
1;69.94953
1;69.92469
1;69.92755
1;69.93274
1;69.93585
1;69.92957
1;69.94473
1;69.9475
1;69.93695
1;69.93304
1;69.95363
1;69.96605
1;69.95397
1;69.97194
1;69.97361
1;69.9724
1;69.98527
1;69.97564
1;69.98634
1;69.97418
1;69.9813
1;69.99771
1;69.99684
1;69.99751
1;69.99522
1;70.00708
1;70.02714
1;70.01102
1;69.99081
1;70.00412
1;70.02308
1;70.02055
1.001;70.02804
1.002;70.03583
1.003;70.0205
1.004;70.03595
1.005;70.05126
1.006;70.05102
1.007;70.05702
1.008;70.05841
1.009;70.05174
1.01;70.06956
1.011;70.05681
1.012;70.06449
1.013;70.05542
1.014;70.08244
1.015;70.07171
1.016;70.06183
1.017;70.05962
1.018;70.04473
1.019;70.06939
1.02;70.08552
1.021;70.08565
1.022;70.0889
1.023;70.08051
1.024;70.08359
1.025;70.08883
1.026;70.11406
1.027;70.12479
1.028;70.114
1.029;70.096
1.03;70.10667
1.031;70.10179
1.032;70.09498
1.033;70.1273
1.034;70.12288
1.035;70.14025
1.036;70.14157
1.037;70.1235
1.038;70.1165
1.039;70.14551
1.04;70.15685
1.041;70.13096
1.042;70.12078
1.043;70.12368
1.044;70.13431
1.045;70.14147
1.046;70.16069
1.047;70.16526
1.048;70.16767
1.049;70.15149
1.05;70.15811
1.051;70.18394
1.052;70.18381
1.053;70.20553
1.054;70.18108
1.055;70.19342
1.056;70.18143
1.057;70.18006
1.058;70.16979
1.059;70.17395
1.06;70.19314
1.061;70.2026
1.062;70.20474
1.063;70.20725
1.064;70.19588
1.065;70.19531
1.066;70.20164
1.067;70.19687
1.068;70.1939
1.069;70.18106
1.07;70.24395
1.071;70.23696
1.072;70.23994
1.073;70.24681
1.074;70.24445
1.075;70.21407
1.076;70.21804
1.077;70.22686
1.078;70.24082
1.079;70.24791
1.08;70.2573
1.081;70.26131
1.082;70.26528
1.083;70.24167
1.084;70.24369
1.085;70.25704
1.086;70.24337
1.087;70.26794
1.088;70.27398
1.089;70.27891
1.09;70.27092
1.091;70.27138
1.092;70.25836
1.093;70.28584
1.094;70.30287
1.095;70.30271
1.096;70.29603
1.097;70.28023
1.098;70.29535
1.099;70.2868
1.1;70.28821
1.101;70.28793
1.102;70.32243
1.103;70.3335
1.104;70.32731
1.105;70.31771
1.106;70.32152
1.107;70.33858
1.108;70.31554
1.109;70.32101
1.11;70.32755
1.111;70.32659
1.112;70.3324
1.113;70.34547
1.114;70.32477
1.115;70.34233
1.116;70.32863
1.117;70.35784
1.118;70.36279
1.119;70.35654
1.12;70.34206
1.121;70.3291
1.122;70.35096
1.123;70.34553
1.124;70.34897
1.125;70.34628
1.126;70.388
1.127;70.38004
1.128;70.38675
1.129;70.39039
1.13;70.40321
1.131;70.38279
1.132;70.37046
1.133;70.38173
1.134;70.39739
1.135;70.39996
1.136;70.4075
1.137;70.43403
1.138;70.41987
1.139;70.44316
1.14;70.436
1.141;70.44237
1.142;70.42745
1.143;70.42489
1.144;70.4189
1.145;70.43072
1.146;70.44752
1.147;70.43416
1.148;70.41472
1.149;70.4246
1.15;70.43493
1.151;70.44587
1.152;70.46701
1.153;70.47278
1.154;70.47428
1.155;70.47124
1.156;70.47492
1.157;70.48853
1.158;70.4645
1.159;70.46052
1.16;70.45629
1.161;70.46721
1.162;70.46108
1.163;70.4764
1.164;70.47191
1.165;70.48645
1.166;70.50703
1.167;70.5048
1.168;70.52728
1.169;70.51177
1.17;70.52527
1.171;70.53581
1.172;70.51928
1.173;70.51583
1.174;70.52518
1.175;70.52388
1.176;70.52443
1.177;70.52537
1.178;70.52911
1.179;70.53334
1.18;70.56696
1.181;70.58124
1.182;70.57309
1.183;70.53431
1.184;70.52596
1.185;70.52357
1.186;70.53351
1.187;70.55708
1.188;70.56876
1.189;70.56747
1.19;70.53978
1.191;70.55362
1.192;70.5499
1.193;70.57546
1.194;70.56645
1.195;70.55088
1.196;70.55245
1.197;70.56123
1.198;70.57106
1.199;70.59082
1.2;70.64515
1.201;70.64671
1.202;70.64827
1.203;70.64982
1.204;70.65137
1.205;70.65292
1.206;70.65447
1.207;70.65601
1.208;70.65756
1.209;70.65909
1.21;70.66063
1.211;70.66216
1.212;70.6637
1.213;70.66522
1.214;70.66675
1.215;70.66827
1.216;70.66979
1.217;70.67131
1.218;70.67283
1.219;70.67434
1.22;70.67585
1.221;70.67736
1.222;70.67886
1.223;70.68036
1.224;70.68186
1.225;70.68336
1.226;70.68486
1.227;70.68635
1.228;70.68784
1.229;70.68932
1.23;70.69081
1.231;70.69229
1.232;70.69377
1.233;70.69525
1.234;70.69672
1.235;70.69819
1.236;70.69966
1.237;70.70113
1.238;70.70259
1.239;70.70405
1.24;70.70551
1.241;70.70697
1.242;70.70842
1.243;70.70987
1.244;70.71132
1.245;70.71277
1.246;70.71421
1.247;70.71565
1.248;70.71709
1.249;70.71853
1.25;70.71996
1.251;70.72139
1.252;70.72282
1.253;70.72425
1.254;70.72567
1.255;70.72709
1.256;70.72851
1.257;70.72993
1.258;70.73134
1.259;70.73275
1.26;70.73416
1.261;70.73557
1.262;70.73697
1.263;70.73837
1.264;70.73977
1.265;70.74117
1.266;70.74256
1.267;70.74395
1.268;70.74534
1.269;70.74673
1.27;70.74811
1.271;70.74949
1.272;70.75087
1.273;70.75225
1.274;70.75362
1.275;70.75499
1.276;70.75636
1.277;70.75773
1.278;70.75909
1.279;70.76046
1.28;70.76181
1.281;70.76317
1.282;70.76453
1.283;70.76588
1.284;70.76723
1.285;70.76857
1.286;70.76992
1.287;70.77126
1.288;70.7726
1.289;70.77394
1.29;70.77527
1.291;70.77661
1.292;70.77794
1.293;70.77926
1.294;70.78059
1.295;70.78191
1.296;70.78323
1.297;70.78455
1.298;70.78587
1.299;70.78718
1.3;70.78849
1.301;70.7898
1.302;70.79111
1.303;70.79241
1.304;70.79371
1.305;70.79501
1.306;70.79631
1.307;70.7976
1.308;70.79889
1.309;70.80018
1.31;70.80147
1.311;70.80275
1.312;70.80404
1.313;70.80532
1.314;70.80659
1.315;70.80787
1.316;70.80914
1.317;70.81041
1.318;70.81168
1.319;70.81295
1.32;70.81421
1.321;70.81547
1.322;70.81673
1.323;70.81799
1.324;70.81924
1.325;70.82049
1.326;70.82174
1.327;70.82299
1.328;70.82424
1.329;70.82548
1.33;70.82672
1.331;70.82796
1.332;70.82919
1.333;70.83042
1.334;70.83166
1.335;70.83288
1.336;70.83411
1.337;70.83533
1.338;70.83656
1.339;70.83778
1.34;70.83899
1.341;70.84021
1.342;70.84142
1.343;70.84263
1.344;70.84384
1.345;70.84504
1.346;70.84625
1.347;70.84745
1.348;70.84865
1.349;70.84984
1.35;70.85104
1.351;70.85223
1.352;70.85342
1.353;70.85461
1.354;70.85579
1.355;70.85697
1.356;70.85815
1.357;70.85933
1.358;70.86051
1.359;70.86168
1.36;70.86285
1.361;70.86402
1.362;70.86519
1.363;70.86636
1.364;70.86752
1.365;70.86868
1.366;70.86984
1.367;70.87099
1.368;70.87215
1.369;70.8733
1.37;70.87445
1.371;70.87559
1.372;70.87674
1.373;70.87788
1.374;70.87902
1.375;70.88016
1.376;70.88129
1.377;70.88243
1.378;70.88356
1.379;70.88469
1.38;70.88582
1.381;70.88694
1.382;70.88806
1.383;70.88918
1.384;70.8903
1.385;70.89142
1.386;70.89253
1.387;70.89364
1.388;70.89475
1.389;70.89586
1.39;70.89696
1.391;70.89807
1.392;70.89917
1.393;70.90027
1.394;70.90136
1.395;70.90246
1.396;70.90355
1.397;70.90464
1.398;70.90572
1.399;70.90681
1.4;70.90789
1.401;70.90897
1.402;70.91005
1.403;70.91113
1.404;70.9122
1.405;70.91328
1.406;70.91435
1.407;70.91542
1.408;70.91648
1.409;70.91755
1.41;70.91861
1.411;70.91967
1.412;70.92072
1.413;70.92178
1.414;70.92283
1.415;70.92388
1.416;70.92493
1.417;70.92598
1.418;70.92702
1.419;70.92807
1.42;70.92911
1.421;70.93015
1.422;70.93118
1.423;70.93222
1.424;70.93325
1.425;70.93428
1.426;70.9353
1.427;70.93633
1.428;70.93735
1.429;70.93838
1.43;70.93939
1.431;70.94041
1.432;70.94143
1.433;70.94244
1.434;70.94345
1.435;70.94446
1.436;70.94547
1.437;70.94647
1.438;70.94747
1.439;70.94847
1.44;70.94947
1.441;70.95047
1.442;70.95146
1.443;70.95246
1.444;70.95345
1.445;70.95443
1.446;70.95542
1.447;70.9564
1.448;70.95739
1.449;70.95837
1.45;70.95934
1.451;70.96032
1.452;70.96129
1.453;70.96226
1.454;70.96323
1.455;70.9642
1.456;70.96517
1.457;70.96613
1.458;70.96709
1.459;70.96805
1.46;70.96901
1.461;70.96996
1.462;70.97092
1.463;70.97187
1.464;70.97282
1.465;70.97377
1.466;70.97471
1.467;70.97565
1.468;70.9766
1.469;70.97753
1.47;70.97847
1.471;70.97941
1.472;70.98034
1.473;70.98127
1.474;70.9822
1.475;70.98313
1.476;70.98405
1.477;70.98498
1.478;70.9859
1.479;70.98682
1.48;70.98773
1.481;70.98865
1.482;70.98956
1.483;70.99047
1.484;70.99138
1.485;70.99229
1.486;70.99319
1.487;70.9941
1.488;70.995
1.489;70.9959
1.49;70.9968
1.491;70.99769
1.492;70.99858
1.493;70.99948
1.494;71.00037
1.495;71.00125
1.496;71.00214
1.497;71.00302
1.498;71.0039
1.499;71.00478
1.5;71.00566
1.501;71.00654
1.502;71.00741
1.503;71.00828
1.504;71.00915
1.505;71.01002
1.506;71.01089
1.507;71.01175
1.508;71.01261
1.509;71.01347
1.51;71.01433
1.511;71.01519
1.512;71.01604
1.513;71.0169
1.514;71.01775
1.515;71.0186
1.516;71.01944
1.517;71.02029
1.518;71.02113
1.519;71.02197
1.52;71.02281
1.521;71.02365
1.522;71.02449
1.523;71.02532
1.524;71.02615
1.525;71.02698
1.526;71.02781
1.527;71.02863
1.528;71.02946
1.529;71.03028
1.53;71.0311
1.531;71.03192
1.532;71.03274
1.533;71.03355
1.534;71.03436
1.535;71.03517
1.536;71.03598
1.537;71.03679
1.538;71.0376
1.539;71.0384
1.54;71.0392
1.541;71.04
1.542;71.0408
1.543;71.04159
1.544;71.04239
1.545;71.04318
1.546;71.04397
1.547;71.04476
1.548;71.04555
1.549;71.04633
1.55;71.04711
1.551;71.0479
1.552;71.04868
1.553;71.04945
1.554;71.05023
1.555;71.051
1.556;71.05177
1.557;71.05254
1.558;71.05331
1.559;71.05408
1.56;71.05484
1.561;71.05561
1.562;71.05637
1.563;71.05713
1.564;71.05789
1.565;71.05864
1.566;71.05939
1.567;71.06015
1.568;71.0609
1.569;71.06165
1.57;71.06239
1.571;71.06314
1.572;71.06388
1.573;71.06462
1.574;71.06536
1.575;71.0661
1.576;71.06683
1.577;71.06757
1.578;71.0683
1.579;71.06903
1.58;71.06976
1.581;71.07049
1.582;71.07121
1.583;71.07193
1.584;71.07266
1.585;71.07338
1.586;71.07409
1.587;71.07481
1.588;71.07552
1.589;71.07624
1.59;71.07695
1.591;71.07766
1.592;71.07836
1.593;71.07907
1.594;71.07977
1.595;71.08048
1.596;71.08118
1.597;71.08187
1.598;71.08257
1.599;71.08327
1.6;71.08396
1.601;71.08465
1.602;71.08534
1.603;71.08603
1.604;71.08672
1.605;71.0874
1.606;71.08808
1.607;71.08876
1.608;71.08944
1.609;71.09012
1.61;71.0908
1.611;71.09147
1.612;71.09215
1.613;71.09282
1.614;71.09349
1.615;71.09415
1.616;71.09482
1.617;71.09548
1.618;71.09614
1.619;71.09681
1.62;71.09746
1.621;71.09812
1.622;71.09878
1.623;71.09943
1.624;71.10008
1.625;71.10073
1.626;71.10138
1.627;71.10203
1.628;71.10267
1.629;71.10332
1.63;71.10396
1.631;71.1046
1.632;71.10524
1.633;71.10588
1.634;71.10651
1.635;71.10714
1.636;71.10778
1.637;71.10841
1.638;71.10903
1.639;71.10966
1.64;71.11029
1.641;71.11091
1.642;71.11153
1.643;71.11215
1.644;71.11277
1.645;71.11339
1.646;71.114
1.647;71.11462
1.648;71.11523
1.649;71.11584
1.65;71.11645
1.651;71.11705
1.652;71.11766
1.653;71.11826
1.654;71.11886
1.655;71.11947
1.656;71.12006
1.657;71.12066
1.658;71.12126
1.659;71.12185
1.66;71.12244
1.661;71.12303
1.662;71.12362
1.663;71.12421
1.664;71.1248
1.665;71.12538
1.666;71.12596
1.667;71.12654
1.668;71.12712
1.669;71.1277
1.67;71.12828
1.671;71.12885
1.672;71.12942
1.673;71.12999
1.674;71.13056
1.675;71.13113
1.676;71.1317
1.677;71.13226
1.678;71.13283
1.679;71.13339
1.68;71.13395
1.681;71.13451
1.682;71.13506
1.683;71.13562
1.684;71.13617
1.685;71.13672
1.686;71.13727
1.687;71.13782
1.688;71.13837
1.689;71.13892
1.69;71.13946
1.691;71.14
1.692;71.14054
1.693;71.14108
1.694;71.14162
1.695;71.14216
1.696;71.14269
1.697;71.14323
1.698;71.14376
1.699;71.14429
1.7;71.14482
1.701;71.14534
1.702;71.14587
1.703;71.14639
1.704;71.14692
1.705;71.14744
1.706;71.14796
1.707;71.14847
1.708;71.14899
1.709;71.1495
1.71;71.15002
1.711;71.15053
1.712;71.15104
1.713;71.15155
1.714;71.15205
1.715;71.15256
1.716;71.15306
1.717;71.15357
1.718;71.15407
1.719;71.15457
1.72;71.15506
1.721;71.15556
1.722;71.15606
1.723;71.15655
1.724;71.15704
1.725;71.15753
1.726;71.15802
1.727;71.15851
1.728;71.15899
1.729;71.15948
1.73;71.15996
1.731;71.16044
1.732;71.16092
1.733;71.1614
1.734;71.16188
1.735;71.16235
1.736;71.16282
1.737;71.1633
1.738;71.16377
1.739;71.16424
1.74;71.16471
1.741;71.16517
1.742;71.16564
1.743;71.1661
1.744;71.16656
1.745;71.16702
1.746;71.16748
1.747;71.16794
1.748;71.16839
1.749;71.16885
1.75;71.1693
1.751;71.16975
1.752;71.1702
1.753;71.17065
1.754;71.1711
1.755;71.17155
1.756;71.17199
1.757;71.17243
1.758;71.17288
1.759;71.17332
1.76;71.17375
1.761;71.17419
1.762;71.17463
1.763;71.17506
1.764;71.17549
1.765;71.17593
1.766;71.17635
1.767;71.17678
1.768;71.17721
1.769;71.17764
1.77;71.17806
1.771;71.17848
1.772;71.1789
1.773;71.17932
1.774;71.17974
1.775;71.18016
1.776;71.18058
1.777;71.18099
1.778;71.1814
1.779;71.18181
1.78;71.18222
1.781;71.18263
1.782;71.18304
1.783;71.18345
1.784;71.18385
1.785;71.18425
1.786;71.18465
1.787;71.18505
1.788;71.18545
1.789;71.18585
1.79;71.18625
1.791;71.18664
1.792;71.18703
1.793;71.18743
1.794;71.18782
1.795;71.18821
1.796;71.18859
1.797;71.18898
1.798;71.18936
1.799;71.18975
1.8;71.19013
1.801;71.19051
1.802;71.19089
1.803;71.19127
1.804;71.19165
1.805;71.19202
1.806;71.19239
1.807;71.19277
1.808;71.19314
1.809;71.19351
1.81;71.19388
1.811;71.19424
1.812;71.19461
1.813;71.19497
1.814;71.19534
1.815;71.1957
1.816;71.19606
1.817;71.19642
1.818;71.19678
1.819;71.19713
1.82;71.19749
1.821;71.19784
1.822;71.19819
1.823;71.19854
1.824;71.19889
1.825;71.19924
1.826;71.19959
1.827;71.19993
1.828;71.20028
1.829;71.20062
1.83;71.20096
1.831;71.2013
1.832;71.20164
1.833;71.20198
1.834;71.20232
1.835;71.20265
1.836;71.20298
1.837;71.20332
1.838;71.20365
1.839;71.20398
1.84;71.20431
1.841;71.20463
1.842;71.20496
1.843;71.20528
1.844;71.20561
1.845;71.20593
1.846;71.20625
1.847;71.20657
1.848;71.20689
1.849;71.2072
1.85;71.20752
1.851;71.20783
1.852;71.20815
1.853;71.20846
1.854;71.20877
1.855;71.20908
1.856;71.20938
1.857;71.20969
1.858;71.21
1.859;71.2103
1.86;71.2106
1.861;71.2109
1.862;71.2112
1.863;71.2115
1.864;71.2118
1.865;71.2121
1.866;71.21239
1.867;71.21268
1.868;71.21298
1.869;71.21327
1.87;71.21356
1.871;71.21385
1.872;71.21413
1.873;71.21442
1.874;71.2147
1.875;71.21499
1.876;71.21527
1.877;71.21555
1.878;71.21583
1.879;71.21611
1.88;71.21639
1.881;71.21666
1.882;71.21694
1.883;71.21721
1.884;71.21748
1.885;71.21776
1.886;71.21803
1.887;71.21829
1.888;71.21856
1.889;71.21883
1.89;71.21909
1.891;71.21936
1.892;71.21962
1.893;71.21988
1.894;71.22014
1.895;71.2204
1.896;71.22066
1.897;71.22091
1.898;71.22117
1.899;71.22142
1.9;71.22168
1.901;71.22193
1.902;71.22218
1.903;71.22243
1.904;71.22268
1.905;71.22292
1.906;71.22317
1.907;71.22341
1.908;71.22366
1.909;71.2239
1.91;71.22414
1.911;71.22438
1.912;71.22462
1.913;71.22485
1.914;71.22509
1.915;71.22532
1.916;71.22556
1.917;71.22579
1.918;71.22602
1.919;71.22625
1.92;71.22648
1.921;71.22671
1.922;71.22694
1.923;71.22716
1.924;71.22738
1.925;71.22761
1.926;71.22783
1.927;71.22805
1.928;71.22827
1.929;71.22849
1.93;71.22871
1.931;71.22892
1.932;71.22914
1.933;71.22935
1.934;71.22956
1.935;71.22977
1.936;71.22998
1.937;71.23019
1.938;71.2304
1.939;71.23061
1.94;71.23081
1.941;71.23102
1.942;71.23122
1.943;71.23142
1.944;71.23162
1.945;71.23182
1.946;71.23202
1.947;71.23222
1.948;71.23242
1.949;71.23261
1.95;71.23281
1.951;71.233
1.952;71.23319
1.953;71.23338
1.954;71.23357
1.955;71.23376
1.956;71.23395
1.957;71.23414
1.958;71.23432
1.959;71.2345
1.96;71.23469
1.961;71.23487
1.962;71.23505
1.963;71.23523
1.964;71.23541
1.965;71.23559
1.966;71.23576
1.967;71.23594
1.968;71.23611
1.969;71.23628
1.97;71.23646
1.971;71.23663
1.972;71.2368
1.973;71.23697
1.974;71.23713
1.975;71.2373
1.976;71.23746
1.977;71.23763
1.978;71.23779
1.979;71.23795
1.98;71.23811
1.981;71.23827
1.982;71.23843
1.983;71.23859
1.984;71.23875
1.985;71.2389
1.986;71.23906
1.987;71.23921
1.988;71.23936
1.989;71.23951
1.99;71.23966
1.991;71.23981
1.992;71.23996
1.993;71.24011
1.994;71.24025
1.995;71.2404
1.996;71.24054
1.997;71.24069
1.998;71.24083
1.999;71.24097
2;71.24111
2.001;71.24125
2.002;71.24138
2.003;71.24152
2.004;71.24165
2.005;71.24179
2.006;71.24192
2.007;71.24205
2.008;71.24219
2.009;71.24232
2.01;71.24244
2.011;71.24257
2.012;71.2427
2.013;71.24283
2.014;71.24295
2.015;71.24307
2.016;71.2432
2.017;71.24332
2.018;71.24344
2.019;71.24356
2.02;71.24368
2.021;71.24379
2.022;71.24391
2.023;71.24403
2.024;71.24414
2.025;71.24426
2.026;71.24437
2.027;71.24448
2.028;71.24459
2.029;71.2447
2.03;71.24481
2.031;71.24491
2.032;71.24502
2.033;71.24513
2.034;71.24523
2.035;71.24533
2.036;71.24544
2.037;71.24554
2.038;71.24564
2.039;71.24574
2.04;71.24584
2.041;71.24593
2.042;71.24603
2.043;71.24613
2.044;71.24622
2.045;71.24631
2.046;71.24641
2.047;71.2465
2.048;71.24659
2.049;71.24668
2.05;71.24677
2.051;71.24685
2.052;71.24694
2.053;71.24702
2.054;71.24711
2.055;71.24719
2.056;71.24728
2.057;71.24736
2.058;71.24744
2.059;71.24752
2.06;71.2476
2.061;71.24767
2.062;71.24775
2.063;71.24783
2.064;71.2479
2.065;71.24797
2.066;71.24805
2.067;71.24812
2.068;71.24819
2.069;71.24826
2.07;71.24833
2.071;71.2484
2.072;71.24846
2.073;71.24853
2.074;71.2486
2.075;71.24866
2.076;71.24872
2.077;71.24879
2.078;71.24885
2.079;71.24891
2.08;71.24897
2.081;71.24903
2.082;71.24908
2.083;71.24914
2.084;71.2492
2.085;71.24925
2.086;71.24931
2.087;71.24936
2.088;71.24941
2.089;71.24946
2.09;71.24951
2.091;71.24956
2.092;71.24961
2.093;71.24966
2.094;71.2497
2.095;71.24975
2.096;71.24979
2.097;71.24984
2.098;71.24988
2.099;71.24992
2.1;71.24996
2.101;71.25
2.102;71.25004
2.103;71.25008
2.104;71.25012
2.105;71.25015
2.106;71.25019
2.107;71.25022
2.108;71.25026
2.109;71.25029
2.11;71.25032
2.111;71.25035
2.112;71.25038
2.113;71.25041
2.114;71.25044
2.115;71.25047
2.116;71.25049
2.117;71.25052
2.118;71.25055
2.119;71.25057
2.12;71.25059
2.121;71.25061
2.122;71.25064
2.123;71.25066
2.124;71.25067
2.125;71.25069
2.126;71.25071
2.127;71.25073
2.128;71.25074
2.129;71.25076
2.13;71.25077
2.131;71.25079
2.132;71.2508
2.133;71.25081
2.134;71.25082
2.135;71.25083
2.136;71.25084
2.137;71.25085
2.138;71.25085
2.139;71.25086
2.14;71.25087
2.141;71.25087
2.142;71.25088
2.143;71.25088
2.144;71.25088
2.145;71.25088
2.146;71.25088
2.147;71.25088
2.148;71.25088
2.149;71.25088
2.15;71.25087
2.151;71.25087
2.152;71.25087
2.153;71.25086
2.154;71.25085
2.155;71.25085
2.156;71.25084
2.157;71.25083
2.158;71.25082
2.159;71.25081
2.16;71.2508
2.161;71.25079
2.162;71.25077
2.163;71.25076
2.164;71.25074
2.165;71.25073
2.166;71.25071
2.167;71.25069
2.168;71.25068
2.169;71.25066
2.17;71.25064
2.171;71.25062
2.172;71.2506
2.173;71.25057
2.174;71.25055
2.175;71.25053
2.176;71.2505
2.177;71.25048
2.178;71.25045
2.179;71.25042
2.18;71.25039
2.181;71.25037
2.182;71.25034
2.183;71.25031
2.184;71.25028
2.185;71.25024
2.186;71.25021
2.187;71.25018
2.188;71.25014
2.189;71.25011
2.19;71.25007
2.191;71.25003
2.192;71.25
2.193;71.24996
2.194;71.24992
2.195;71.24988
2.196;71.24984
2.197;71.2498
2.198;71.24976
2.199;71.24971
2.2;71.24967
2.201;71.24962
2.202;71.24958
2.203;71.24953
2.204;71.24949
2.205;71.24944
2.206;71.24939
2.207;71.24934
2.208;71.24929
2.209;71.24924
2.21;71.24919
2.211;71.24914
2.212;71.24908
2.213;71.24903
2.214;71.24897
2.215;71.24892
2.216;71.24886
2.217;71.24881
2.218;71.24875
2.219;71.24869
2.22;71.24863
2.221;71.24857
2.222;71.24851
2.223;71.24845
2.224;71.24839
2.225;71.24832
2.226;71.24826
2.227;71.2482
2.228;71.24813
2.229;71.24806
2.23;71.248
2.231;71.24793
2.232;71.24786
2.233;71.24779
2.234;71.24772
2.235;71.24765
2.236;71.24758
2.237;71.24751
2.238;71.24744
2.239;71.24736
2.24;71.24729
2.241;71.24721
2.242;71.24714
2.243;71.24706
2.244;71.24699
2.245;71.24691
2.246;71.24683
2.247;71.24675
2.248;71.24667
2.249;71.24659
2.25;71.24651
2.251;71.24643
2.252;71.24634
2.253;71.24626
2.254;71.24618
2.255;71.24609
2.256;71.24601
2.257;71.24592
2.258;71.24583
2.259;71.24574
2.26;71.24566
2.261;71.24557
2.262;71.24548
2.263;71.24539
2.264;71.24529
2.265;71.2452
2.266;71.24511
2.267;71.24502
2.268;71.24492
2.269;71.24483
2.27;71.24473
2.271;71.24464
2.272;71.24454
2.273;71.24444
2.274;71.24434
2.275;71.24424
2.276;71.24414
2.277;71.24404
2.278;71.24394
2.279;71.24384
2.28;71.24374
2.281;71.24364
2.282;71.24353
2.283;71.24343
2.284;71.24332
2.285;71.24322
2.286;71.24311
2.287;71.243
2.288;71.24289
2.289;71.24279
2.29;71.24268
2.291;71.24257
2.292;71.24246
2.293;71.24235
2.294;71.24223
2.295;71.24212
2.296;71.24201
2.297;71.24189
2.298;71.24178
2.299;71.24166
2.3;71.24155
2.301;71.24143
2.302;71.24131
2.303;71.2412
2.304;71.24108
2.305;71.24096
2.306;71.24084
2.307;71.24072
2.308;71.2406
2.309;71.24048
2.31;71.24035
2.311;71.24023
2.312;71.24011
2.313;71.23998
2.314;71.23986
2.315;71.23973
2.316;71.23961
2.317;71.23948
2.318;71.23935
2.319;71.23922
2.32;71.23909
2.321;71.23896
2.322;71.23883
2.323;71.2387
2.324;71.23857
2.325;71.23844
2.326;71.23831
2.327;71.23817
2.328;71.23804
2.329;71.23791
2.33;71.23777
2.331;71.23763
2.332;71.2375
2.333;71.23736
2.334;71.23722
2.335;71.23709
2.336;71.23695
2.337;71.23681
2.338;71.23667
2.339;71.23653
2.34;71.23638
2.341;71.23624
2.342;71.2361
2.343;71.23596
2.344;71.23581
2.345;71.23567
2.346;71.23552
2.347;71.23538
2.348;71.23523
2.349;71.23509
2.35;71.23494
2.351;71.23479
2.352;71.23464
2.353;71.23449
2.354;71.23434
2.355;71.23419
2.356;71.23404
2.357;71.23389
2.358;71.23374
2.359;71.23358
2.36;71.23343
2.361;71.23328
2.362;71.23312
2.363;71.23297
2.364;71.23281
2.365;71.23265
2.366;71.2325
2.367;71.23234
2.368;71.23218
2.369;71.23202
2.37;71.23186
2.371;71.2317
2.372;71.23154
2.373;71.23138
2.374;71.23122
2.375;71.23106
2.376;71.2309
2.377;71.23073
2.378;71.23057
2.379;71.2304
2.38;71.23024
2.381;71.23007
2.382;71.22991
2.383;71.22974
2.384;71.22957
2.385;71.22941
2.386;71.22924
2.387;71.22907
2.388;71.2289
2.389;71.22873
2.39;71.22856
2.391;71.22839
2.392;71.22821
2.393;71.22804
2.394;71.22787
2.395;71.2277
2.396;71.22752
2.397;71.22735
2.398;71.22717
2.399;71.227
2.4;71.22682
2.401;71.22664
2.402;71.22647
2.403;71.22629
2.404;71.22611
2.405;71.22593
2.406;71.22575
2.407;71.22557
2.408;71.22539
2.409;71.22521
2.41;71.22503
2.411;71.22485
2.412;71.22466
2.413;71.22448
2.414;71.2243
2.415;71.22411
2.416;71.22393
2.417;71.22374
2.418;71.22356
2.419;71.22337
2.42;71.22318
2.421;71.22299
2.422;71.22281
2.423;71.22262
2.424;71.22243
2.425;71.22224
2.426;71.22205
2.427;71.22186
2.428;71.22167
2.429;71.22148
2.43;71.22128
2.431;71.22109
2.432;71.2209
2.433;71.2207
2.434;71.22051
2.435;71.22031
2.436;71.22012
2.437;71.21992
2.438;71.21973
2.439;71.21953
2.44;71.21933
2.441;71.21913
2.442;71.21894
2.443;71.21874
2.444;71.21854
2.445;71.21834
2.446;71.21814
2.447;71.21794
2.448;71.21774
2.449;71.21753
2.45;71.21733
2.451;71.21713
2.452;71.21693
2.453;71.21672
2.454;71.21652
2.455;71.21631
2.456;71.21611
2.457;71.2159
2.458;71.2157
2.459;71.21549
2.46;71.21528
2.461;71.21507
2.462;71.21487
2.463;71.21466
2.464;71.21445
2.465;71.21424
2.466;71.21403
2.467;71.21382
2.468;71.21361
2.469;71.21339
2.47;71.21318
2.471;71.21297
2.472;71.21276
2.473;71.21254
2.474;71.21233
2.475;71.21212
2.476;71.2119
2.477;71.21169
2.478;71.21147
2.479;71.21125
2.48;71.21104
2.481;71.21082
2.482;71.2106
2.483;71.21038
2.484;71.21017
2.485;71.20995
2.486;71.20973
2.487;71.20951
2.488;71.20929
2.489;71.20907
2.49;71.20884
2.491;71.20862
2.492;71.2084
2.493;71.20818
2.494;71.20795
2.495;71.20773
2.496;71.20751
2.497;71.20728
2.498;71.20706
2.499;71.20683
2.5;71.20661
2.501;71.20638
2.502;71.20615
2.503;71.20593
2.504;71.2057
2.505;71.20547
2.506;71.20524
2.507;71.20501
2.508;71.20478
2.509;71.20455
2.51;71.20432
2.511;71.20409
2.512;71.20386
2.513;71.20363
2.514;71.2034
2.515;71.20317
2.516;71.20293
2.517;71.2027
2.518;71.20247
2.519;71.20223
2.52;71.202
2.521;71.20176
2.522;71.20153
2.523;71.20129
2.524;71.20105
2.525;71.20082
2.526;71.20058
2.527;71.20034
2.528;71.2001
2.529;71.19987
2.53;71.19963
2.531;71.19939
2.532;71.19915
2.533;71.19891
2.534;71.19867
2.535;71.19843
2.536;71.19819
2.537;71.19794
2.538;71.1977
2.539;71.19746
2.54;71.19722
2.541;71.19697
2.542;71.19673
2.543;71.19649
2.544;71.19624
2.545;71.196
2.546;71.19575
2.547;71.19551
2.548;71.19526
2.549;71.19501
2.55;71.19477
2.551;71.19452
2.552;71.19427
2.553;71.19402
2.554;71.19377
2.555;71.19353
2.556;71.19328
2.557;71.19303
2.558;71.19278
2.559;71.19253
2.56;71.19228
2.561;71.19202
2.562;71.19177
2.563;71.19152
2.564;71.19127
2.565;71.19102
2.566;71.19076
2.567;71.19051
2.568;71.19026
2.569;71.19
2.57;71.18975
2.571;71.18949
2.572;71.18924
2.573;71.18898
2.574;71.18872
2.575;71.18847
2.576;71.18821
2.577;71.18795
2.578;71.1877
2.579;71.18744
2.58;71.18718
2.581;71.18692
2.582;71.18666
2.583;71.1864
2.584;71.18614
2.585;71.18588
2.586;71.18562
2.587;71.18536
2.588;71.1851
2.589;71.18484
2.59;71.18457
2.591;71.18431
2.592;71.18405
2.593;71.18379
2.594;71.18352
2.595;71.18326
2.596;71.18299
2.597;71.18273
2.598;71.18247
2.599;71.1822
2.6;71.18193
2.60979;71.17932
2.61973;71.17662
2.62966;71.1739
2.63959;71.17115
2.64979;71.16828
2.65971;71.16547
2.66963;71.16263
2.67982;71.15968
2.68973;71.15678
2.69963;71.15386
2.7098;71.15083
2.7197;71.14785
2.72959;71.14486
2.73975;71.14176
2.74963;71.13872
2.75979;71.13557
2.76966;71.13249
2.77953;71.12939
2.78967;71.12619
2.79953;71.12305
2.80966;71.11981
2.81951;71.11664
2.82963;71.11336
2.83974;71.11007
2.84958;71.10686
2.85969;71.10354
2.86952;71.1003
2.87961;71.09695
2.8897;71.0936
2.89952;71.09032
2.9096;71.08695
2.91968;71.08356
2.92948;71.08025
2.93955;71.07685
2.94961;71.07344
2.95967;71.07002
2.96945;71.06669
2.9795;71.06326
2.98954;71.05982
2.99958;71.05638
3.00961;71.05294
3.01964;71.04949
3.02966;71.04604
3.03968;71.04258
3.04942;71.03922
3.05943;71.03577
3.06943;71.03231
3.07943;71.02886
3.08943;71.0254
3.09941;71.02195
3.1094;71.0185
3.11964;71.01495
3.12961;71.01151
3.13958;71.00806
3.14954;71.00462
3.1595;71.00119
3.16945;70.99776
3.17939;70.99433
3.1896;70.99082
3.19954;70.9874
3.20947;70.984
3.21939;70.9806
3.22958;70.97711
3.23949;70.97373
3.2494;70.97035
3.25957;70.96689
3.26947;70.96354
3.27936;70.96019
3.28951;70.95676
3.29939;70.95343
3.30953;70.95003
3.3194;70.94672
3.32953;70.94334
3.33939;70.94006
3.34951;70.9367
3.35936;70.93344
3.36946;70.93011
3.3793;70.92688
3.38939;70.92358
3.39948;70.92029
3.4093;70.9171
3.41938;70.91384
3.42945;70.9106
3.43925;70.90745
3.44931;70.90424
3.45936;70.90105
3.46941;70.89787
3.47945;70.89471
3.48922;70.89165
3.49925;70.88852
3.50927;70.88541
3.51929;70.88232
3.5293;70.87925
3.53931;70.8762
3.5493;70.87317
3.5593;70.87015
3.56928;70.86716
3.57926;70.86418
3.58923;70.86123
3.5992;70.85829
3.60942;70.8553
3.61938;70.85241
3.62932;70.84953
3.63926;70.84668
3.6492;70.84385
3.65939;70.84097
3.66931;70.83818
3.67923;70.83541
3.6894;70.8326
3.6993;70.82987
3.70919;70.82718
3.71934;70.82443
3.72922;70.82177
3.73936;70.81907
3.74923;70.81646
3.75935;70.81381
3.76921;70.81125
3.77931;70.80864
3.78916;70.80613
3.79925;70.80357
3.80934;70.80104
3.81916;70.7986
3.82923;70.79611
3.8393;70.79366
3.8491;70.79128
3.85915;70.78888
3.8692;70.78649
3.87924;70.78413
3.88927;70.7818
3.89929;70.77949
3.90905;70.77727
3.91906;70.77501
3.92906;70.77278
3.93905;70.77058
3.94904;70.7684
3.95902;70.76624
3.96925;70.76406
3.97921;70.76196
3.98917;70.75988
3.99912;70.75783
4.00907;70.75581
4.019;70.75381
4.02918;70.75179
4.0391;70.74984
4.04902;70.74793
4.05918;70.74598
4.06907;70.74412
4.07922;70.74223
4.0891;70.74042
4.09897;70.73863
4.10909;70.73682
4.11895;70.73508
4.12906;70.73333
4.13915;70.73161
4.14899;70.72995
4.15907;70.72828
4.16914;70.72663
4.17895;70.72505
4.18901;70.72346
4.19906;70.7219
4.2091;70.72036
4.21913;70.71885
4.22915;70.71736
4.23892;70.71594
4.24892;70.71451
4.25892;70.71311
4.26891;70.71173
4.2789;70.71038
4.28912;70.70902
4.29908;70.70772
4.30904;70.70645
4.31899;70.7052
4.32893;70.70398
4.33886;70.70279
4.34903;70.70159
4.35895;70.70045
4.36885;70.69934
4.379;70.69822
4.38888;70.69716
4.39901;70.69609
4.40888;70.69508
4.41899;70.69407
4.42885;70.69311
4.43894;70.69215
4.44902;70.69121
4.45885;70.69033
4.46891;70.68944
4.47896;70.68859
4.48901;70.68775
4.4988;70.68697
4.50883;70.68619
4.51885;70.68543
4.52886;70.6847
4.53886;70.68399
4.54885;70.68331
4.55883;70.68265
4.5688;70.68202
4.57876;70.68141
4.58896;70.68081
4.5989;70.68025
4.60884;70.67972
4.61876;70.6792
4.62892;70.6787
4.63882;70.67824
4.64896;70.67779
4.65885;70.67737
4.66872;70.67697
4.67883;70.67659
4.68893;70.67623
4.69878;70.67591
4.70885;70.67559
4.71892;70.67531
4.72874;70.67505
4.73879;70.6748
4.74882;70.67458
4.75885;70.67438
4.76887;70.6742
4.77887;70.67405
4.78887;70.67392
4.79886;70.6738
4.80883;70.67371
4.8188;70.67365
4.82875;70.6736
4.8387;70.67357
4.84887;70.67356
4.85879;70.67358
4.8687;70.67361
4.87884;70.67367
4.88873;70.67374
4.89885;70.67384
4.90872;70.67395
4.91882;70.67409
4.92867;70.67424
4.93874;70.67442
4.9488;70.67461
4.95862;70.67482
4.96866;70.67505
4.97868;70.6753
4.9887;70.67558
4.99871;70.67586
5.00853;70.67617
5.01835;70.67648
5.02892;70.67685
5.03874;70.6772
5.04856;70.67757
5.05837;70.67796
5.06894;70.6784
5.07875;70.67883
5.08856;70.67927
5.09838;70.67972
5.10894;70.68024
5.11875;70.68073
5.12855;70.68123
5.13836;70.68175
5.14892;70.68233
5.15872;70.68289
5.16853;70.68346
5.17833;70.68404
5.18888;70.68469
5.19868;70.68531
5.20848;70.68594
5.21828;70.68658
5.22883;70.68729
5.23863;70.68796
5.24842;70.68865
5.25821;70.68935
5.26876;70.69012
5.27855;70.69085
5.28834;70.69159
5.29888;70.69241
5.30867;70.69318
5.31845;70.69396
5.32824;70.69475
5.33878;70.69562
5.34856;70.69644
5.35834;70.69727
5.36888;70.69818
5.37866;70.69904
5.38843;70.69991
5.39821;70.70078
5.40874;70.70174
5.41851;70.70264
5.42829;70.70356
5.43881;70.70455
5.44859;70.70548
5.45836;70.70643
5.46813;70.70738
5.47865;70.70842
5.48841;70.70939
5.49818;70.71038
5.50869;70.71145
5.51846;70.71245
5.52822;70.71346
5.53873;70.71456
5.54849;70.71559
5.55825;70.71663
5.56876;70.71775
5.57852;70.71881
5.58827;70.71987
5.59878;70.72102
5.60853;70.7221
5.61828;70.72318
5.62878;70.72436
5.63853;70.72546
5.64828;70.72657
5.65878;70.72777
5.66852;70.72889
5.67827;70.73001
5.68876;70.73123
5.6985;70.73237
5.70825;70.73352
5.71873;70.73475
5.72847;70.73591
5.73821;70.73707
5.7487;70.73833
5.75843;70.7395
5.76817;70.74067
5.77865;70.74194
5.78838;70.74313
5.79811;70.74432
5.80859;70.7456
5.81831;70.7468
5.82804;70.748
5.83851;70.74929
5.84824;70.7505
5.85796;70.75171
5.86843;70.75302
5.87815;70.75423
5.88862;70.75555
5.89834;70.75677
5.90805;70.75799
5.91851;70.75931
5.92823;70.76054
5.93794;70.76177
5.9484;70.76309
5.95811;70.76432
5.96857;70.76565
5.97827;70.76689
5.98798;70.76812
5.99843;70.76945
6.00814;70.77069
6.01859;70.77202
6.02829;70.77326
6.03799;70.7745
6.04843;70.77583
6.05813;70.77706
6.06857;70.7784
6.07827;70.77963
6.08796;70.78087
6.0984;70.7822
6.10809;70.78343
6.11853;70.78475
6.12821;70.78598
6.1379;70.78721
6.14833;70.78853
6.15802;70.78976
6.16845;70.79108
6.17813;70.7923
6.18781;70.79351
6.19823;70.79482
6.20791;70.79604
6.21833;70.79734
6.22801;70.79855
6.23843;70.79984
6.2481;70.80104
6.25851;70.80233
6.26818;70.80353
6.27785;70.80472
6.28826;70.80599
6.29793;70.80718
6.30834;70.80844
6.318;70.80962
6.32841;70.81088
6.33807;70.81204
6.34847;70.81329
6.35813;70.81444
6.36778;70.81559
6.37818;70.81683
6.38784;70.81797
6.39823;70.81919
6.40788;70.82031
6.41828;70.82152
6.42792;70.82264
6.43831;70.82384
6.44796;70.82494
6.45834;70.82612
6.46799;70.82721
6.47837;70.82838
6.48801;70.82946
6.49839;70.83061
6.50803;70.83168
6.51767;70.83274
6.52804;70.83387
6.53767;70.83491
6.54805;70.83603
6.55768;70.83706
6.56805;70.83816
6.57768;70.83917
6.58804;70.84025
6.59767;70.84125
6.60803;70.84231
6.61765;70.8433
6.62801;70.84434
6.63763;70.84531
6.64799;70.84634
6.65761;70.84728
6.66796;70.84829
6.67831;70.84929
6.68793;70.85021
6.69828;70.8512
6.70789;70.8521
6.71823;70.85306
6.72784;70.85394
6.73818;70.85488
6.74779;70.85575
6.75813;70.85667
6.76773;70.85751
6.77806;70.85841
6.78766;70.85924
6.798;70.86012
6.80759;70.86092
6.81792;70.86178
6.82825;70.86262
6.83784;70.86339
6.84817;70.86422
6.85776;70.86497
6.86808;70.86577
6.87766;70.8665
6.88798;70.86728
6.89757;70.86799
6.90788;70.86874
6.9182;70.86948
6.92778;70.87016
6.93809;70.87087
6.94766;70.87153
6.95797;70.87222
6.96754;70.87285
6.97785;70.87352
6.98815;70.87418
6.99772;70.87477
7.00802;70.8754
7.01758;70.87598
7.02788;70.87658
7.03818;70.87717
7.04774;70.87771
7.05803;70.87828
7.06758;70.87879
7.07787;70.87933
7.08743;70.87982
7.09771;70.88034
7.108;70.88084
7.11755;70.88129
7.12783;70.88177
7.13811;70.88223
7.14765;70.88264
7.15793;70.88308
7.16747;70.88347
7.17774;70.88388
7.18801;70.88427
7.19755;70.88462
7.20781;70.88499
7.21808;70.88534
7.22761;70.88566
7.23788;70.88599
7.2474;70.88628
7.25766;70.88657
7.26792;70.88686
7.27744;70.88711
7.2877;70.88737
7.29795;70.88761
7.30747;70.88782
7.31772;70.88804
7.32797;70.88824
7.33748;70.88841
7.34773;70.88859
7.35797;70.88874
7.36748;70.88888
7.37772;70.88901
7.38795;70.88913
7.39746;70.88922
7.40769;70.88931
7.41792;70.88939
7.42742;70.88944
7.43765;70.88949
7.44788;70.88952
7.45737;70.88954
7.4676;70.88954
7.47782;70.88953
7.48731;70.88951
7.49753;70.88947
7.50774;70.88942
7.51796;70.88935
7.52744;70.88928
7.53765;70.88918
7.54786;70.88907
7.55734;70.88896
7.56755;70.88882
7.57775;70.88867
7.58723;70.88852
7.59743;70.88834
7.60762;70.88815
7.61782;70.88794
7.62729;70.88774
7.63748;70.88751
7.64767;70.88726
7.65786;70.887
7.66732;70.88674
7.67751;70.88645
7.68769;70.88615
7.69788;70.88583
7.70733;70.88553
7.71751;70.88518
7.72769;70.88482
7.73786;70.88445
7.74731;70.8841
7.75748;70.8837
7.76765;70.88329
7.77782;70.88286
7.78726;70.88246
7.79742;70.88201
7.80759;70.88154
7.81775;70.88106
7.82718;70.88061
7.83734;70.88011
7.84749;70.87959
7.85765;70.87906
7.8678;70.87852
7.87722;70.878
7.88737;70.87743
7.89752;70.87685
7.90766;70.87626
7.91708;70.8757
7.92722;70.87508
7.93736;70.87445
7.9475;70.87381
7.95763;70.87315
7.96776;70.87249
7.97717;70.87185
7.9873;70.87116
7.99743;70.87046
8.00755;70.86975
8.01768;70.86902
8.02708;70.86833
8.0372;70.86758
8.04731;70.86682
8.05743;70.86605
8.06754;70.86526
8.07766;70.86447
8.08704;70.86372
8.09715;70.8629
8.10726;70.86207
8.11736;70.86123
8.12747;70.86038
8.13757;70.85952
8.14767;70.85864
8.15704;70.85782
8.16714;70.85693
8.17723;70.85603
8.18732;70.85511
8.19741;70.85419
8.2075;70.85326
8.21758;70.85231
8.22695;70.85143
8.23703;70.85046
8.24711;70.84949
8.25718;70.84851
8.26726;70.84752
8.27733;70.84651
8.2874;70.8455
8.29747;70.84448
8.30754;70.84346
8.31761;70.84242
8.32695;70.84145
8.33701;70.84039
8.34707;70.83933
8.35713;70.83826
8.36719;70.83718
8.37724;70.83609
8.38729;70.835
8.39734;70.8339
8.40739;70.83278
8.41744;70.83167
8.42748;70.83054
8.43752;70.82941
8.44685;70.82835
8.45688;70.8272
8.46692;70.82605
8.47695;70.82488
8.48698;70.82372
8.49701;70.82254
8.50704;70.82136
8.51707;70.82018
8.52709;70.81898
8.53711;70.81778
8.54713;70.81658
8.55715;70.81537
8.56717;70.81415
8.57718;70.81293
8.58719;70.81171
8.5972;70.81047
8.60721;70.80924
8.61721;70.808
8.62722;70.80675
8.63722;70.8055
8.64722;70.80424
8.65721;70.80298
8.66721;70.80172
8.6772;70.80045
8.68719;70.79918
8.69718;70.79791
8.70717;70.79663
8.71715;70.79535
8.72714;70.79407
8.73712;70.79278
8.74709;70.79149
8.75707;70.7902
8.76704;70.7889
8.77702;70.7876
8.78699;70.7863
8.79695;70.785
8.80692;70.7837
8.81688;70.78239
8.82685;70.78109
8.83681;70.77978
8.84676;70.77847
8.85672;70.77716
8.86667;70.77585
8.87733;70.77444
8.88728;70.77313
8.89723;70.77182
8.90717;70.7705
8.91712;70.76919
8.92706;70.76788
8.93699;70.76656
8.94693;70.76525
8.95686;70.76394
8.9668;70.76263
8.97672;70.76132
8.98665;70.76001
8.99729;70.75861
9.00721;70.7573
9.01713;70.756
9.02705;70.75469
9.03697;70.75339
9.04688;70.75209
9.05679;70.7508
9.0667;70.7495
9.07661;70.74821
9.08722;70.74683
9.09713;70.74555
9.10703;70.74427
9.11693;70.74299
9.12682;70.74171
9.13672;70.74044
9.14661;70.73917
9.15721;70.73782
9.16709;70.73656
9.17698;70.73531
9.18686;70.73406
9.19675;70.73281
9.20662;70.73157
9.21721;70.73025
9.22708;70.72902
9.23695;70.7278
9.24682;70.72658
9.25669;70.72536
9.26656;70.72416
9.27713;70.72287
9.28699;70.72168
9.29685;70.72049
9.3067;70.71931
9.31656;70.71813
9.32711;70.71688
9.33696;70.71572
9.34681;70.71457
9.35666;70.71343
9.3665;70.71229
9.37704;70.71108
9.38688;70.70996
9.39672;70.70885
9.40655;70.70774
9.41709;70.70657
9.42692;70.70548
9.43674;70.70441
9.44657;70.70334
9.45709;70.7022
9.46691;70.70115
9.47673;70.70011
9.48655;70.69908
9.49706;70.69799
9.50687;70.69698
9.51668;70.69598
9.52649;70.695
9.53699;70.69395
9.54679;70.69298
9.55659;70.69202
9.56639;70.69108
9.57689;70.69008
9.58668;70.68916
9.59647;70.68825
9.60696;70.68729
9.61674;70.6864
9.62652;70.68553
9.637;70.6846
9.64678;70.68376
9.65656;70.68292
9.66633;70.6821
9.6768;70.68123
9.68657;70.68043
9.69634;70.67965
9.7068;70.67882
9.71656;70.67807
9.72632;70.67732
9.73677;70.67654
9.74653;70.67583
9.75628;70.67513
9.76673;70.6744
9.77648;70.67373
9.78692;70.67302
9.79666;70.67238
9.8064;70.67176
9.81683;70.6711
9.82657;70.67051
9.8363;70.66993
9.84673;70.66932
9.85646;70.66878
9.86688;70.66821
9.8766;70.66769
9.88632;70.66719
9.89673;70.66668
9.90645;70.66621
9.91686;70.66573
9.92657;70.6653
9.93628;70.66488
9.94668;70.66445
9.95638;70.66407
9.96678;70.66368
9.97648;70.66334
9.98687;70.66299
9.99656;70.66268
10.00625;70.66238
10.01663;70.66209
10.02632;70.66183
10.0367;70.66158
10.04638;70.66136
10.05675;70.66114
10.06643;70.66096
10.07679;70.66079
10.08646;70.66064
10.09682;70.66051
10.10649;70.6604
10.11615;70.66032
10.12651;70.66025
10.13617;70.6602
10.14651;70.66017
10.15617;70.66016
10.16651;70.66017
10.17616;70.6602
10.18649;70.66026
10.19614;70.66033
10.20647;70.66043
10.21611;70.66054
10.22643;70.66068
10.23676;70.66085
10.24639;70.66102
10.2567;70.66123
10.26633;70.66145
10.27664;70.6617
10.28626;70.66196
10.29657;70.66226
10.30619;70.66256
10.31649;70.6629
10.3261;70.66325
10.33639;70.66364
10.34669;70.66405
10.35629;70.66446
10.36658;70.66492
10.37618;70.66537
10.38646;70.66588
10.39605;70.66637
10.40633;70.66692
10.4166;70.6675
10.42618;70.66806
10.43645;70.66869
10.44603;70.66929
10.45629;70.66996
10.46655;70.67066
10.47613;70.67133
10.48638;70.67207
10.49663;70.67284
10.50619;70.67358
10.51644;70.6744
10.526;70.67518
10.53624;70.67605
10.54647;70.67693
10.55603;70.67779
10.56626;70.67872
10.57649;70.67968
10.58603;70.6806
10.59625;70.68161
10.60647;70.68265
10.61601;70.68364
10.62622;70.68472
10.63643;70.68583
10.64596;70.68688
10.65616;70.68804
10.66637;70.68922
10.67657;70.69042
10.68608;70.69157
10.69628;70.69282
10.70647;70.6941
10.71598;70.69532
10.72616;70.69665
10.73635;70.698
10.74652;70.69937
10.75602;70.70068
10.7662;70.7021
10.77637;70.70355
10.78586;70.70493
10.79602;70.70642
10.80618;70.70794
10.81634;70.70949
10.8265;70.71106
10.83598;70.71254
10.84613;70.71416
10.85627;70.7158
10.86642;70.71746
10.87588;70.71904
10.88602;70.72075
10.89616;70.72249
10.90629;70.72425
10.91642;70.72603
10.92587;70.72771
10.936;70.72954
10.94612;70.73139
10.95624;70.73327
10.96635;70.73517
10.97579;70.73696
10.9859;70.7389
10.996;70.74087
11.00611;70.74286
11.01621;70.74487
11.0263;70.7469
11.0364;70.74896
11.04582;70.7509
11.0559;70.753
11.06599;70.75512
11.07607;70.75727
11.08615;70.75943
11.09623;70.76162
11.1063;70.76383
11.11637;70.76606
11.12577;70.76816
11.13583;70.77043
11.14589;70.77272
11.15595;70.77503
11.166;70.77736
11.17606;70.77971
11.1861;70.78209
11.19615;70.78448
11.20619;70.78689
11.21623;70.78932
11.22627;70.79177
11.2363;70.79424
11.24566;70.79656
11.25569;70.79907
11.26572;70.80159
11.27574;70.80413
11.28576;70.80669
11.29577;70.80927
11.30578;70.81187
11.31579;70.81448
11.3258;70.81711
11.3358;70.81975
11.3458;70.82242
11.3558;70.8251
11.36579;70.82779
11.37578;70.8305
11.38577;70.83323
11.39575;70.83597
11.40573;70.83872
11.41571;70.84149
11.42568;70.84428
11.43566;70.84708
11.44562;70.84989
11.45559;70.85271
11.46621;70.85574
11.47617;70.85859
11.48613;70.86146
11.49608;70.86433
11.50603;70.86722
11.51598;70.87012
11.52592;70.87303
11.53586;70.87595
11.5458;70.87888
11.55573;70.88182
11.56566;70.88477
11.57559;70.88773
11.58551;70.8907
11.59609;70.89388
11.60601;70.89687
11.61593;70.89986
11.62584;70.90286
11.63574;70.90587
11.64565;70.90889
11.65555;70.91191
11.66611;70.91514
11.676;70.91817
11.68589;70.92121
11.69578;70.92425
11.70567;70.92729
11.71555;70.93034
11.72609;70.9336
11.73596;70.93666
11.74584;70.93971
11.7557;70.94277
11.76557;70.94584
11.77543;70.9489
11.78595;70.95217
11.7958;70.95523
11.80566;70.95829
11.81551;70.96135
11.82601;70.96462
11.83585;70.96767
11.84569;70.97073
11.85553;70.97378
11.86602;70.97703
11.87585;70.98008
11.88567;70.98312
11.89549;70.98615
11.90597;70.98938
11.91578;70.9924
11.9256;70.99542
11.93541;70.99843
11.94587;71.00163
11.95567;71.00462
11.96547;71.0076
11.97592;71.01077
11.98571;71.01374
11.9955;71.01669
12.00594;71.01982
12.01572;71.02275
12.0255;71.02567
12.03593;71.02876
12.0457;71.03165
12.05547;71.03452
12.06589;71.03757
12.07565;71.04041
12.08541;71.04323
12.09582;71.04623
12.10557;71.04902
12.11532;71.05179
12.12571;71.05472
12.13546;71.05745
12.14584;71.06034
12.15558;71.06303
12.16531;71.0657
12.17569;71.06852
12.18541;71.07114
12.19578;71.07391
12.2055;71.07648
12.21586;71.07919
12.22557;71.08171
12.23528;71.0842
12.24563;71.08682
12.25533;71.08926
12.26568;71.09182
12.27537;71.09419
12.28571;71.09669
12.2954;71.099
12.30573;71.10143
12.31541;71.10367
12.32573;71.10603
12.3354;71.1082
12.34571;71.11048
12.35538;71.11258
12.36569;71.11477
12.37535;71.1168
12.38565;71.11891
12.3953;71.12085
12.40559;71.12288
12.41523;71.12474
12.42552;71.12667
12.43516;71.12845
12.44543;71.13029
12.45571;71.13208
12.46533;71.13371
12.4756;71.1354
12.48522;71.13694
12.49548;71.13852
12.50573;71.14005
12.51534;71.14144
12.52559;71.14286
12.53519;71.14414
12.54543;71.14544
12.55566;71.14669
12.56525;71.1478
12.57548;71.14892
12.58571;71.14998
12.59529;71.15091
12.6055;71.15185
12.61508;71.15266
12.62528;71.15346
12.63549;71.15419
12.64569;71.15485
12.65525;71.15541
12.66544;71.15593
12.67563;71.15637
12.68518;71.15672
12.69536;71.15702
12.70554;71.15724
12.71507;71.15738
12.72524;71.15745
12.73541;71.15743
12.74557;71.15734
12.75509;71.15717
12.76525;71.15691
12.7754;71.15656
12.78554;71.15613
12.79505;71.15565
12.80519;71.15504
12.81532;71.15434
12.82545;71.15355
12.83558;71.15267
12.84507;71.15175
12.85518;71.15068
12.8653;71.14952
12.87541;71.14825
12.88552;71.14689
12.89499;71.14551
12.90508;71.14395
12.91518;71.14228
12.92527;71.14051
12.93536;71.13862
12.94544;71.13663
12.95552;71.13453
12.96496;71.13247
12.97503;71.13015
12.9851;71.12772
12.99516;71.12517
13.00522;71.12251
13.01527;71.11973
13.02532;71.11683
13.03537;71.11381
13.04541;71.11066
13.05545;71.1074
13.06548;71.104
13.07489;71.1007
13.08491;71.09706
13.09493;71.09329
13.10495;71.08939
13.11497;71.08535
13.12498;71.08118
13.13498;71.07688
13.14498;71.07243
13.15498;71.06785
13.16497;71.06312
13.17496;71.05826
13.18495;71.05325
13.19493;71.04809
13.20491;71.04279
13.21488;71.03734
13.22485;71.03174
13.23481;71.02599
13.24539;71.01971
13.25535;71.01363
13.2653;71.00741
13.27525;71.00102
13.28519;70.99447
13.29513;70.98777
13.30507;70.9809
13.315;70.97386
13.32493;70.96666
13.33485;70.95929
13.34477;70.95174
13.3553;70.94354
13.36521;70.93565
13.37512;70.92757
13.38502;70.91932
13.39492;70.91089
13.40481;70.90228
13.41532;70.89294
13.4252;70.88395
13.43508;70.87478
13.44496;70.86542
13.45483;70.85587
13.46531;70.84551
13.47518;70.83556
13.48504;70.82542
13.49489;70.81508
13.50474;70.80455
13.5152;70.93159
13.52505;70.91855
13.53488;70.90652
13.54472;70.89546
13.55516;70.8847
13.56499;70.87549
13.57481;70.86711
13.58524;70.85908
13.59505;70.8523
13.60486;70.84624
13.61466;70.84085
13.62507;70.83584
13.63487;70.83175
13.64466;70.82822
13.65506;70.82506
13.66484;70.8226
13.67523;70.8205
13.685;70.81896
13.69477;70.81782
13.70514;70.81702
13.7149;70.8166
13.72466;70.81649
13.73502;70.81668
13.74477;70.8171
13.75512;70.81778
13.76485;70.81862
13.77459;70.81961
13.78493;70.82081
13.79465;70.82205
13.80498;70.82345
13.81469;70.82482
13.82501;70.82631
13.83472;70.82771
13.84503;70.82917
13.85473;70.83051
13.86503;70.83185
13.87471;70.83302
13.885;70.83414
13.89469;70.83505
13.90497;70.83586
13.91464;70.83643
13.92491;70.83683
13.93457;70.83699
13.94483;70.8369
13.95509;70.83652
13.96474;70.8359
13.97498;70.83491
13.98462;70.83368
13.99486;70.83201
14.00449;70.8301
14.01472;70.82768
14.02494;70.82486
14.03456;70.8218
14.04477;70.81812
14.05498;70.81398
14.06459;70.80964
14.07478;70.80456
14.08498;70.79898
14.09457;70.79324
14.10475;70.78664
14.11493;70.77948
14.12451;70.77224
14.13468;70.764
14.14484;70.75517
14.155;70.74575
14.16456;70.73634
14.17471;70.72574
14.18485;70.71452
14.19499;70.70267
14.20453;70.69093
14.21466;70.67783
14.22479;70.66407
14.23491;70.64964
14.24443;70.63545
14.25454;70.61971
14.26464;70.60329
14.27474;70.58618
14.28484;70.56837
14.29493;70.54985
14.30442;70.53178
14.3145;70.51188
14.32458;70.49127
14.33465;70.46993
14.34472;70.44787
14.35478;70.42508
14.36483;70.40156
14.37488;70.3773
14.38434;70.35379
14.39438;70.3281
14.40441;70.30167
14.41444;70.27449
14.42447;70.24656
14.43449;70.21789
14.4445;70.18847
14.45451;70.15831
14.46452;70.1274
14.47452;70.09574
14.48451;70.06333
14.4945;70.03018
14.50449;69.99628
14.51447;69.96163
14.52444;69.92624
14.53441;69.89011
14.54437;69.85324
14.55433;69.81564
14.56429;69.77729
14.57482;69.73589
14.58476;69.69604
14.5947;69.65547
14.60464;69.61416
14.61456;69.57214
14.62449;69.5294
14.6344;69.48595
14.64432;69.44178
14.65422;69.39691
14.66471;69.34864
14.6746;69.30233
14.6845;69.25533
14.69438;69.20764
14.70426;69.15928
14.71472;69.10732
14.72459;69.05757
14.73446;69.00714
14.74432;68.95606
14.75417;68.90433
14.7646;68.84884
14.77444;68.79578
14.78428;68.74208
14.7947;68.68453
14.80452;68.62955
14.81435;68.57394
14.82416;68.51773
14.83455;68.45756
14.84436;68.40011
14.85416;68.34208
14.86454;68.28001
14.87433;68.22079
14.88411;68.16101
14.89447;68.0971
14.90424;68.03618
14.91459;67.97108
14.92435;67.90905
14.93411;67.8465
14.94444;67.7797
14.95419;67.71609
14.9645;67.64819
14.97424;67.58356
14.98455;67.51459
14.99427;67.44897
15.00456;67.37898
15.01428;67.31241
15.02456;67.24143
15.03427;67.17394
15.04454;67.10202
15.05423;67.03365
15.06449;66.96081
15.07417;66.8916
15.08442;66.81789
15.09409;66.74788
15.10432;66.67333
15.11455;66.59838
15.12421;66.52722
15.13443;66.45149
15.14407;66.37963
15.15428;66.30317
15.16448;66.22635
15.1741;66.15348
15.18429;66.076
15.19448;65.99819
15.20409;65.92441
15.21426;65.84599
15.22442;65.76727
15.23402;65.69267
15.24417;65.61341
15.25432;65.53388
15.26446;65.4541
15.27403;65.37854
15.28416;65.2983
15.29428;65.21784
15.3044;65.13717
15.31395;65.0608
15.32405;64.97975
15.33415;64.89852
15.34425;64.81712
15.35433;64.73557
15.36441;64.65387
15.37393;64.57659
15.384;64.49463
15.39406;64.41257
15.40412;64.33039
15.41417;64.24813
15.42422;64.16578
15.43425;64.08335
15.44429;64.00086
15.45431;63.91833
15.46433;63.83574
15.47435;63.75313
15.48436;63.6705
15.49436;63.58785
15.50436;63.5052
15.51435;63.42256
15.52433;63.33994
15.53431;63.25735
15.54428;63.1748
15.55424;63.09229
15.5642;63.00985
15.57416;62.92746
15.5841;62.84516
15.59405;62.76295
15.60398;62.68082
15.61391;62.59881
15.62383;62.51691
15.6343;62.43059
15.64421;62.34896
15.65411;62.26746
15.66401;62.18612
15.6739;62.10494
15.68379;62.02393
15.69421;61.93861
15.70409;61.85797
15.71395;61.77753
15.72381;61.69729
15.73421;61.61282
15.74406;61.53303
15.7539;61.45346
15.76428;61.36974
15.77411;61.29067
15.78393;61.21186
15.79375;61.1333
15.8041;61.05068
15.8139;60.97268
15.82425;60.89067
15.83404;60.81327
15.84382;60.73617
15.85414;60.65512
15.86391;60.57866
15.87422;60.4983
15.88398;60.4225
15.89373;60.34704
15.90401;60.26776
15.91375;60.19301
15.92403;60.11449
15.93375;60.04048
15.94401;59.96275
15.95372;59.8895
15.96397;59.81259
15.97367;59.74013
15.9839;59.66407
15.99413;59.58845
16.00381;59.51723
16.01402;59.44249
16.02369;59.37211
16.03388;59.29828
16.04408;59.22493
16.05372;59.15587
16.0639;59.08346
16.07407;59.01153
16.0837;58.94385
16.09385;58.87289
16.104;58.80245
16.11361;58.73618
16.12375;58.66673
16.13387;58.5978
16.144;58.5294
16.15411;58.46153
16.16368;58.39772
16.17378;58.33089
16.18388;58.26461
16.19396;58.19887
16.20404;58.13368
16.21358;58.07243
16.22365;58.00832
16.23371;57.94477
16.24376;57.88178
16.2538;57.81935
16.26384;57.7575
16.27386;57.69622
16.28389;57.63551
16.2939;57.57538
16.30391;57.51583
16.31391;57.45685
16.3239;57.39847
16.33389;57.34066
16.34387;57.28345
16.35384;57.22682
16.3638;57.17078
16.37376;57.11533
16.38371;57.06047
16.39365;57.00621
16.40359;56.95254
16.41352;56.89947
16.42396;56.84425
16.43387;56.7924
16.44378;56.74114
16.45368;56.69049
16.46357;56.64043
16.47346;56.59096
16.48385;56.53954
16.49372;56.4913
16.50359;56.44366
16.51344;56.39661
16.52381;56.34773
16.53365;56.3019
16.54348;56.25667
16.55382;56.20969
16.56364;56.16566
16.57345;56.12223
16.58377;56.07715
16.59357;56.03492
16.60387;55.99109
16.61365;55.95006
16.62343;55.90961
16.63371;55.86765
16.64347;55.82838
16.65373;55.78766
16.66347;55.74956
16.67387;55.70951
16.68479;55.6681
16.69298;55.63749
16.70389;55.59726
16.71481;55.5577
16.723;55.52846
16.73392;55.49007
16.74484;55.45233
16.75302;55.42446
16.76394;55.38787
16.77486;55.35193
16.78304;55.3254
16.79396;55.29059
16.80487;55.25642
16.81306;55.23121
16.82398;55.19814
16.83489;55.16571
16.84308;55.14178
16.85399;55.11043
16.86217;55.08731
16.87309;55.05702
16.884;55.02733
16.89219;55.00545
16.9031;54.97679
16.91401;54.94872
16.92219;54.92805
16.93311;54.90098
16.94402;54.87448
16.9522;54.85497
16.96311;54.82944
16.97402;54.80446
16.9822;54.78607
16.99311;54.76202
17.00402;54.73849
17.0122;54.72119
17.02311;54.69856
17.03402;54.67643
17.0422;54.66015
17.05311;54.63888
17.06402;54.61808
17.0722;54.60278
17.08311;54.5828
17.09401;54.56326
17.10219;54.54889
17.1131;54.53012
17.124;54.51177
17.13218;54.49828
17.14309;54.48064
17.15399;54.4634
17.16217;54.45073
17.17308;54.43415
17.18398;54.41794
17.19216;54.40602
17.20306;54.39042
17.21396;54.37516
17.22214;54.36392
17.23304;54.34922
17.24394;54.33481
17.25212;54.3242
17.26302;54.31029
17.27392;54.29665
17.2821;54.28659
17.293;54.27339
17.3039;54.26042
17.31208;54.25084
17.32297;54.23825
17.33387;54.22586
17.34205;54.21669
17.35295;54.20461
17.36385;54.19269
17.37202;54.18384
17.38292;54.17217
17.39381;54.16062
17.40199;54.15202
17.41288;54.14065
17.42378;54.12936
17.43195;54.12094
17.44285;54.10975
17.45374;54.09861
17.46192;54.09027
17.47281;54.07917
17.4837;54.06807
17.4946;54.05695
17.50277;54.04859
17.51366;54.03741
17.52456;54.02616
17.53273;54.01769
17.54362;54.00631
17.55451;53.99482
17.56268;53.98613
17.57357;53.97444
17.58446;53.96259
17.59263;53.9536
17.60352;53.94146
17.61441;53.92912
17.62258;53.91974
17.63347;53.90703
17.64436;53.89408
17.65253;53.8842
17.66342;53.8708
17.6743;53.8571
17.68247;53.84664
17.69336;53.83241
17.70425;53.81784
17.71241;53.80669
17.7233;53.7915
17.73419;53.77592
17.74235;53.76398
17.75324;53.7477
17.76412;53.73099
17.77229;53.71816
17.78317;53.70065
17.79406;53.68266
17.80222;53.66884
17.8131;53.64997
17.82399;53.63056
17.83215;53.61565
17.84303;53.59527
17.85392;53.57431
17.86208;53.5582
17.87296;53.53619
17.88384;53.51354
17.892;53.49612
17.90289;53.47232
17.91377;53.44784
17.92193;53.42902
17.93281;53.40329
17.94369;53.37684
17.95185;53.3565
17.96273;53.32871
17.97361;53.30014
17.98177;53.27818
17.99264;53.24818
18.00352;53.21735
18.01168;53.19366
18.02256;53.16131
18.03343;53.12808
18.04431;53.09393
18.05247;53.06771
18.06334;53.03193
18.07422;52.99519
18.08238;52.96699
18.09325;52.92852
18.10413;52.88904
18.11228;52.85875
18.12316;52.81745
18.13403;52.77508
18.14219;52.7426
18.15306;52.69832
18.16393;52.65293
18.17209;52.61815
18.18296;52.57076
18.19383;52.5222
18.20199;52.48501
18.21286;52.43436
18.22373;52.3825
18.23188;52.34279
18.24275;52.28875
18.25362;52.23345
18.26177;52.19112
18.27264;52.13355
18.28351;52.07466
18.29166;52.02961
18.30253;51.96837
18.3134;51.90576
18.32155;51.85789
18.33242;51.79284
18.34328;51.72637
18.35415;51.65847
18.3623;51.60659
18.37317;51.53614
18.38403;51.4642
18.39218;51.40927
18.40305;51.33469
18.41391;51.25859
18.42206;51.2005
18.43292;51.12168
18.44379;51.04129
18.45193;50.97995
18.4628;50.89676
18.47366;50.81195
18.48181;50.74727
18.49267;50.65959
18.50353;50.57024
18.51168;50.50212
18.52254;50.40983
18.5334;50.31582
18.54154;50.24419
18.5524;50.14716
18.56326;50.04838
18.57412;49.94784
18.58227;49.87127
18.59313;49.76761
18.60399;49.66215
18.61213;49.58186
18.62299;49.47321
18.63384;49.36272
18.64199;49.27864
18.65284;49.16489
18.6637;49.04927
18.67184;48.96132
18.6827;48.84238
18.69355;48.72154
18.70169;48.62964
18.71255;48.50542
18.7234;48.37925
18.73154;48.28334
18.7424;48.15375
18.75325;48.02217
18.76139;47.92219
18.77224;47.78713
18.7831;47.65007
18.79395;47.511
18.80209;47.40536
18.81294;47.26274
18.82379;47.11807
18.83193;47.00822
18.84278;46.85996
18.85363;46.70964
18.86176;46.59553
18.87261;46.44157
18.88346;46.28553
18.8916;46.16712
18.90245;46.0074
18.9133;45.84558
18.92143;45.72283
18.93228;45.5573
18.94313;45.38965
18.95397;45.21988
18.96211;45.09114
18.97295;44.91763
18.9838;44.74197
18.99193;44.60882
19.00278;44.42941
19.01362;44.24784
19.02176;44.11025
19.0326;43.92491
19.04344;43.73741
19.05158;43.59536
19.06242;43.40407
19.07326;43.21062
19.08139;43.06411
19.09223;42.86687
19.10308;42.66746
19.11121;42.51649
19.12205;42.31329
19.13289;42.10793
19.14373;41.9004
19.15186;41.74334
19.1627;41.53203
19.17354;41.31857
19.18167;41.15706
19.1925;40.93983
19.20334;40.72045
19.21147;40.55451
19.22231;40.33139
19.23314;40.10614
19.24127;39.9358
19.25211;39.70682
19.26294;39.47573
19.27378;39.24253
19.28191;39.06625
19.29274;38.82937
19.30358;38.59041
19.3117;38.40983
19.32254;38.16724
19.33337;37.92259
19.34149;37.73775
19.35233;37.48952
19.36316;37.23926
19.37128;37.05024
19.38211;36.79646
19.39295;36.54068
19.40378;36.28293
19.4119;36.08831
19.42273;35.82712
19.43356;35.56399
19.44168;35.36538
19.45251;35.09889
19.46334;34.83051
19.47146;34.62799
19.48229;34.35633
19.49312;34.08283
19.50124;33.87651
19.51207;33.59982
19.52289;33.32135
19.53372;33.04111
19.54184;32.82978
19.55267;32.5465
19.56349;32.26151
19.57161;32.04666
19.58244;31.75874
19.59326;31.46918
19.60138;31.25095
19.6122;30.95859
19.62302;30.66465
19.63114;30.44319
19.64196;30.14658
19.65279;29.84848
19.66361;29.54891
19.67173;29.3233
19.68255;29.02126
19.69337;28.71784
19.70148;28.48939
19.7123;28.18364
19.72312;27.87661
19.73124;27.64551
19.74206;27.33631
19.75288;27.02593
19.76099;26.79238
19.77181;26.48
19.78262;26.16654
19.79344;25.85204
19.80156;25.6155
19.81237;25.29926
19.82319;24.98208
19.8313;24.74361
19.84212;24.4249
19.85293;24.10538
19.86104;23.86522
19.87186;23.54437
19.88267;23.22283
19.89348;22.90064
19.90159;22.65861
19.91241;22.3354
19.92322;22.01169
19.93133;21.76859
19.94214;21.4441
19.95295;21.11923
19.96106;20.87537
19.97187;20.54998
19.98268;20.22436
19.99349;19.89858
20.0016;20.01817
20.01241;19.74108
20.02322;19.4682
20.03133;19.26628
20.04213;19.00064
20.05294;18.73904
20.06105;18.54545
20.07185;18.29075
20.08266;18.03991
20.09347;17.79287
20.10157;17.61004
20.11238;17.36949
20.12318;17.13256
20.13129;16.95721
20.14209;16.72648
20.1529;16.49921
20.161;16.33099
20.1718;16.10964
20.18261;15.89158
20.19341;15.67678
20.20151;15.51777
20.21231;15.30852
20.22312;15.10236
20.23122;14.94974
20.24202;14.74887
20.25282;14.55096
20.26092;14.40444
20.27172;14.21157
20.28252;14.02153
20.29332;13.83425
20.30142;13.69558
20.31222;13.51303
20.32301;13.33311
20.33111;13.19988
20.34191;13.02448
20.35271;12.85159
20.3608;12.72355
20.3716;12.55495
20.3824;12.38875
20.39319;12.2249
20.40129;12.10354
20.41208;11.94371
20.42288;11.78612
20.43097;11.66937
20.44177;11.51561
20.45256;11.36399
20.46066;11.25164
20.47145;11.10366
20.48224;10.95771
20.49303;10.81376
20.50113;10.70708
20.51192;10.56653
20.52271;10.42788
20.5308;10.32513
20.54159;10.18972
20.55238;10.05613
20.56317;9.92431
20.57126;9.82659
20.58205;9.69781
20.59284;9.57071
20.60093;9.47648
20.61172;9.35228
20.6225;9.22968
20.63059;9.13877
20.64138;9.01892
20.65217;8.9006
20.66295;8.78378
20.67104;8.69715
20.68183;8.5829
20.69261;8.47009
20.7007;8.38641
20.71148;8.27604
20.72227;8.16704
20.73305;8.05938
20.74114;7.9795
20.75192;7.87413
20.7627;7.77004
20.77079;7.69279
20.78157;7.59088
20.79235;7.49019
20.80313;7.39069
20.81121;7.31683
20.82199;7.21937
20.83277;7.12306
20.84086;7.05155
20.85163;6.95718
20.86241;6.8639
20.8705;6.79464
20.88127;6.70322
20.89205;6.61283
20.90283;6.52347
20.91091;6.4571
20.92168;6.36948
20.93246;6.28283
20.94054;6.21848
20.95132;6.1335
20.96209;6.04945
20.97286;5.96632
20.98094;5.90457
20.99172;5.82301
21.00249;5.74232
21.01057;5.68238
21.02134;5.6032
21.03211;5.52485
21.04289;5.44734
21.05096;5.38974
21.06173;5.31365
21.0725;5.23835
21.08058;5.18238
21.09135;5.10844
21.10212;5.03527
21.11289;4.96284
21.12096;4.90901
21.13173;4.83787
21.1425;4.76746
21.15058;4.71512
21.16134;4.64594
21.17211;4.57747
21.18287;4.50968
21.19095;4.45928
21.20171;4.39268
21.21248;4.32673
21.22055;4.2777
21.23132;4.2129
21.24208;4.14874
21.25284;4.08521
21.26091;4.03797
21.27168;3.97553
21.28244;3.9137
21.29051;3.86773
21.30127;3.80696
21.31203;3.74678
21.32279;3.6872
21.33086;3.64289
21.34162;3.58432
21.35238;3.52631
21.36045;3.48319
21.37121;3.42617
21.38197;3.36972
21.39273;3.31381
21.40079;3.27224
21.41155;3.21729
21.42231;3.16288
21.43038;3.12242
21.44113;3.06893
21.45189;3.01598
21.46264;2.96354
21.47071;2.92456
21.48146;2.87303
21.49222;2.82201
21.50028;2.78407
21.51103;2.73394
21.52179;2.68431
21.53254;2.63517
21.5406;2.59865
21.55136;2.55038
21.56211;2.5026
21.57017;2.46708
21.58092;2.42015
21.59167;2.3737
21.60242;2.32773
21.61048;2.29357
21.62123;2.24843
21.63198;2.20377
21.64273;2.15957
21.65079;2.12673
21.66154;2.08336
21.67228;2.04044
21.68034;2.00856
21.69109;1.96646
21.70183;1.92482
21.71258;1.88363
21.72064;1.85304
21.73138;1.81265
21.74213;1.77271
21.75019;1.74305
21.76093;1.70391
21.77167;1.66521
21.78241;1.62696
21.79047;1.59856
21.80121;1.56109
21.81195;1.52406
21.82269;1.48748
21.83075;1.46033
21.84149;1.42451
21.85223;1.38914
21.86028;1.3629
21.87102;1.32829
21.88176;1.29412
21.8925;1.26039
21.90055;1.23537
21.91129;1.2024
21.92203;1.16985
21.93008;1.14573
21.94082;1.11394
21.95155;1.08259
21.96229;1.05166
21.97034;1.02875
21.98107;0.99857
21.99181;0.96882
22.00254;0.9395
22.01059;0.91778
22.02133;0.8892
22.03206;0.86104
22.04011;0.8402
22.05084;0.81279
22.06157;0.78579
22.0723;0.75921
22.08035;0.73955
22.09108;0.71371
22.10181;0.68829
22.11254;0.66328
22.12059;0.64479
22.13131;0.62051
22.14204;0.59664
22.15009;0.57901
22.16082;0.55587
22.17154;0.53313
22.18227;0.51081
22.19031;0.49434
22.20104;0.47273
22.21177;0.45152
22.22249;0.43073
22.23053;0.4154
22.24126;0.39531
22.25198;0.37562
22.26003;0.36112
22.27075;0.34213
22.28147;0.32354
22.29219;0.30535
22.30023;0.29197
22.31096;0.27447
22.32168;0.25736
22.3324;0.24065
22.34044;0.22837
22.35116;0.21233
22.36188;0.19669
22.36992;0.1852
22.38063;0.17023
22.39135;0.15564
22.40207;0.14143
22.41011;0.13102
22.42082;0.11747
22.43154;0.10429
22.44226;0.09149
22.45029;0.08213
22.46101;0.06997
22.47172;0.05819
22.47976;0.04958
22.49047;0.03843
22.50119;0.02764
22.5119;0.01721
22.51994;0.00962
22.53065;1.92E-04
22.54136;0.00965
22.55207;0.01876
22.56011;0.02537
22.57082;0.03387
22.58153;0.04204
22.59224;0.04986
22.60027;0.05551
22.61098;0.06275
22.62169;0.06966
22.62972;0.07462
22.64043;0.08096
22.65113;0.08697
22.66184;0.09267
22.66987;0.09673
22.68058;0.10187
22.69128;0.1067
22.70199;0.11123
22.71002;0.11442
22.72072;0.11842
22.73142;0.12211
22.74213;0.12551
22.75016;0.12787
22.76086;0.13077
22.77156;0.13338
22.78226;0.13571
22.79029;0.13728
22.80099;0.13913
22.81169;0.1407
22.81972;0.14171
22.83042;0.14283
22.84112;0.14368
22.85182;0.14429
22.85984;0.14457
22.87054;0.14474
22.88124;0.14466
22.89193;0.14434
22.89996;0.14394
22.91065;0.14321
22.92135;0.14226
22.93205;0.14108
22.94007;0.14005
22.95076;0.13849
22.96146;0.13672
22.97215;0.13475
22.98017;0.13313
22.99086;0.13081
23.00156;0.12829
23.00958;0.12627
23.02027;0.12343
23.03096;0.1204
23.04165;0.1172
23.04967;0.11468
23.06036;0.11118
23.07105;0.10752
23.08174;0.1037
23.08976;0.10074
23.10045;0.09666
23.11113;0.09243
23.12182;0.08806
23.12984;0.0847
23.14052;0.08011
23.15121;0.07538
23.1619;0.07054
23.16991;0.06684
23.1806;0.0618
23.19128;0.05665
23.20197;0.05141
23.20998;0.04741
23.22066;0.042
23.23135;0.03651
23.24203;0.03093
23.25004;0.0267
23.26072;0.02099
23.2714;0.01522
23.27942;0.01085
23.2901;0.00497
23.30078;9.58E-04
23.31146;0.00694
23.31947;0.01145
23.33014;0.0175
23.34082;0.02358
23.3515;0.02969
23.35951;0.03429
23.37019;0.04044
23.38086;0.0466
23.39154;0.05277
23.39955;0.0574
23.41022;0.06358
23.4209;0.06975
23.43157;0.07591
23.43958;0.08052
23.45025;0.08665
23.46093;0.09276
23.4716;0.09884
23.4796;0.10338
23.49028;0.1094
23.50095;0.11538
23.51162;0.12132
23.51962;0.12574
23.53029;0.13158
23.54096;0.13736
23.55163;0.14308
23.55963;0.14733
23.5703;0.15293
23.58097;0.15846
23.59164;0.1639
23.59964;0.16794
23.61031;0.17323
23.62097;0.17844
23.63164;0.18356
23.63964;0.18733
23.6503;0.19227
23.66097;0.1971
23.67163;0.20182
23.67963;0.20529
23.69029;0.20982
23.70096;0.21423
23.71162;0.21852
23.71962;0.22165
23.73028;0.22572
23.74094;0.22965
23.7516;0.23346
23.7596;0.23622
23.77026;0.23978
23.78092;0.24321
23.79158;0.24649
23.79957;0.24885
23.81023;0.25188
23.82089;0.25475
23.83154;0.25748
23.83954;0.25942
23.85019;0.26188
23.86085;0.26418
23.8715;0.26632
23.8795;0.26782
23.89015;0.26969
23.9008;0.27139
23.91146;0.27293
23.91945;0.27398
23.9301;0.27524
23.94075;0.27633
23.95141;0.27727
23.9594;0.27786
23.97005;0.2785
23.9807;0.27899
23.99135;0.27931
23.99934;0.27944
24.00999;0.27948
24.02063;0.27935
24.03128;0.27907
24.03927;0.27876
24.04992;0.2782
24.06056;0.27749
24.07121;0.27662
24.0792;0.27587
24.08984;0.27475
24.10049;0.27347
24.11113;0.27205
24.11912;0.2709
24.12976;0.26924
24.14041;0.26744
24.15105;0.26551
24.16169;0.26346
24.16967;0.26184
24.18032;0.25957
24.19096;0.25719
24.2016;0.2547
24.20958;0.25277
24.22022;0.2501
24.23086;0.24733
24.2415;0.24448
24.24948;0.24229
24.26012;0.23929
24.27075;0.23623
24.28139;0.2331
24.28937;0.23072
24.30001;0.2275
24.31064;0.22424
24.32128;0.22094
24.32926;0.21845
24.33989;0.21511
24.35053;0.21177
24.36116;0.20842
24.36913;0.20592
24.37977;0.20259
24.3904;0.19929
24.40103;0.19604
24.40901;0.19363
24.41964;0.19046
24.43027;0.18737
24.4409;0.18435
24.45153;0.18144
24.4595;0.17932
24.47013;0.1766
24.48076;0.17401
24.49139;0.17156
24.49936;0.16983
24.50999;0.16768
24.52061;0.1657
24.53124;0.16393
24.53921;0.16275
24.54983;0.16137
24.56046;0.16024
24.57108;0.15936
24.57905;0.1589
24.58968;0.15853
24.6003;0.15847
24.61092;0.15875
24.61889;0.15918
24.62951;0.16009
24.64013;0.16137
24.65075;0.16307
24.66137;0.16519
24.66934;0.16707
24.67996;0.16999
24.69058;0.17339
24.7012;0.17731
24.70916;0.18059
24.71978;0.18546
24.7304;0.1909
24.74101;0.19694
24.74898;0.20188
24.75959;0.20903
24.77021;0.21686
24.78082;0.22538
24.78878;0.23225
24.7994;0.24206
24.81001;0.25264
24.82063;0.26403
24.83124;0.27625
24.8392;0.28598
24.84981;0.29973
24.86042;0.3144
24.87103;0.33002
24.87899;0.34237
24.8896;0.35973
24.90021;0.37812
24.91082;0.39759
24.91878;0.41291
24.92938;0.43434
24.93999;0.45694
24.9506;0.48074
24.96121;0.50578
24.96916;0.52541
24.97977;0.55272
24.99037;0.58137
25.00098;0.61142
