100.2965149;0.076728
100.7787097;0.045447
101.2609045;-0.017015
101.7430992;-0.024393
102.225294;-0.041519
102.7074888;-0.135449
103.1896836;-0.230746
103.6718784;-0.2607
104.1540732;-0.252064
104.6362679;-0.233279
105.1184627;-0.192233
105.6006575;-0.126005
106.0828523;-0.060344
106.5650471;0.012242
107.0472419;0.095787
107.5294366;0.124714
108.0116314;0.067765
108.4938262;-0.006089
108.976021;-0.010555
109.4582158;0.003181
109.9404106;-0.076989
110.4226053;-0.148068
110.9048001;-0.060675
111.3869949;0.074836
111.8691897;0.087373
112.3513845;0.013802
112.8335793;-0.038807
113.315774;-0.065931
113.7979688;-0.056442
114.2801636;0.001744
114.7623584;0.035057
115.2445532;0.050917
115.726748;0.126215
116.2089427;0.203167
116.6911375;0.209199
117.1733323;0.19909
117.6555271;0.204186
118.1377219;0.207833
118.6199167;0.20766
119.1021114;0.164338
119.5843062;0.101526
120.066501;0.111749
120.5486958;0.154484
121.0308906;0.126608
121.5130854;0.049716
121.9952801;0.009975
122.4774749;0.043088
122.9596697;0.127756
123.4418645;0.200825
123.9240593;0.191952
124.4062541;0.122442
124.8884488;0.085686
125.3706436;0.097943
125.8528384;0.096417
126.3350332;0.066399
126.817228;0.056929
127.2994228;0.088421
127.7816175;0.118213
128.2638123;0.10369
128.7460071;0.077091
129.2282019;0.093819
129.7103967;0.12901
130.1925915;0.15136
130.6747862;0.15023
131.156981;0.105565
131.6391758;0.071816
132.1213706;0.087327
132.6035654;0.089186
133.0857602;0.059328
133.5679549;0.054129
134.0501497;0.080197
134.5323445;0.079481
135.0145393;0.033446
135.4967341;-0.021876
135.9789289;-0.045582
136.4611236;-0.019376
136.9433184;0.025044
137.4255132;0.057712
137.907708;0.084006
138.3899028;0.094269
138.8720975;0.068865
139.3542923;0.04039
139.8364871;0.048709
140.3186819;0.057387
140.8008767;0.039413
141.2830715;0.021009
141.7652662;0.011824
142.247461;0.010175
142.7296558;0.003117
143.2118506;-0.009659
143.6940454;0.007742
144.1762402;0.038257
144.6584349;0.025759
145.1406297;-0.022096
145.6228245;-0.05702
146.1050193;-0.044703
146.5872141;0.012528
147.0694089;0.054757
147.5516036;0.027517
148.0337984;-0.037004
148.5159932;-0.083192
148.998188;-0.09376
149.4803828;-0.05367
149.9625776;0.003482
150.4447723;0.005515
150.9269671;-0.031276
151.4091619;-0.055659
151.8913567;-0.07884
152.3735515;-0.091807
152.8557463;-0.053448
153.337941;0.007589
153.8201358;0.02089
154.3023306;-0.003334
154.7845254;0.001797
155.2667202;0.037583
155.748915;0.04183
156.2311097;0.010114
156.7133045;0.002771
157.1954993;0.028298
157.6776941;0.059842
158.1598889;0.101706
158.6420837;0.142787
159.1242784;0.149113
159.6064732;0.114392
160.088668;0.064384
160.5708628;0.029809
161.0530576;0.042384
161.5352524;0.099318
162.0174471;0.128549
162.4996419;0.108633
162.9818367;0.102875
163.4640315;0.119138
163.9462263;0.129543
164.4284211;0.139741
164.9106158;0.143274
165.3928106;0.128252
165.8750054;0.110453
166.3572002;0.099783
166.839395;0.084201
167.3215898;0.053753
167.8037845;0.019237
168.2859793;0.008584
168.7681741;0.021853
169.2503689;0.028663
169.7325637;0.015473
170.2147585;-0.007832
170.6969532;-0.022012
171.179148;-0.022618
171.6613428;-0.023252
172.1435376;-0.030456
172.6257324;-0.033497
173.1079272;-0.025796
173.5901219;-0.019351
174.0723167;-0.017647
174.5545115;-0.025713
175.0367063;-0.050276
175.5189011;-0.071678
176.0010959;-0.074386
176.4832906;-0.06469
176.9654854;-0.052092
177.4476802;-0.035837
177.929875;-0.014321
178.4120698;0.001228
178.8942646;-0.001089
179.3764593;-0.018153
179.8586541;-0.022484
180.3408489;-0.003627
180.8230437;0.013183
181.3052385;0.025151
181.7874332;0.041616
182.269628;0.053414
182.7518228;0.053713
183.2340176;0.03676
183.7162124;0.021621
184.1984072;0.035913
184.6806019;0.054249
185.1627967;0.047817
185.6449915;0.033013
186.1271863;0.033429
186.6093811;0.044972
187.0915759;0.049194
187.5737706;0.046207
188.0559654;0.039896
188.5381602;0.036999
189.020355;0.051974
189.5025498;0.071792
189.9847446;0.072547
190.4669393;0.060462
190.9491341;0.052638
191.4313289;0.047375
191.9135237;0.048703
192.3957185;0.066088
192.8779133;0.092771
193.360108;0.119591
193.8423028;0.126569
194.3244976;0.101851
194.8066924;0.067542
195.2888872;0.051658
195.771082;0.063752
196.2532767;0.084472
196.7354715;0.094463
197.2176663;0.09727
197.6998611;0.09225
198.1820559;0.076798
198.6642507;0.066482
199.1464454;0.07549
199.6286402;0.094225
200.110835;0.10447
200.5930298;0.105166
201.0752246;0.109352
201.5574194;0.111477
202.0396141;0.097661
202.5218089;0.081079
203.0040037;0.073629
203.4861985;0.068495
203.9683933;0.064885
204.4505881;0.067262
204.9327828;0.080016
205.4149776;0.092301
205.8971724;0.082811
206.3793672;0.066238
206.861562;0.070204
207.3437568;0.080606
207.8259515;0.077914
208.3081463;0.072217
208.7903411;0.077473
209.2725359;0.08719
209.7547307;0.082612
210.2369255;0.067734
210.7191202;0.065908
211.201315;0.07965
211.6835098;0.090075
212.1657046;0.08682
212.6478994;0.079014
213.1300942;0.080426
213.6122889;0.093004
214.0944837;0.10868
214.5766785;0.126215
215.0588733;0.145782
215.5410681;0.152758
216.0232629;0.145359
216.5054576;0.138778
216.9876524;0.130306
217.4698472;0.119084
217.952042;0.117106
218.4342368;0.123448
218.9164316;0.138902
219.3986263;0.155363
219.8808211;0.148778
220.3630159;0.132332
220.8452107;0.137069
221.3274055;0.156348
221.8096003;0.170366
222.291795;0.180751
222.7739898;0.18891
223.2561846;0.181481
223.7383794;0.167374
224.2205742;0.165327
224.7027689;0.162551
225.1849637;0.154076
225.6671585;0.163875
226.1493533;0.194481
226.6315481;0.211389
227.1137429;0.194972
227.5959376;0.165046
228.0781324;0.146548
228.5603272;0.148718
229.042522;0.162501
229.5247168;0.175577
230.0069116;0.194697
230.4891063;0.216898
230.9713011;0.2176
231.4534959;0.200511
231.9356907;0.191577
232.4178855;0.186726
232.9000803;0.174604
233.382275;0.173834
233.8644698;0.190354
234.3466646;0.206306
234.8288594;0.22415
235.3110542;0.243282
235.793249;0.246531
236.2754437;0.241168
236.7576385;0.243853
237.2398333;0.252762
237.7220281;0.262625
238.2042229;0.272465
238.6864177;0.28019
239.1686124;0.280453
239.6508072;0.267143
240.133002;0.244259
240.6151968;0.231114
241.0973916;0.234317
241.5795864;0.236886
242.0617811;0.241871
242.5439759;0.264673
243.0261707;0.285759
243.5083655;0.284397
243.9905603;0.279132
244.4727551;0.287225
244.9549498;0.294076
245.4371446;0.295612
245.9193394;0.310797
246.4015342;0.333051
246.883729;0.337508
247.3659238;0.319283
247.8481185;0.295967
248.3303133;0.292972
248.8125081;0.311591
249.2947029;0.333857
249.7768977;0.352845
250.2590925;0.363057
250.7412872;0.357546
251.223482;0.347394
251.7056768;0.353865
252.1878716;0.37229
252.6700664;0.377426
253.1522612;0.373969
253.6344559;0.384093
254.1166507;0.401313
254.5988455;0.406379
255.0810403;0.400171
255.5632351;0.399728
256.0454299;0.409284
256.5276246;0.417254
257.0098194;0.428547
257.4920142;0.448162
257.974209;0.460269
258.4564038;0.463361
258.9385986;0.470803
259.4207933;0.476617
259.9029881;0.4721
260.3851829;0.470733
260.8673777;0.4805
261.3495725;0.492572
261.8317673;0.506084
262.313962;0.519334
262.7961568;0.520825
263.2783516;0.520549
263.7605464;0.535766
264.2427412;0.547905
264.724936;0.546316
265.2071307;0.556293
265.6893255;0.583563
266.1715203;0.608124
266.6537151;0.62059
267.1359099;0.626091
267.6181046;0.627987
268.1002994;0.632099
268.5824942;0.647607
269.064689;0.664706
269.5468838;0.677163
270.0290786;0.692603
270.5112733;0.701874
270.9934681;0.699205
271.4756629;0.702879
271.9578577;0.721008
272.4400525;0.736219
272.9222473;0.7463
273.404442;0.765445
273.8866368;0.78851
274.3688316;0.810262
274.8510264;0.832115
275.3332212;0.849151
275.815416;0.868468
276.2976107;0.893667
276.7798055;0.905949
277.2620003;0.90244
277.7441951;0.903374
278.2263899;0.917601
278.7085847;0.944118
279.1907794;0.973328
279.6729742;0.99325
280.155169;1.01043
280.6373638;1.028331
281.1195586;1.045438
281.6017534;1.069575
282.0839481;1.094002
282.5661429;1.109801
283.0483377;1.127289
283.5305325;1.150405
284.0127273;1.170234
284.4949221;1.185629
284.9771168;1.204171
285.4593116;1.226496
285.9415064;1.246204
286.4237012;1.265227
286.905896;1.291724
287.3880908;1.323933
287.8702855;1.352403
288.3524803;1.375484
288.8346751;1.400186
289.3168699;1.428983
289.7990647;1.458265
290.2812595;1.485785
290.7634542;1.511487
291.245649;1.540311
291.7278438;1.577784
292.2100386;1.617988
292.6922334;1.649492
293.1744282;1.67506
293.6566229;1.705618
294.1388177;1.734135
294.6210125;1.755003
295.1032073;1.786208
295.5854021;1.832354
296.0675969;1.872739
296.5497916;1.900134
297.0319864;1.928887
297.5141812;1.965731
297.996376;2.004477
298.4785708;2.041074
298.9607656;2.07398
299.4429603;2.107993
299.9251551;2.149963
300.4073499;2.195099
300.8895447;2.236388
301.3717395;2.271617
301.8539343;2.304276
302.336129;2.347437
302.8183238;2.406648
303.3005186;2.468951
303.7827134;2.521455
304.2649082;2.562337
304.747103;2.598795
305.2292977;2.648007
305.7114925;2.712664
306.1936873;2.76878
306.6758821;2.810454
307.1580769;2.862378
307.6402716;2.931061
308.1224664;2.995119
308.6046612;3.04816
309.086856;3.103888
309.5690508;3.160576
310.0512456;3.215457
310.5334403;3.282289
311.0156351;3.357388
311.4978299;3.426787
311.9800247;3.492942
312.4622195;3.559102
312.9444143;3.624694
313.426609;3.696807
313.9088038;3.777501
314.3909986;3.852148
314.8731934;3.915939
315.3553882;3.985193
315.837583;4.063134
316.3197777;4.134297
316.8019725;4.197851
317.2841673;4.268065
317.7663621;4.349961
318.2485569;4.440626
318.7307517;4.533527
319.2129464;4.619225
319.6951412;4.69861
320.177336;4.782993
320.6595308;4.877385
321.1417256;4.97434
321.6239204;5.066607
322.1061151;5.155323
322.5883099;5.24708
323.0705047;5.346496
323.5526995;5.452055
324.0348943;5.561532
324.5170891;5.670998
324.9992838;5.77653
325.4814786;5.8797
325.9636734;5.98521
326.4458682;6.098846
326.928063;6.218199
327.4102578;6.332707
327.8924525;6.443822
328.3746473;6.563074
328.8568421;6.691524
329.3390369;6.821758
329.8212317;6.94657
330.3034265;7.063752
330.7856212;7.177585
331.267816;7.294703
331.7500108;7.425576
332.2322056;7.571995
332.7144004;7.720635
333.1965952;7.863788
333.6787899;8.004599
334.1609847;8.145272
334.6431795;8.285611
335.1253743;8.43183
335.6075691;8.589897
336.0897639;8.752032
336.5719586;8.909163
337.0541534;9.064702
337.5363482;9.226585
338.018543;9.394605
338.5007378;9.563744
338.9829326;9.733465
339.4651273;9.901761
339.9473221;10.068579
340.4295169;10.244998
340.9117117;10.434925
341.3939065;10.629005
341.8761013;10.81744
342.358296;10.994258
342.8404908;11.171314
343.3226856;11.364086
343.8048804;11.562917
344.2870752;11.757753
344.76927;11.956677
345.2514647;12.163245
345.7336595;12.37177
346.2158543;12.580344
346.6980491;12.790386
347.1802439;13.002092
347.6624387;13.213907
348.1446334;13.425347
348.6268282;13.635331
349.109023;13.84159
349.5912178;14.053328
350.0734126;14.280103
350.5556073;14.511877
351.0378021;14.739673
351.5199969;14.972197
352.0021917;15.213515
352.4843865;15.453075
352.9665813;15.689032
353.448776;15.927938
353.9309708;16.17174
354.4131656;16.422239
354.8953604;16.676317
355.3775552;16.926593
355.85975;17.172432
356.3419447;17.421499
356.8241395;17.681472
357.3063343;17.947276
357.7885291;18.207009
358.2707239;18.462159
358.7529187;18.722567
359.2351134;18.987866
359.7173082;19.253258
360.199503;19.518279
360.6816978;19.782332
361.1638926;20.048995
361.6460874;20.32517
362.1282821;20.605807
362.6104769;20.878972
363.0926717;21.145464
363.5748665;21.413377
364.0570613;21.683486
364.5392561;21.952672
365.0214508;22.224195
365.5036456;22.506364
365.9858404;22.798669
366.4680352;23.08912
366.95023;23.373352
367.4324248;23.65955
367.9146195;23.94594
368.3968143;24.222656
368.8790091;24.495837
369.3612039;24.77652
369.8433987;25.060079
370.3255935;25.34121
370.8077882;25.624543
371.289983;25.910589
371.7721778;26.196089
372.2543726;26.480493
372.7365674;26.765168
373.2187622;27.050155
373.7009569;27.329251
374.1831517;27.604729
374.6653465;27.889937
375.1475413;28.184021
375.6297361;28.474253
376.1119309;28.758487
376.5941256;29.042533
377.0763204;29.329473
377.5585152;29.619762
378.04071;29.908764
378.5229048;30.191925
379.0050996;30.474359
379.4872943;30.761945
379.9694891;31.052414
380.4516839;31.343278
380.9338787;31.63586
381.4160735;31.926224
381.8982683;32.210431
382.380463;32.493618
382.8626578;32.778308
383.3448526;33.063561
383.8270474;33.350697
384.3092422;33.633867
384.791437;33.908507
385.2736317;34.182006
385.7558265;34.459004
386.2380213;34.737968
386.7202161;35.017645
387.2024109;35.29613
387.6846057;35.570374
388.1668004;35.835338
388.6489952;36.091405
389.13119;36.347994
389.6133848;36.610472
390.0955796;36.87157
390.5777744;37.123299
391.0599691;37.369812
391.5421639;37.615398
392.0243587;37.855235
392.5065535;38.087729
392.9887483;38.313845
393.470943;38.528219
393.9531378;38.728672
394.4353326;38.920075
394.9175274;39.103928
395.3997222;39.276189
395.881917;39.43305
396.3641117;39.580497
396.8463065;39.731234
397.3285013;39.893612
397.8106961;40.073672
398.2928909;40.267608
398.7750857;40.46801
399.2572804;40.681937
399.7394752;40.914351
400.22167;41.166303
400.7038648;41.43711
401.1860596;41.710111
401.6682544;41.972023
402.1504491;42.22115
402.6326439;42.456862
403.1148387;42.68181
403.5970335;42.898589
404.0792283;43.108979
404.5614231;43.312684
405.0436178;43.508759
405.5258126;43.696982
406.0080074;43.880549
406.4902022;44.067481
406.972397;44.25188
407.4545918;44.421753
407.9367865;44.580635
408.4189813;44.734237
408.9011761;44.883299
409.3833709;45.030716
409.8655657;45.178738
410.3477605;45.322523
410.8299552;45.456895
411.31215;45.590058
411.7943448;45.729777
412.2765396;45.864308
412.7587344;45.985526
413.2409292;46.106625
413.7231239;46.23718
414.2053187;46.367013
414.6875135;46.483058
415.1697083;46.588355
415.6519031;46.691793
416.1340979;46.795911
416.6162926;46.901873
417.0984874;47.00816
417.5806822;47.113782
418.062877;47.220486
418.5450718;47.325283
419.0272666;47.42378
419.5094613;47.520041
419.9916561;47.622442
420.4738509;47.727478
420.9560457;47.826809
421.4382405;47.92752
421.9204353;48.036361
422.40263;48.143578
422.8848248;48.244759
423.3670196;48.345491
423.8492144;48.44681
424.3314092;48.549044
424.813604;48.652548
425.2957987;48.760679
425.7779935;48.879337
426.2601883;49.002454
426.7423831;49.121079
427.2245779;49.241015
427.7067727;49.367982
428.1889674;49.495625
428.6711622;49.624711
429.153357;49.762809
429.6355518;49.904829
430.1177466;50.043762
430.5999414;50.188822
431.0821361;50.347877
431.5643309;50.506496
432.0465257;50.654644
432.5287205;50.803983
433.0109153;50.959498
433.49311;51.114959
433.9753048;51.272476
434.4574996;51.438302
434.9396944;51.612341
435.4218892;51.790869
435.904084;51.973999
436.3862787;52.168196
436.8684735;52.368695
437.3506683;52.560967
437.8328631;52.748817
438.3150579;52.944952
438.7972527;53.150982
439.2794474;53.359467
439.7616422;53.564548
440.243837;53.772074
440.7260318;53.986329
441.2082266;54.197693
441.6904214;54.400891
442.1726161;54.609644
442.6548109;54.829359
443.1370057;55.04486
443.6192005;55.255836
444.1013953;55.469614
444.5835901;55.675811
445.0657848;55.874956
445.5479796;56.076515
446.0301744;56.266838
446.5123692;56.436628
446.994564;56.599796
447.4767588;56.760943
447.9589535;56.909835
448.4411483;57.036471
448.9233431;57.136518
449.4055379;57.214761
449.8877327;57.2725
450.3699275;57.305688
450.8521222;57.327414
451.334317;57.360315
451.8165118;57.409257
452.2987066;57.474208
452.7809014;57.571632
453.2630962;57.711971
453.7452909;57.87943
454.2274857;58.050436
454.7096805;58.202708
455.1918753;58.316416
455.6740701;58.390945
456.1562649;58.434749
456.6384596;58.444649
457.1206544;58.423501
457.6028492;58.389825
458.085044;58.35309
458.5672388;58.317506
459.0494336;58.306295
459.5316283;58.353186
460.0138231;58.484244
460.4960179;58.707213
460.9782127;59.01624
461.4604075;59.402627
461.9426023;59.849286
462.424797;60.33777
462.9069918;60.848182
463.3891866;61.351436
463.8713814;61.828524
464.3535762;62.270731
464.835771;62.66914
465.3179657;63.024974
465.8001605;63.349712
466.2823553;63.651854
466.7645501;63.929409
467.2467449;64.171022
467.7289397;64.375001
468.2111344;64.560044
468.6933292;64.739138
469.175524;64.905357
469.6577188;65.049011
470.1399136;65.175813
470.6221084;65.301269
471.1043031;65.423918
471.5864979;65.528113
472.0686927;65.610224
472.5508875;65.684623
473.0330823;65.761203
473.5152771;65.830249
473.9974718;65.888512
474.4796666;65.945107
474.9618614;65.995806
475.4440562;66.030985
475.926251;66.056609
476.4084457;66.086447
476.8906405;66.122311
477.3728353;66.155869
477.8550301;66.18309
478.3372249;66.204816
478.8194197;66.222727
479.3016144;66.241598
479.7838092;66.263074
480.266004;66.278702
480.7481988;66.287094
481.2303936;66.300207
481.7125884;66.325235
482.1947831;66.358852
482.6769779;66.389358
483.1591727;66.406262
483.6413675;66.417742
484.1235623;66.44302
484.6057571;66.48258
485.0879518;66.519672
485.5701466;66.546178
486.0523414;66.571814
486.5345362;66.613877
487.016731;66.668087
487.4989258;66.711706
487.9811205;66.745931
488.4633153;66.789734
488.9455101;66.842723
489.4277049;66.889572
489.9098997;66.926259
490.3920945;66.961986
490.8742892;66.995049
491.356484;67.014605
491.8386788;67.032266
492.3208736;67.065644
492.8030684;67.103863
493.2852632;67.129081
493.7674579;67.140621
494.2496527;67.145056
494.7318475;67.146248
495.2140423;67.146903
495.6962371;67.150253
496.1784319;67.160851
496.6606266;67.177969
497.1428214;67.191863
497.6250162;67.196894
498.107211;67.190284
498.5894058;67.177588
499.0716006;67.177361
499.5537953;67.188317
500.0359901;67.192227
500.5181849;67.187995
501.0003797;67.187256
501.4825745;67.193604
501.9647693;67.202675
502.446964;67.212343
502.9291588;67.224544
503.4113536;67.244971
503.8935484;67.268091
504.3757432;67.280978
504.857938;67.296702
505.3401327;67.331463
505.8223275;67.371213
506.3045223;67.401576
506.7867171;67.431313
507.2689119;67.470723
507.7511067;67.512017
508.2333014;67.545801
508.7154962;67.577404
509.197691;67.613071
509.6798858;67.653292
510.1620806;67.696881
510.6442754;67.736644
511.1264701;67.768699
511.6086649;67.799795
512.0908597;67.831653
512.5730545;67.861634
513.0552493;67.892236
513.5374441;67.91966
514.0196388;67.938781
514.5018336;67.955452
514.9840284;67.971808
515.4662232;67.98504
515.948418;67.99345
516.4306128;67.989039
516.9128075;67.974061
517.3950023;67.966616
517.8771971;67.968971
518.3593919;67.96537
518.8415867;67.945558
519.3237814;67.905569
519.8059762;67.854202
520.288171;67.810845
520.7703658;67.775381
521.2525606;67.733353
521.7347554;67.67053
522.2169501;67.575508
522.6991449;67.464274
523.1813397;67.357868
523.6635345;67.244017
524.1457293;67.114204
524.6279241;66.981906
525.1101188;66.842693
525.5923136;66.682571
526.0745084;66.518575
526.5567032;66.38062
527.038898;66.273135
527.5210928;66.184497
528.0032875;66.112977
528.4854823;66.071713
528.9676771;66.071332
529.4498719;66.10266
529.9320667;66.147679
530.4142615;66.201949
530.8964562;66.274583
531.378651;66.362387
531.8608458;66.443205
532.3430406;66.511452
532.8252354;66.577607
533.3074302;66.63565
533.7896249;66.680026
534.2718197;66.71654
534.7540145;66.743273
535.2362093;66.753215
535.7184041;66.747105
536.2005989;66.738021
536.6827936;66.736621
537.1649884;66.744101
537.6471832;66.758722
538.129378;66.766471
538.6115728;66.75694
539.0937676;66.744417
539.5759623;66.738379
540.0581571;66.730171
540.5403519;66.720349
541.0225467;66.719401
541.5047415;66.727543
541.9869363;66.731912
542.469131;66.726857
542.9513258;66.729563
543.4335206;66.747308
543.9157154;66.765153
544.3979102;66.780889
544.880105;66.797453
545.3622997;66.808826
545.8444945;66.818863
546.3266893;66.834229
546.8088841;66.853613
547.2910789;66.882616
547.7732737;66.92242
548.2554684;66.95376
548.7376632;66.967893
549.219858;66.977626
549.7020528;66.995949
550.1842476;67.03034
550.6664424;67.078793
551.1486371;67.125404
551.6308319;67.154151
552.1130267;67.17605
552.5952215;67.206389
553.0774163;67.231798
553.5596111;67.24872
554.0418058;67.266732
554.5240006;67.278588
555.0061954;67.285103
555.4883902;67.302763
555.970585;67.335337
556.4527798;67.371523
556.9349745;67.409104
557.4171693;67.446089
557.8993641;67.467391
558.3815589;67.477006
558.8637537;67.488712
559.3459484;67.504615
559.8281432;67.535222
560.310338;67.5789
560.7925328;67.615497
561.2747276;67.646289
561.7569224;67.681837
562.2391171;67.712206
562.7213119;67.725968
563.2035067;67.731166
563.6857015;67.745537
564.1678963;67.777079
564.6500911;67.817724
565.1322858;67.857331
565.6144806;67.892414
566.0966754;67.92199
566.5788702;67.945468
567.061065;67.966688
567.5432598;67.99069
568.0254545;68.012643
568.5076493;68.033922
568.9898441;68.064415
569.4720389;68.100697
569.9542337;68.135726
570.4364285;68.167078
570.9186232;68.190289
571.400818;68.199283
571.8830128;68.200314
572.3652076;68.209785
572.8474024;68.225205
573.3295972;68.240404
573.8117919;68.26359
574.2939867;68.292689
574.7761815;68.316501
575.2583763;68.327701
575.7405711;68.321985
576.2227659;68.308425
576.7049606;68.304825
577.1871554;68.30976
577.6693502;68.311626
578.151545;68.313444
578.6337398;68.314207
579.1159346;68.305123
579.5981293;68.291318
580.0803241;68.279821
580.5625189;68.269837
581.0447137;68.259931
581.5269085;68.24652
582.0091033;68.231112
582.491298;68.216157
582.9734928;68.199497
583.4556876;68.185192
583.9378824;68.179196
584.4200772;68.18428
584.902272;68.187249
585.3844667;68.164617
585.8666615;68.124855
586.3488563;68.098354
586.8310511;68.096244
587.3132459;68.100983
587.7954407;68.087482
588.2776354;68.057305
588.7598302;68.02578
589.242025;67.99745
589.7242198;67.985058
590.2064146;67.995065
590.6886094;67.997169
591.1708041;67.976338
591.6529989;67.960948
592.1351937;67.963701
592.6173885;67.972958
593.0995833;67.979479
593.5817781;67.974257
594.0639728;67.957217
594.5461676;67.943197
595.0283624;67.948771
595.5105572;67.97924
595.992752;68.033814
596.4749468;68.101233
596.9571415;68.143892
597.4393363;68.140292
597.9215311;68.131322
598.4037259;68.161261
598.8859207;68.207622
599.3681155;68.235958
599.8503102;68.271184
600.332505;68.349552
600.8146998;68.453944
601.2968946;68.560904
601.7790894;68.673831
602.2612841;68.776762
602.7434789;68.878227
603.2256737;69.012982
603.7078685;69.15037
604.1900633;69.233817
604.6722581;69.268358
605.1544528;69.296646
605.6366476;69.328934
606.1188424;69.407731
606.6010372;69.584882
607.083232;69.766366
607.5654268;69.843984
608.0476215;69.911611
608.5298163;70.07674
609.0120111;70.207518
609.4942059;70.234925
609.9764007;70.306581
610.4585955;70.450974
610.9407902;70.604682
611.422985;70.70663
611.9051798;70.651257
612.3873746;70.400465
612.8695694;70.078677
613.3517642;69.892555
613.8339589;69.911343
614.3161537;70.044327
614.7983485;70.163864
615.2805433;70.140404
615.7627381;69.937056
616.2449329;69.692707
616.7271276;69.568729
617.2093224;69.612998
617.6915172;69.765478
618.173712;69.867289
618.6559068;69.849521
619.1381016;69.793296
619.6202963;69.694638
620.1024911;69.537729
620.5846859;69.459248
621.0668807;69.508928
621.5490755;69.543219
622.0312703;69.456452
622.513465;69.256592
622.9956598;69.023138
623.4778546;68.842798
623.9600494;68.693018
624.4422442;68.5045
624.924439;68.31513
625.4066337;68.20066
625.8888285;68.126827
626.3710233;68.036318
626.8532181;67.930138
627.3354129;67.816007
627.8176077;67.712104
628.2998024;67.63894
628.7819972;67.585719
629.264192;67.532444
629.7463868;67.479914
630.2285816;67.43198
630.7107764;67.379975
631.1929711;67.324483
631.6751659;67.273206
632.1573607;67.224896
632.6395555;67.178273
633.1217503;67.134863
633.6039451;67.09277
634.0861398;67.049956
634.5683346;67.002112
635.0505294;66.949898
635.5327242;66.903454
636.014919;66.853505
636.4971138;66.784346
636.9793085;66.711694
637.4615033;66.652173
637.9436981;66.596627
638.4258929;66.537398
638.9080877;66.48075
639.3902825;66.428095
639.8724772;66.371477
640.354672;66.307074
640.8368668;66.23919
641.3190616;66.1744
641.8012564;66.109693
642.2834512;66.038477
642.7656459;65.964353
643.2478407;65.889078
643.7300355;65.811479
644.2122303;65.737391
644.6944251;65.665454
645.1766198;65.58916
645.6588146;65.513206
646.1410094;65.440762
646.6232042;65.366608
647.105399;65.288013
647.5875938;65.204263
648.0697885;65.114528
648.5519833;65.020919
649.0341781;64.928758
649.5163729;64.835221
649.9985677;64.735937
650.4807625;64.639068
650.9629572;64.54404
651.445152;64.439601
651.9273468;64.327937
652.4095416;64.21746
652.8917364;64.112228
653.3739312;64.011198
653.8561259;63.906193
654.3383207;63.79143
654.8205155;63.668019
655.3027103;63.541389
655.7849051;63.414001
656.2670999;63.280857
656.7492946;63.144588
657.2314894;63.012743
657.7136842;62.882757
658.195879;62.749451
658.6780738;62.611866
659.1602686;62.476552
659.6424633;62.349337
660.1246581;62.219626
660.6068529;62.080193
661.0890477;61.943805
661.5712425;61.81637
662.0534373;61.689299
662.535632;61.560404
663.0178268;61.431479
663.5000216;61.302567
663.9822164;61.174613
664.4644112;61.049938
664.946606;60.928434
665.4288007;60.801381
665.9109955;60.669029
666.3931903;60.545743
666.8753851;60.434216
667.3575799;60.323596
667.8397747;60.204858
668.3219694;60.076517
668.8041642;59.946901
669.286359;59.823531
669.7685538;59.70059
670.2507486;59.573162
670.7329434;59.446448
671.2151381;59.323841
671.6973329;59.204936
672.1795277;59.087765
672.6617225;58.971208
673.1439173;58.85458
673.6261121;58.732307
674.1083068;58.60278
674.5905016;58.475137
675.0726964;58.352345
675.5548912;58.229452
676.037086;58.111459
676.5192808;58.001733
677.0014755;57.894742
677.4836703;57.785535
677.9658651;57.666016
678.4480599;57.539314
678.9302547;57.419348
679.4124495;57.303995
679.8946442;57.187593
680.376839;57.076883
680.8590338;56.972206
681.3412286;56.864703
681.8234234;56.754476
682.3056182;56.643331
682.7878129;56.528276
683.2700077;56.411409
683.7522025;56.295902
684.2343973;56.177562
684.7165921;56.055236
685.1987868;55.939966
685.6809816;55.835927
686.1631764;55.729395
686.6453712;55.607086
687.127566;55.473387
687.6097608;55.34153
688.0919555;55.212581
688.5741503;55.085063
689.0563451;54.962587
689.5385399;54.83731
690.0207347;54.700065
690.5029295;54.559469
690.9851242;54.421449
691.467319;54.274577
691.9495138;54.11793
692.4317086;53.964305
692.9139034;53.818905
693.3960982;53.679538
693.8782929;53.537834
694.3604877;53.392863
694.8426825;53.253245
695.3248773;53.112859
695.8070721;52.965796
696.2892669;52.825016
696.7714616;52.698416
697.2536564;52.570987
697.7358512;52.425402
698.218046;52.27499
698.7002408;52.14076
699.1824356;52.017784
