200;0.002216911;;;;;;;;;;
205;0.002414705;;;;;;;;;;
210;0.002472138;;;;;;;;;;
215;0.002588838;;;;;;;;;;
220;0.002720773;;;;;;;;;;
225;0.002868575;;;;;;;;;;
230;0.002842039;;;;;;;;;;
235;0.002837012;;;;;;;;;;
240;0.002663115;;;;;;;;;;
245;0.00259154;;;;;;;;;;
250;0.002678384;;;;;;;;;;
255;0.002819653;;;;;;;;;;
260;0.002761262;;;;;;;;;;
265;0.002763456;;;;;;;;;;
270;0.002665684;;;;;;;;;;
275;0.002550408;;;;;;;;;;
280;0.002444428;;;;;;;;;;
285;0.002134851;;;;;;;;;;
290;0.002391127;;;;;;;;;;
295;0.002357002;;;;;;;;;;
300;0.002218357;;;;;;;;;;
305;0.001851664;;;;;;;;;;
310;0.002019387;;;;;;;;;;
315;0.00178157;;;;;;;;;;
320;0.001981181;;;;;;;;;;
325;0.002028611;;;;;;;;;;
330;0.001503825;;;;;;;;;;
335;0.001990442;;;;;;;;;;
340;0.000384927;;;;;;;;;;
345;2.91E-05;;;;;;;;;;
350;0.002432124;;;;;;;;;;
355;0.002295363;;;;;;;;;;
360;0.002395758;;;;;;;;;;
365;0.002594091;;;;;;;;;;
370;0.002706538;;;;;;;;;;
375;0.002593281;;;;;;;;;;
380;0.002711065;;;;;;;;;;
385;0.002626804;;;;;;;;;;
390;0.00277824;;;;;;;;;;
395;0.002821564;;;;;;;;;;
400;0.002989753;;;;;;;;;;
405;0.002916132;;;;;;;;;;
410;0.002966045;;;;;;;;;;
415;0.003036454;;;;;;;;;;
420;0.002940084;;;;;;;;;;
425;0.002967784;;;;;;;;;;
430;0.003051153;;;;;;;;;;
435;0.003114854;;;;;;;;;;
440;0.003256484;;;;;;;;;;
445;0.00314074;;;;;;;;;;
450;0.003427539;;;;;;;;;;
455;0.003200453;;;;;;;;;;
460;0.00343003;;;;;;;;;;
465;0.003211434;;;;;;;;;;
470;0.003136261;;;;;;;;;;
475;0.257724851;;;;;;;;;;
480;0.68013984;;;;;;;;;;
485;0.888426483;;;;;;;;;;
490;1.052474618;;;;;;;;;;
495;1.201589942;;;;;;;;;;
500;1.334153056;;;;;;;;;;
505;1.454717278;;;;;;;;;;
510;1.56902802;;;;;;;;;;
515;1.685540199;;;;;;;;;;
520;1.808499694;;;;;;;;;;
525;1.899479151;;;;;;;;;;
530;1.953723669;;;;;;;;;;
535;1.988108039;;;;;;;;;;
540;2.013687372;;;;;;;;;;
545;2.033440113;;;;;;;;;;
550;2.046792746;;;;;;;;;;
555;2.056789637;;;;;;;;;;
560;2.063993216;;;;;;;;;;
565;2.066400051;;;;;;;;;;
570;2.068677425;;;;;;;;;;
575;2.069199562;;;;;;;;;;
580;2.0697999;;;;;;;;;;
585;2.067440987;;;;;;;;;;
590;2.068177938;;;;;;;;;;
595;2.066000938;;;;;;;;;;
600;2.064997435;;;;;;;;;;
605;2.063382626;;;;;;;;;;
610;2.062097311;;;;;;;;;;
615;2.061277866;;;;;;;;;;
620;2.059745312;;;;;;;;;;
625;2.058263302;;;;;;;;;;
630;2.0573349;;;;;;;;;;
635;2.056307793;;;;;;;;;;
640;2.053798199;;;;;;;;;;
645;2.053844929;;;;;;;;;;
650;2.053568602;;;;;;;;;;
655;2.051028967;;;;;;;;;;
660;2.051735163;;;;;;;;;;
665;2.051314831;;;;;;;;;;
670;2.051389694;;;;;;;;;;
675;2.050647736;;;;;;;;;;
680;2.050810814;;;;;;;;;;
685;2.051867723;;;;;;;;;;
690;2.053750753;;;;;;;;;;
695;2.055049419;;;;;;;;;;
700;2.056281567;;;;;;;;;;
705;2.060584545;;;;;;;;;;
710;2.061984062;;;;;;;;;;
715;2.065023899;;;;;;;;;;
720;2.069162607;;;;;;;;;;
725;2.071453333;;;;;;;;;;
730;2.074960709;;;;;;;;;;
735;2.080719948;;;;;;;;;;
740;2.085691452;;;;;;;;;;
745;2.091844082;;;;;;;;;;
750;2.096484661;;;;;;;;;;
755;2.103840828;;;;;;;;;;
760;2.109229088;;;;;;;;;;
765;2.115178108;;;;;;;;;;
770;2.121482134;;;;;;;;;;
775;2.128309488;;;;;;;;;;
780;2.13815856;;;;;;;;;;
785;2.142220259;;;;;;;;;;
790;2.151450872;;;;;;;;;;
795;2.158312798;;;;;;;;;;
800;2.168074846;;;;;;;;;;
805;2.174594641;;;;;;;;;;
810;2.184721947;;;;;;;;;;
815;2.192445755;;;;;;;;;;
820;2.201993465;;;;;;;;;;
825;2.207638025;;;;;;;;;;
830;2.21724081;;;;;;;;;;
835;2.228607893;;;;;;;;;;
840;2.227894306;;;;;;;;;;
845;2.244521618;;;;;;;;;;
850;2.326033592;;;;;;;;;;
855;2.338180304;;;;;;;;;;
860;2.348527193;;;;;;;;;;
865;2.352258205;;;;;;;;;;
870;2.363841534;;;;;;;;;;
875;2.370727539;;;;;;;;;;
880;2.37662077;;;;;;;;;;
885;2.384841919;;;;;;;;;;
890;2.390555859;;;;;;;;;;
895;2.398276806;;;;;;;;;;
900;2.40854311;;;;;;;;;;
905;2.413351536;;;;;;;;;;
910;2.41891861;;;;;;;;;;
915;2.427420378;;;;;;;;;;
920;2.433188438;;;;;;;;;;
925;2.439613342;;;;;;;;;;
930;2.445189476;;;;;;;;;;
935;2.453310966;;;;;;;;;;
940;2.456722498;;;;;;;;;;
945;2.467586756;;;;;;;;;;
950;2.466701269;;;;;;;;;;
955;2.476032734;;;;;;;;;;
960;2.478283882;;;;;;;;;;
965;2.479164362;;;;;;;;;;
970;2.488687277;;;;;;;;;;
975;2.490401506;;;;;;;;;;
980;2.500612259;;;;;;;;;;
985;2.505141497;;;;;;;;;;
990;2.505070448;;;;;;;;;;
995;2.504793406;;;;;;;;;;
1000;2.511903048;;;;;;;;;;
1005;2.519327402;;;;;;;;;;
1010;2.518232107;;;;;;;;;;
1015;2.525443077;;;;;;;;;;
1020;2.528524876;;;;;;;;;;
1025;2.53399229;;;;;;;;;;
1030;2.538335323;;;;;;;;;;
1035;2.537227631;;;;;;;;;;
1040;2.536179304;;;;;;;;;;
1045;2.546471596;;;;;;;;;;
1050;2.547758102;;;;;;;;;;
1055;2.546077728;;;;;;;;;;
1060;2.550703764;;;;;;;;;;
1065;2.553712845;;;;;;;;;;
1070;2.556567669;;;;;;;;;;
1075;2.557988405;;;;;;;;;;
1080;2.559413195;;;;;;;;;;
1085;2.563328505;;;;;;;;;;
1090;2.560192823;;;;;;;;;;
1095;2.567259073;;;;;;;;;;
1100;2.569483519;;;;;;;;;;
1105;2.570422411;;;;;;;;;;
1110;2.572011948;;;;;;;;;;
1115;2.576178789;;;;;;;;;;
1120;2.575030565;;;;;;;;;;
1125;2.571711063;;;;;;;;;;
1130;2.576043367;;;;;;;;;;
1135;2.580978632;;;;;;;;;;
1140;2.576724529;;;;;;;;;;
1145;2.579031467;;;;;;;;;;
1150;2.582172632;;;;;;;;;;
1155;2.577173233;;;;;;;;;;
1160;2.585315943;;;;;;;;;;
1165;2.583218813;;;;;;;;;;
1170;2.580287218;;;;;;;;;;
1175;2.580851555;;;;;;;;;;
1180;2.584782124;;;;;;;;;;
1185;2.578858852;;;;;;;;;;
1190;2.587491751;;;;;;;;;;
1195;2.588435411;;;;;;;;;;
1200;2.588951349;;;;;;;;;;
1205;2.582517147;;;;;;;;;;
1210;2.584954023;;;;;;;;;;
1215;2.585371256;;;;;;;;;;
1220;2.58437109;;;;;;;;;;
1225;2.588397264;;;;;;;;;;
1230;2.581150055;;;;;;;;;;
1235;2.582077265;;;;;;;;;;
1240;2.576876163;;;;;;;;;;
1245;2.579066038;;;;;;;;;;
1250;2.579121828;;;;;;;;;;
1255;2.576898098;;;;;;;;;;
1260;2.577092409;;;;;;;;;;
1265;2.575220585;;;;;;;;;;
1270;2.575472832;;;;;;;;;;
1275;2.574825048;;;;;;;;;;
1280;2.567682028;;;;;;;;;;
1285;2.569484234;;;;;;;;;;
1290;2.572134495;;;;;;;;;;
1295;2.564118624;;;;;;;;;;
1300;2.5680089;;;;;;;;;;
1305;2.561799049;;;;;;;;;;
1310;2.561315775;;;;;;;;;;
1315;2.558828831;;;;;;;;;;
1320;2.562096834;;;;;;;;;;
1325;2.555822134;;;;;;;;;;
1330;2.551909208;;;;;;;;;;
1335;2.550466299;;;;;;;;;;
1340;2.549700499;;;;;;;;;;
1345;2.550842047;;;;;;;;;;
1350;2.544469118;;;;;;;;;;
1355;2.542668581;;;;;;;;;;
1360;2.551303625;;;;;;;;;;
1365;2.553420067;;;;;;;;;;
1370;2.536845922;;;;;;;;;;
1375;2.532741785;;;;;;;;;;
1380;2.537829638;;;;;;;;;;
1385;2.536974669;;;;;;;;;;
1390;2.528934717;;;;;;;;;;
1395;2.531536579;;;;;;;;;;
1400;2.516362906;;;;;;;;;;
1405;2.527270555;;;;;;;;;;
1410;2.520825386;;;;;;;;;;
1415;2.515377998;;;;;;;;;;
1420;2.517638683;;;;;;;;;;
1425;2.509692192;;;;;;;;;;
1430;2.50678277;;;;;;;;;;
1435;2.509971619;;;;;;;;;;
1440;2.501499176;;;;;;;;;;
1445;2.50180459;;;;;;;;;;
1450;2.494813204;;;;;;;;;;
1455;2.497380495;;;;;;;;;;
1460;2.494677305;;;;;;;;;;
1465;2.489080667;;;;;;;;;;
1470;2.486568928;;;;;;;;;;
1475;2.484834671;;;;;;;;;;
1480;2.482318878;;;;;;;;;;
1485;2.479812145;;;;;;;;;;
1490;2.477267504;;;;;;;;;;
1495;2.471110344;;;;;;;;;;
1500;2.471530199;;;;;;;;;;
1505;2.465151548;;;;;;;;;;
1510;2.46171689;;;;;;;;;;
1515;2.462269068;;;;;;;;;;
1520;2.456668854;;;;;;;;;;
1525;2.457651615;;;;;;;;;;
1530;2.457685471;;;;;;;;;;
1535;2.451610088;;;;;;;;;;
1540;2.447229147;;;;;;;;;;
1545;2.448574543;;;;;;;;;;
1550;2.444255114;;;;;;;;;;
1555;2.446282387;;;;;;;;;;
1560;2.439401388;;;;;;;;;;
1565;2.437774181;;;;;;;;;;
1570;2.430428028;;;;;;;;;;
1575;2.428949356;;;;;;;;;;
1580;2.431719065;;;;;;;;;;
1585;2.424456835;;;;;;;;;;
1590;2.420408249;;;;;;;;;;
1595;2.418829203;;;;;;;;;;
1600;2.414940834;;;;;;;;;;
1605;2.413388014;;;;;;;;;;
1610;2.408348083;;;;;;;;;;
1615;2.406248331;;;;;;;;;;
1620;2.408082247;;;;;;;;;;
1625;2.40145421;;;;;;;;;;
1630;2.399354696;;;;;;;;;;
1635;2.394318104;;;;;;;;;;
1640;2.393283129;;;;;;;;;;
1645;2.38714695;;;;;;;;;;
1650;2.392505646;;;;;;;;;;
1655;2.384244204;;;;;;;;;;
1660;2.388010979;;;;;;;;;;
1665;2.384757519;;;;;;;;;;
1670;2.378105879;;;;;;;;;;
1675;2.376066446;;;;;;;;;;
1680;2.375513792;;;;;;;;;;
1685;2.369910002;;;;;;;;;;
1690;2.367251396;;;;;;;;;;
1695;2.365982533;;;;;;;;;;
1700;2.363839626;;;;;;;;;;
1705;2.3601861;;;;;;;;;;
1710;2.36067915;;;;;;;;;;
1715;2.357555628;;;;;;;;;;
1720;2.354082584;;;;;;;;;;
1725;2.349139929;;;;;;;;;;
1730;2.350937605;;;;;;;;;;
1735;2.341403961;;;;;;;;;;
1740;2.343959808;;;;;;;;;;
1745;2.34146142;;;;;;;;;;
1750;2.335865021;;;;;;;;;;
1755;2.338275433;;;;;;;;;;
1760;2.33420372;;;;;;;;;;
1765;2.331908941;;;;;;;;;;
1770;2.329915047;;;;;;;;;;
1775;2.32506156;;;;;;;;;;
1780;2.32513237;;;;;;;;;;
1785;2.323954105;;;;;;;;;;
1790;2.317637682;;;;;;;;;;
1795;2.32148385;;;;;;;;;;
1800;2.318938494;;;;;;;;;;
1805;2.319807768;;;;;;;;;;
1810;2.309039831;;;;;;;;;;
1815;2.311061859;;;;;;;;;;
1820;2.3112607;;;;;;;;;;
1825;2.299853086;;;;;;;;;;
1830;2.293832779;;;;;;;;;;
1835;2.319775343;;;;;;;;;;
1840;2.303406715;;;;;;;;;;
1845;2.287778616;;;;;;;;;;
1850;2.277862549;;;;;;;;;;
1855;2.283228159;;;;;;;;;;
1860;2.28268528;;;;;;;;;;
1865;2.283420563;;;;;;;;;;
1870;2.269358397;;;;;;;;;;
1875;2.27190733;;;;;;;;;;
1880;2.276557207;;;;;;;;;;
1885;2.279236078;;;;;;;;;;
1890;2.281411171;;;;;;;;;;
1895;2.281645536;;;;;;;;;;
1900;2.285114765;;;;;;;;;;
1905;2.27706027;;;;;;;;;;
1910;2.265292406;;;;;;;;;;
1915;2.26481843;;;;;;;;;;
1920;2.263652563;;;;;;;;;;
1925;2.262999773;;;;;;;;;;
1930;2.260036469;;;;;;;;;;
1935;2.263392687;;;;;;;;;;
1940;2.258905172;;;;;;;;;;
1945;2.253256083;;;;;;;;;;
1950;2.253514528;;;;;;;;;;
1955;2.254654646;;;;;;;;;;
1960;2.247345209;;;;;;;;;;
1965;2.248532772;;;;;;;;;;
1970;2.248766661;;;;;;;;;;
1975;2.243459463;;;;;;;;;;
1980;2.242041826;;;;;;;;;;
1985;2.237474203;;;;;;;;;;
1990;2.24011755;;;;;;;;;;
1995;2.238163471;;;;;;;;;;
2000;2.22944248;;;;;;;;;;
2005;2.228622815;;;;;;;;;;
2010;2.227796405;;;;;;;;;;
2015;2.226963277;;;;;;;;;;
2020;2.226123457;;;;;;;;;;
2025;2.225276972;;;;;;;;;;
2030;2.22442385;;;;;;;;;;
2035;2.223564116;;;;;;;;;;
2040;2.222697798;;;;;;;;;;
2045;2.221824923;;;;;;;;;;
2050;2.220945516;;;;;;;;;;
2055;2.220059605;;;;;;;;;;
2060;2.219167216;;;;;;;;;;
2065;2.218268375;;;;;;;;;;
2070;2.21736311;;;;;;;;;;
2075;2.216451445;;;;;;;;;;
2080;2.215533408;;;;;;;;;;
2085;2.214609025;;;;;;;;;;
2090;2.213678321;;;;;;;;;;
2095;2.212741324;;;;;;;;;;
2100;2.211798058;;;;;;;;;;
2105;2.210848551;;;;;;;;;;
2110;2.209892827;;;;;;;;;;
2115;2.208930913;;;;;;;;;;
2120;2.207962835;;;;;;;;;;
2125;2.206988619;;;;;;;;;;
2130;2.206008289;;;;;;;;;;
2135;2.205021872;;;;;;;;;;
2140;2.204029394;;;;;;;;;;
2145;2.20303088;;;;;;;;;;
2150;2.202026355;;;;;;;;;;
2155;2.201015845;;;;;;;;;;
2160;2.199999375;;;;;;;;;;
2165;2.198976971;;;;;;;;;;
2170;2.197948658;;;;;;;;;;
2175;2.196914461;;;;;;;;;;
2180;2.195874406;;;;;;;;;;
2185;2.194828516;;;;;;;;;;
2190;2.193776819;;;;;;;;;;
2195;2.192719337;;;;;;;;;;
2200;2.191656097;;;;;;;;;;
2205;2.190587123;;;;;;;;;;
2210;2.189512441;;;;;;;;;;
2215;2.188432074;;;;;;;;;;
2220;2.187346048;;;;;;;;;;
2225;2.186254387;;;;;;;;;;
2230;2.185157117;;;;;;;;;;
2235;2.18405426;;;;;;;;;;
2240;2.182945843;;;;;;;;;;
2245;2.181831889;;;;;;;;;;
2250;2.180712423;;;;;;;;;;
2255;2.179587469;;;;;;;;;;
2260;2.178457052;;;;;;;;;;
2265;2.177321196;;;;;;;;;;
2270;2.176179924;;;;;;;;;;
2275;2.175033262;;;;;;;;;;
2280;2.173881232;;;;;;;;;;
2285;2.17272386;;;;;;;;;;
2290;2.171561169;;;;;;;;;;
2295;2.170393183;;;;;;;;;;
2300;2.169219926;;;;;;;;;;
2305;2.168041422;;;;;;;;;;
2310;2.166857694;;;;;;;;;;
2315;2.165668767;;;;;;;;;;
2320;2.164474663;;;;;;;;;;
2325;2.163275407;;;;;;;;;;
2330;2.162071022;;;;;;;;;;
2335;2.160861532;;;;;;;;;;
2340;2.159646959;;;;;;;;;;
2345;2.158427328;;;;;;;;;;
2350;2.157202661;;;;;;;;;;
2355;2.155972983;;;;;;;;;;
2360;2.154738316;;;;;;;;;;
2365;2.153498683;;;;;;;;;;
2370;2.152254108;;;;;;;;;;
2375;2.151004613;;;;;;;;;;
2380;2.149750222;;;;;;;;;;
2385;2.148490957;;;;;;;;;;
2390;2.147226842;;;;;;;;;;
2395;2.1459579;;;;;;;;;;
2400;2.144684153;;;;;;;;;;
2405;2.143405623;;;;;;;;;;
2410;2.142122335;;;;;;;;;;
2415;2.140834309;;;;;;;;;;
2420;2.13954157;;;;;;;;;;
2425;2.138244139;;;;;;;;;;
2430;2.136942039;;;;;;;;;;
2435;2.135635293;;;;;;;;;;
2440;2.134323923;;;;;;;;;;
2445;2.133007951;;;;;;;;;;
2450;2.131687399;;;;;;;;;;
2455;2.13036229;;;;;;;;;;
2460;2.129032646;;;;;;;;;;
2465;2.12769849;;;;;;;;;;
2470;2.126359842;;;;;;;;;;
2475;2.125016726;;;;;;;;;;
2480;2.123669163;;;;;;;;;;
2485;2.122317175;;;;;;;;;;
2490;2.120960785;;;;;;;;;;
2495;2.119600013;;;;;;;;;;
2500;2.118234882;;;;;;;;;;
2505;2.116865414;;;;;;;;;;
2510;2.115491629;;;;;;;;;;
2515;2.114113551;;;;;;;;;;
2520;2.1127312;;;;;;;;;;
2525;2.111344598;;;;;;;;;;
2530;2.109953766;;;;;;;;;;
2535;2.108558727;;;;;;;;;;
2540;2.1071595;;;;;;;;;;
2545;2.105756108;;;;;;;;;;
2550;2.104348573;;;;;;;;;;
2555;2.102936914;;;;;;;;;;
2560;2.101521153;;;;;;;;;;
2565;2.100101312;;;;;;;;;;
2570;2.098677412;;;;;;;;;;
2575;2.097249473;;;;;;;;;;
2580;2.095817517;;;;;;;;;;
2585;2.094381564;;;;;;;;;;
2590;2.092941636;;;;;;;;;;
2595;2.091497753;;;;;;;;;;
2600;2.090049937;;;;;;;;;;
2609.515113;2.087283916;;;;;;;;;;
2619.728902;2.084299185;;;;;;;;;;
2629.662448;2.081381008;;;;;;;;;;
2639.591842;2.078449097;;;;;;;;;;
2649.517067;2.075503635;;;;;;;;;;
2659.713633;2.072462424;;;;;;;;;;
2669.630358;2.06949004;;;;;;;;;;
2679.542867;2.066504652;;;;;;;;;;
2689.451145;2.063506438;;;;;;;;;;
2699.630227;2.060411763;;;;;;;;;;
2709.529877;2.057388087;;;;;;;;;;
2719.425248;2.05435212;;;;;;;;;;
2729.591015;2.051219197;;;;;;;;;;
2739.477662;2.048158841;;;;;;;;;;
2749.634429;2.045001216;;;;;;;;;;
2759.512287;2.04191718;;;;;;;;;;
2769.385788;2.038821725;;;;;;;;;;
2779.528995;2.035628562;;;;;;;;;;
2789.393611;2.032510468;;;;;;;;;;
2799.527654;2.029294392;;;;;;;;;;
2809.383323;2.026154345;;;;;;;;;;
2819.508136;2.022916057;;;;;;;;;;
2829.354792;2.019754738;;;;;;;;;;
2839.47031;2.016494931;;;;;;;;;;
2849.581092;2.013224479;;;;;;;;;;
2859.414046;2.010032366;;;;;;;;;;
2869.515434;2.006741422;;;;;;;;;;
2879.339216;2.003529699;;;;;;;;;;
2889.431143;2.000218935;;;;;;;;;;
2899.518251;1.996898378;;;;;;;;;;
2909.328092;1.993658328;;;;;;;;;;
2919.40564;1.990318946;;;;;;;;;;
2929.478319;1.986970271;;;;;;;;;;
2939.546111;1.983612469;;;;;;;;;;
2949.337095;1.980336815;;;;;;;;;;
2959.395197;1.976961487;;;;;;;;;;
2969.448362;1.973577519;;;;;;;;;;
2979.496574;1.970185071;;;;;;;;;;
2989.268442;1.966876326;;;;;;;;;;
2999.306833;1.963467618;;;;;;;;;;
3009.34022;1.960050905;;;;;;;;;;
3019.368587;1.956626344;;;;;;;;;;
3029.391918;1.953194091;;;;;;;;;;
3039.410195;1.949754301;;;;;;;;;;
3049.423402;1.946307127;;;;;;;;;;
3059.431523;1.942852724;;;;;;;;;;
3069.43454;1.939391242;;;;;;;;;;
3079.432438;1.935922833;;;;;;;;;;
3089.425198;1.932447647;;;;;;;;;;
3099.412805;1.928965831;;;;;;;;;;
3109.395242;1.925477535;;;;;;;;;;
3119.372492;1.921982905;;;;;;;;;;
3129.344539;1.918482086;;;;;;;;;;
3139.311366;1.914975223;;;;;;;;;;
3149.272956;1.91146246;;;;;;;;;;
3159.229293;1.907943939;;;;;;;;;;
3169.18036;1.904419802;;;;;;;;;;
3179.394872;1.90079472;;;;;;;;;;
3189.335206;1.897259629;;;;;;;;;;
3199.27022;1.893719345;;;;;;;;;;
3209.199897;1.890174005;;;;;;;;;;
3219.124221;1.886623745;;;;;;;;;;
3229.311181;1.882972554;;;;;;;;;;
3239.224603;1.879412737;;;;;;;;;;
3249.132622;1.875848408;;;;;;;;;;
3259.302783;1.872183189;;;;;;;;;;
3269.199799;1.868610119;;;;;;;;;;
3279.091361;1.865032936;;;;;;;;;;
3289.244569;1.861354926;;;;;;;;;;
3299.125027;1.857769801;;;;;;;;;;
3309.266795;1.854083905;;;;;;;;;;
3319.136081;1.850491362;;;;;;;;;;
3329.26634;1.846798115;;;;;;;;;;
3339.124385;1.843198672;;;;;;;;;;
3349.243067;1.8394986;;;;;;;;;;
3359.089804;1.835892765;;;;;;;;;;
3369.196838;1.832186386;;;;;;;;;;
3379.0322;1.828574661;;;;;;;;;;
3389.127517;1.824862486;;;;;;;;;;
3399.21687;1.821147568;;;;;;;;;;
3409.034967;1.817527896;;;;;;;;;;
3419.112499;1.813807936;;;;;;;;;;
3429.184015;1.81008561;;;;;;;;;;
3438.984693;1.806459085;;;;;;;;;;
3449.044284;1.802732453;;;;;;;;;;
3459.097806;1.799003824;;;;;;;;;;
3469.145242;1.795273319;;;;;;;;;;
3479.186574;1.791541059;;;;;;;;;;
3488.957779;1.787905445;;;;;;;;;;
3498.987012;1.784170073;;;;;;;;;;
3509.010089;1.7804333;;;;;;;;;;
3519.026992;1.776695243;;;;;;;;;;
3529.037703;1.772956018;;;;;;;;;;
3539.042205;1.769215741;;;;;;;;;;
3549.04048;1.765474525;;;;;;;;;;
3559.032511;1.761732484;;;;;;;;;;
3569.01828;1.75798973;;;;;;;;;;
3578.997769;1.754246375;;;;;;;;;;
3588.970961;1.750502528;;;;;;;;;;
3598.937838;1.746758299;;;;;;;;;;
3608.898383;1.743013796;;;;;;;;;;
3619.114445;1.739170583;;;;;;;;;;
3629.062105;1.735425855;;;;;;;;;;
3639.00338;1.731681176;;;;;;;;;;
3648.938253;1.727936651;;;;;;;;;;
3658.866705;1.724192384;;;;;;;;;;
3669.049738;1.720349959;;;;;;;;;;
3678.965127;1.716606528;;;;;;;;;;
3688.874043;1.712863664;;;;;;;;;;
3699.036971;1.709022997;;;;;;;;;;
3708.932718;1.705281586;;;;;;;;;;
3718.821938;1.701541041;;;;;;;;;;
3728.964598;1.697703065;;;;;;;;;;
3738.840542;1.693964574;;;;;;;;;;
3748.969539;1.690128908;;;;;;;;;;
3758.832135;1.686392864;;;;;;;;;;
3768.947396;1.682559908;;;;;;;;;;
3778.796573;1.678826697;;;;;;;;;;
3788.898025;1.674996842;;;;;;;;;;
3798.992455;1.671168706;;;;;;;;;;
3808.821282;1.667440474;;;;;;;;;;
3818.901793;1.663616016;;;;;;;;;;
3828.975227;1.659793565;;;;;;;;;;
3838.783543;1.656071146;;;;;;;;;;
3848.842948;1.652252934;;;;;;;;;;
3858.895221;1.648437008;;;;;;;;;;
3868.940342;1.64462346;;;;;;;;;;
3878.720999;1.64091007;;;;;;;;;;
3888.751945;1.637101485;;;;;;;;;;
3898.775684;1.633295546;;;;;;;;;;
3908.792198;1.629492344;;;;;;;;;;
3918.801468;1.625691965;;;;;;;;;;
3928.803474;1.621894496;;;;;;;;;;
3938.7982;1.618100023;;;;;;;;;;
3948.785626;1.614308632;;;;;;;;;;
3958.765734;1.610520406;;;;;;;;;;
3968.738505;1.606735428;;;;;;;;;;
3978.70392;1.602953782;;;;;;;;;;
3988.661962;1.599175549;;;;;;;;;;
3998.86766;1.595304068;;;;;;;;;;
4008.810709;1.591532994;;;;;;;;;;
4018.746328;1.587765575;;;;;;;;;;
4028.6745;1.584001889;;;;;;;;;;
4038.849484;1.580145656;;;;;;;;;;
4048.762512;1.576389767;;;;;;;;;;
4058.668037;1.572637842;;;;;;;;;;
4068.819736;1.568793911;;;;;;;;;;
4078.710005;1.565050244;;;;;;;;;;
4088.592715;1.561310766;;;;;;;;;;
4098.720957;1.55747983;;;;;;;;;;
4108.588299;1.553749057;;;;;;;;;;
4118.70074;1.549927199;;;;;;;;;;
4128.552639;1.54620542;;;;;;;;;;
4138.649203;1.542392934;;;;;;;;;;
4148.737698;1.538585303;;;;;;;;;;
4158.566193;1.534877608;;;;;;;;;;
4168.638695;1.53107978;;;;;;;;;;
4178.70307;1.527287022;;;;;;;;;;
4188.507992;1.523594031;;;;;;;;;;
4198.556258;1.519811492;;;;;;;;;;
4208.59634;1.516034229;;;;;;;;;;
4218.628216;1.512262311;;;;;;;;;;
4228.651868;1.508495804;;;;;;;;;;
4238.667276;1.504734775;;;;;;;;;;
4248.67442;1.500979289;;;;;;;;;;
4258.673282;1.497229411;;;;;;;;;;
4268.663841;1.493485205;;;;;;;;;;
4278.646078;1.489746733;;;;;;;;;;
4288.619973;1.486014058;;;;;;;;;;
4298.585508;1.482287241;;;;;;;;;;
4308.542662;1.478566342;;;;;;;;;;
4318.491417;1.474851422;;;;;;;;;;
4328.431752;1.471142539;;;;;;;;;;
4338.611838;1.467347262;;;;;;;;;;
4348.535066;1.463650783;;;;;;;;;;
4358.449815;1.459960515;;;;;;;;;;
4368.603615;1.456184496;;;;;;;;;;
4378.501139;1.452506978;;;;;;;;;;
4388.390126;1.448835837;;;;;;;;;;
4398.517459;1.445079595;;;;;;;;;;
4408.389101;1.441421534;;;;;;;;;;
4418.498615;1.437678809;;;;;;;;;;
4428.599079;1.433943009;;;;;;;;;;
4438.444448;1.430305052;;;;;;;;;;
4448.526972;1.426583093;;;;;;;;;;
4458.354799;1.422958741;;;;;;;;;;
4468.419301;1.419250831;;;;;;;;;;
4478.474651;1.415550108;;;;;;;;;;
4488.520828;1.411856624;;;;;;;;;;
4498.557812;1.408170429;;;;;;;;;;
4508.341111;1.404581212;;;;;;;;;;
4518.359871;1.400909561;;;;;;;;;;
4528.369376;1.397245343;;;;;;;;;;
4538.369606;1.393588604;;;;;;;;;;
4548.36054;1.389939393;;;;;;;;;;
4558.342159;1.386297753;;;;;;;;;;
4568.31444;1.382663729;;;;;;;;;;
4578.277365;1.379037367;;;;;;;;;;
4588.473564;1.375330546;;;;;;;;;;
4598.417484;1.371719824;;;;;;;;;;
4608.351985;1.368116892;;;;;;;;;;
4618.277047;1.364521792;;;;;;;;;;
4628.434375;1.360847168;;;;;;;;;;
4638.340267;1.357268044;;;;;;;;;;
4648.236658;1.353696871;;;;;;;;;;
4658.364552;1.350046882;;;;;;;;;;
4668.241648;1.346491924;;;;;;;;;;
4678.349735;1.342858624;;;;;;;;;;
4688.207454;1.339320032;;;;;;;;;;
4698.295648;1.335703573;;;;;;;;;;
4708.373743;1.332095692;;;;;;;;;;
4718.202123;1.328582023;;;;;;;;;;
4728.260198;1.324991204;;;;;;;;;;
4738.308111;1.321409071;;;;;;;;;;
4748.345839;1.31783566;;;;;;;;;;
4758.373361;1.314271005;;;;;;;;;;
4768.152268;1.3107997;;;;;;;;;;
4778.159558;1.307252446;;;;;;;;;;
4788.156578;1.303714046;;;;;;;;;;
4798.143306;1.30018453;;;;;;;;;;
4808.357129;1.296580216;;;;;;;;;;
4818.322963;1.293068777;;;;;;;;;;
4828.278441;1.289566314;;;;;;;;;;
4838.223541;1.286072856;;;;;;;;;;
4848.158242;1.282588432;;;;;;;;;;
4858.318688;1.279030433;;;;;;;;;;
4868.232278;1.275564374;;;;;;;;;;
4878.135404;1.272107431;;;;;;;;;;
4888.263456;1.26857765;;;;;;;;;;
4898.14534;1.265139232;;;;;;;;;;
4908.2516;1.261628468;;;;;;;;;;
4918.112156;1.258208675;;;;;;;;;;
4928.196536;1.25471703;;;;;;;;;;
4938.269812;1.251235092;;;;;;;;;;
4948.098086;1.247843524;;;;;;;;;;
4958.149347;1.244380845;;;;;;;;;;
4968.189439;1.240927943;;;;;;;;;;
4978.218337;1.237484838;;;;;;;;;;
4988.23602;1.234051552;;;;;;;;;;
4998.009884;1.230707609;;;;;;;;;;
5007.776688;1.227371815;;;;;;;;;;
5018.351078;1.223766691;;;;;;;;;;
5028.169082;1.220425521;;;;;;;;;;
5037.98605;1.217090585;;;;;;;;;;
5047.80198;1.213761913;;;;;;;;;;
5058.37182;1.210184224;;;;;;;;;;
5068.18559;1.206868648;;;;;;;;;;
5077.998316;1.203559419;;;;;;;;;;
5087.809996;1.200256563;;;;;;;;;;
5098.375249;1.1967068;;;;;;;;;;
5108.184751;1.193417267;;;;;;;;;;
5117.993201;1.190134187;;;;;;;;;;
5127.800597;1.186857586;;;;;;;;;;
5138.361228;1.183336213;;;;;;;;;;
5148.166428;1.180073148;;;;;;;;;;
5157.970569;1.176816637;;;;;;;;;;
5167.773648;1.173566705;;;;;;;;;;
5178.329619;1.170074163;;;;;;;;;;
5188.130485;1.166837969;;;;;;;;;;
5197.930283;1.163608426;;;;;;;;;;
5207.729011;1.160385556;;;;;;;;;;
5218.280287;1.15692226;;;;;;;;;;
5228.076785;1.15371332;;;;;;;;;;
5237.872207;1.150511119;;;;;;;;;;
5247.666549;1.147315681;;;;;;;;;;
5258.213095;1.143882025;;;;;;;;;;
5268.005191;1.140700697;;;;;;;;;;
5277.796202;1.137526194;;;;;;;;;;
5287.586127;1.134358537;;;;;;;;;;
5298.127905;1.130954892;;;;;;;;;;
5307.915566;1.127801514;;;;;;;;;;
5317.702134;1.124655042;;;;;;;;;;
5328.24029;1.121274277;;;;;;;;;;
5338.024581;1.118142206;;;;;;;;;;
5347.807773;1.115017096;;;;;;;;;;
5357.589864;1.111898967;;;;;;;;;;
5368.12319;1.108548808;;;;;;;;;;
5377.902987;1.105445231;;;;;;;;;;
5387.681677;1.102348687;;;;;;;;;;
5398.211333;1.099021832;;;;;;;;;;
5407.987717;1.095939948;;;;;;;;;;
5417.762987;1.092865148;;;;;;;;;;
5427.537141;1.089797446;;;;;;;;;;
5438.061903;1.086501725;;;;;;;;;;
5447.833734;1.083448818;;;;;;;;;;
5457.604442;1.080403057;;;;;;;;;;
5468.125487;1.077131014;;;;;;;;;;
5477.89386;1.074100141;;;;;;;;;;
5487.661104;1.071076458;;;;;;;;;;
5498.178412;1.067828241;;;;;;;;;;
5507.943307;1.064819535;;;;;;;;;;
5517.707068;1.06181806;;;;;;;;;;
5527.469693;1.058823831;;;;;;;;;;
5537.982016;1.055607392;;;;;;;;;;
5547.742274;1.052628249;;;;;;;;;;
5557.50139;1.049656389;;;;;;;;;;
5568.009928;1.046464082;;;;;;;;;;
5577.766665;1.043507385;;;;;;;;;;
5587.522253;1.040558006;;;;;;;;;;
5598.026985;1.037389949;;;;;;;;;;
5607.780182;1.034455805;;;;;;;;;;
5617.532223;1.031529013;;;;;;;;;;
5628.033128;1.028385316;;;;;;;;;;
5637.782765;1.025473824;;;;;;;;;;
5647.531242;1.022569714;;;;;;;;;;
5658.0283;1.019450479;;;;;;;;;;
5667.774358;1.016561731;;;;;;;;;;
5677.51925;1.013680395;;;;;;;;;;
5688.012441;1.010585714;;;;;;;;;;
5697.754901;1.007719796;;;;;;;;;;
5707.496189;1.004861314;;;;;;;;;;
5717.985492;1.001791274;;;;;;;;;;
5727.724337;0.998948262;;;;;;;;;;
5737.462002;0.996112711;;;;;;;;;;
5747.947396;0.993067391;;;;;;;;;;
5757.682605;0.990247356;;;;;;;;;;
5767.416629;0.987434803;;;;;;;;;;
5777.898095;0.984414273;;;;;;;;;;
5787.629649;0.981617279;;;;;;;;;;
5797.360012;0.978827785;;;;;;;;;;
5807.837529;0.975832109;;;;;;;;;;
5817.565409;0.973058212;;;;;;;;;;
5827.292092;0.970291832;;;;;;;;;;
5837.76564;0.967321067;;;;;;;;;;
5847.489828;0.964570316;;;;;;;;;;
5857.960685;0.961616394;;;;;;;;;;
5867.68237;0.958881293;;;;;;;;;;
5877.402847;0.956153733;;;;;;;;;;
5887.8697;0.953224799;;;;;;;;;;
5897.587661;0.950512913;;;;;;;;;;
5907.304408;0.947808581;;;;;;;;;;
5917.767236;0.944904673;;;;;;;;;;
5927.481454;0.942216036;;;;;;;;;;
5937.194452;0.939534962;;;;;;;;;;
5947.653235;0.936656111;;;;;;;;;;
5957.363691;0.93399075;;;;;;;;;;
5967.819734;0.931128826;;;;;;;;;;
5977.52764;0.928479187;;;;;;;;;;
5987.234315;0.925837122;;;;;;;;;;
5997.686278;0.923000292;;;;;;;;;;
6007.39039;0.920373959;;;;;;;;;;
6017.839589;0.917554075;;;;;;;;;;
6027.54113;0.91494348;;;;;;;;;;
6037.241429;0.912340464;;;;;;;;;;
6047.686515;0.909545691;;;;;;;;;;
6057.38423;0.906958417;;;;;;;;;;
6067.826528;0.904180597;;;;;;;;;;
6077.521651;0.901609064;;;;;;;;;;
6087.215522;0.89904511;;;;;;;;;;
6097.653673;0.896292403;;;;;;;;;;
6107.344938;0.893744188;;;;;;;;;;
6117.780279;0.89100843;;;;;;;;;;
6127.46893;0.888475949;;;;;;;;;;
6137.156319;0.885951043;;;;;;;;;;
6147.587478;0.883240382;;;;;;;;;;
6157.272241;0.880731202;;;;;;;;;;
6167.700567;0.878037473;;;;;;;;;;
6177.382693;0.875544011;;;;;;;;;;
6187.063548;0.873058114;;;;;;;;;;
6197.487659;0.870389451;;;;;;;;;;
6207.165865;0.867919256;;;;;;;;;;
6217.587119;0.865267498;;;;;;;;;;
6227.262668;0.862812995;;;;;;;;;;
6237.681056;0.860178127;;;;;;;;;;
6247.35394;0.857739301;;;;;;;;;;
6257.025537;0.855308019;;;;;;;;;;
6267.439663;0.852698146;;;;;;;;;;
6277.108582;0.850282518;;;;;;;;;;
6287.519818;0.847689494;;;;;;;;;;
6297.18605;0.845289503;;;;;;;;;;
6307.594389;0.84271331;;;;;;;;;;
6317.257926;0.840328937;;;;;;;;;;
6327.663357;0.837769553;;;;;;;;;;
6337.324189;0.835400778;;;;;;;;;;
6346.983717;0.833039505;;;;;;;;;;
6357.384824;0.830504981;;;;;;;;;;
6367.041635;0.828159274;;;;;;;;;;
6377.439811;0.825641499;;;;;;;;;;
6387.093897;0.823311333;;;;;;;;;;
6397.489134;0.820810282;;;;;;;;;;
6407.140486;0.818495633;;;;;;;;;;
6417.532774;0.816011277;;;;;;;;;;
6427.181383;0.813712117;;;;;;;;;;
6437.570713;0.811244428;;;;;;;;;;
6447.216572;0.808960729;;;;;;;;;;
6456.861103;0.806684465;;;;;;;;;;
6467.246033;0.804241409;;;;;;;;;;
6476.8878;0.801980562;;;;;;;;;;
6487.26975;0.799554094;;;;;;;;;;
6496.908745;0.797308634;;;;;;;;;;
6507.287705;0.794898718;;;;;;;;;;
6516.923919;0.792668612;;;;;;;;;;
6527.299879;0.790275214;;;;;;;;;;
6536.933304;0.788060429;;;;;;;;;;
6547.306256;0.785683511;;;;;;;;;;
6556.936882;0.783484011;;;;;;;;;;
6567.306816;0.781123536;;;;;;;;;;
6576.934637;7.79E-01;;;;;;;;;;
6587.301544;0.776595212;;;;;;;;;;
6596.926549;0.774426174;;;;;;;;;;
6607.29042;0.772098463;;;;;;;;;;
6616.912601;0.769944599;;;;;;;;;;
6627.273426;0.767633207;;;;;;;;;;
6636.892776;0.765494477;;;;;;;;;;
6647.250547;0.763199362;;;;;;;;;;
6656.867055;0.761075725;;;;;;;;;;
6667.221762;0.758796842;;;;;;;;;;
6676.835422;0.756688257;;;;;;;;;;
6687.187056;0.75442556;;;;;;;;;;
6696.797857;0.752331984;;;;;;;;;;
6707.146409;0.750085427;;;;;;;;;;
6716.754344;0.748006815;;;;;;;;;;
6727.099805;0.745776349;;;;;;;;;;
6736.704865;0.743712657;;;;;;;;;;
6747.047225;0.741498234;;;;;;;;;;
6757.387973;0.739292109;;;;;;;;;;
6766.988652;0.737250984;;;;;;;;;;
6777.326286;0.735060826;;;;;;;;;;
6786.924068;0.733034502;;;;;;;;;;
6797.258578;0.730860258;;;;;;;;;;
6806.853456;0.728848688;;;;;;;;;;
6817.184833;0.726690305;;;;;;;;;;
6826.776797;0.724693438;;;;;;;;;;
6837.105032;0.722550862;;;;;;;;;;
6846.694074;0.720568648;;;;;;;;;;
6857.019158;0.718441826;;;;;;;;;;
6866.60527;0.716474213;;;;;;;;;;
6876.927193;0.714363088;;;;;;;;;;
6887.247475;0.712260079;;;;;;;;;;
6896.82912;0.710314539;;;;;;;;;;
6907.146227;0.70822714;;;;;;;;;;
6916.724921;0.706296068;;;;;;;;;;
6927.038844;0.704224221;;;;;;;;;;
6936.614577;0.702307564;;;;;;;;;;
6946.925308;0.700251209;;;;;;;;;;
6957.23438;0.698202865;;;;;;;;;;
6966.805601;0.696307989;;;;;;;;;;
6977.111466;0.694275045;;;;;;;;;;
6986.679706;0.692394442;;;;;;;;;;
6996.982355;0.690376839;;;;;;;;;;
7006.547605;0.68851045;;;;;;;;;;
7016.847029;0.686508125;;;;;;;;;;
7027.144778;0.684513696;;;;;;;;;;
7036.70547;0.682668783;;;;;;;;;;
7046.99998;0.680689536;;;;;;;;;;
7056.557661;0.67885869;;;;;;;;;;
7066.848923;0.67689456;;;;;;;;;;
7077.138497;0.674938243;;;;;;;;;;
7086.691589;0.673128644;;;;;;;;;;
7096.977901;0.671187346;;;;;;;;;;
7106.527959;0.669391661;;;;;;;;;;
7116.811001;0.667465315;;;;;;;;;;
7127.092343;0.665546695;;;;;;;;;;
7136.637779;0.663772022;;;;;;;;;;
7146.915836;0.661868252;;;;;;;;;;
7156.458218;0.660107337;;;;;;;;;;
7166.732981;0.658218349;;;;;;;;;;
7177.006033;0.656336999;;;;;;;;;;
7186.54376;0.654596854;;;;;;;;;;
7196.813504;0.652730182;;;;;;;;;;
7207.081529;0.650871092;;;;;;;;;;
7216.614582;0.649151568;;;;;;;;;;
7226.879286;0.64730705;;;;;;;;;;
7236.409251;0.645601023;;;;;;;;;;
7246.670623;0.643771006;;;;;;;;;;
7256.930265;0.641948479;;;;;;;;;;
7266.455524;0.640262822;;;;;;;;;;
7276.711821;0.638454687;;;;;;;;;;
7286.966381;0.636653986;;;;;;;;;;
7296.486914;0.634988546;;;;;;;;;;
7306.738115;0.633202126;;;;;;;;;;
7316.987571;0.631423084;;;;;;;;;;
7326.503358;0.629777704;;;;;;;;;;
7336.749442;0.628012832;;;;;;;;;;
7346.993774;0.626255278;;;;;;;;;;
7356.504797;0.6246298;;;;;;;;;;
7366.745742;0.622886305;;;;;;;;;;
7376.984928;0.62115007;;;;;;;;;;
7386.491167;0.619544334;;;;;;;;;;
7396.726953;0.617822043;;;;;;;;;;
7406.960973;0.616106953;;;;;;;;;;
7416.462408;0.614520798;;;;;;;;;;
7426.693014;0.612819537;;;;;;;;;;
7436.921846;0.611125417;;;;;;;;;;
7446.418458;0.609558682;;;;;;;;;;
7456.643863;0.607878275;;;;;;;;;;
7466.867487;0.606204948;;;;;;;;;;
7476.359256;0.604657467;;;;;;;;;;
7486.579439;0.602997737;;;;;;;;;;
7496.797834;0.601345026;;;;;;;;;;
7506.284741;0.599816633;;;;;;;;;;
7516.499681;0.598177401;;;;;;;;;;
7526.712825;0.596545126;;;;;;;;;;
7536.19485;0.595035654;;;;;;;;;;
7546.404526;0.593416739;;;;;;;;;;
7556.6124;0.59180472;;;;;;;;;;
7566.818469;0.590199576;;;;;;;;;;
7576.293916;0.588715222;;;;;;;;;;
7586.496497;0.587123276;;;;;;;;;;
7596.697267;0.585538142;;;;;;;;;;
7606.167786;0.584072313;;;;;;;;;;
7616.365055;0.582500257;;;;;;;;;;
7626.560505;0.58093495;;;;;;;;;;
7636.754134;0.579376371;;;;;;;;;;
7646.218013;0.577935124;;;;;;;;;;
7656.408122;0.576389459;;;;;;;;;;
7666.596403;0.574850458;;;;;;;;;;
7676.782853;0.573318099;;;;;;;;;;
7686.240057;0.571901124;;;;;;;;;;
7696.422969;0.570381515;;;;;;;;;;
7706.604042;0.568868485;;;;;;;;;;
7716.783275;0.567362011;;;;;;;;;;
7726.23377;0.565968995;;;;;;;;;;
7736.409447;0.564475105;;;;;;;;;;
7746.583276;0.562987707;;;;;;;;;;
7756.755255;0.56150678;;;;;;;;;;
7766.199006;0.560137408;;;;;;;;;;
7776.36741;0.558668898;;;;;;;;;;
7786.533957;0.557206793;;;;;;;;;;
7796.698645;0.555751073;;;;;;;;;;
7806.135616;0.554405028;;;;;;;;;;
7816.29671;0.552961556;;;;;;;;;;
7826.455938;0.551524403;;;;;;;;;;
7836.613297;0.550093546;;;;;;;;;;
7846.043454;0.548770512;;;;;;;;;;
7856.197201;0.547351735;;;;;;;;;;
7866.349072;0.545939189;;;;;;;;;;
7876.499064;0.544532853;;;;;;;;;;
7886.647175;0.543132702;;;;;;;;;;
7896.068734;0.541838083;;;;;;;;;;
7906.213211;0.5404498;;;;;;;;;;
7916.355799;0.539067639;;;;;;;;;;
7926.496497;0.537691576;;;;;;;;;;
7936.635302;0.536321589;;;;;;;;;;
7946.048209;0.535054879;;;;;;;;;;
7956.183356;0.533696546;;;;;;;;;;
7966.316603;0.532344224;;;;;;;;;;
7976.447947;0.530997889;;;;;;;;;;
7986.577387;0.52965752;;;;;;;;;;
7995.981587;0.528418213;;;;;;;;;;
8006.107346;0.527089284;;;;;;;;;;
8016.231193;0.525766254;;;;;;;;;;
8026.353125;0.524449101;;;;;;;;;;
8036.473141;0.523137802;;;;;;;;;;
8045.86858;0.521925389;;;;;;;;;;
8055.984892;0.520625316;;;;;;;;;;
8066.09928;0.519331031;;;;;;;;;;
8076.211742;0.518042511;;;;;;;;;;
8086.322274;0.516759734;;;;;;;;;;
8096.430876;0.515482677;;;;;;;;;;
8106.537544;0.514211318;;;;;;;;;;
8115.920574;0.513035852;;;;;;;;;;
8126.023506;0.511775416;;;;;;;;;;
8136.124498;0.510520613;;;;;;;;;;
8146.223547;0.509271418;;;;;;;;;;
8156.32065;0.508027809;;;;;;;;;;
8166.415805;0.506789764;;;;;;;;;;
8175.788131;0.505645112;;;;;;;;;;
8185.879523;0.504417733;;;;;;;;;;
8195.96896;0.503195851;;;;;;;;;;
8206.056439;0.501979444;;;;;;;;;;
8216.141959;0.50076849;;;;;;;;;;
8226.225516;0.499562965;;;;;;;;;;
8236.307109;0.498362847;;;;;;;;;;
8246.386735;0.497168113;;;;;;;;;;
8255.744624;0.49606352;;;;;;;;;;
8265.82045;0.494879108;;;;;;;;;;
8275.894301;0.493700014;;;;;;;;;;
8285.966176;0.492526216;;;;;;;;;;
8296.036073;0.491357692;;;;;;;;;;
8306.103988;0.490194419;;;;;;;;;;
8316.169919;0.489036375;;;;;;;;;;
8326.233864;0.487883537;;;;;;;;;;
8336.295821;0.486735882;;;;;;;;;;
8346.355787;0.485593389;;;;;;;;;;
8355.695399;0.484537105;;;;;;;;;;
8365.751519;0.483404502;;;;;;;;;;
8375.80564;0.482276996;;;;;;;;;;
8385.857762;0.481154562;;;;;;;;;;
8395.90788;0.48003718;;;;;;;;;;
8405.955994;0.478924826;;;;;;;;;;
8416.0021;0.477817479;;;;;;;;;;
8426.046196;0.476715116;;;;;;;;;;
8436.08828;0.475617715;;;;;;;;;;
8446.128349;0.474525253;;;;;;;;;;
8456.166401;0.473437708;;;;;;;;;;
8466.202433;0.472355059;;;;;;;;;;
8476.236444;0.471277283;;;;;;;;;;
8486.26843;0.470204358;;;;;;;;;;
8495.582031;0.469212394;;;;;;;;;;
8505.610107;0.468148761;;;;;;;;;;
8515.636151;0.467089915;;;;;;;;;;
8525.660162;0.466035833;;;;;;;;;;
8535.682136;0.464986492;;;;;;;;;;
8545.702072;0.463941872;;;;;;;;;;
8555.719967;0.46290195;;;;;;;;;;
8565.735819;0.461866704;;;;;;;;;;
8575.749625;0.460836112;;;;;;;;;;
8585.761383;0.459810153;;;;;;;;;;
8595.77109;0.458788804;;;;;;;;;;
8605.778745;0.457772044;;;;;;;;;;
8615.784345;0.456759851;;;;;;;;;;
8625.787886;0.455752204;;;;;;;;;;
8635.789368;0.454749079;;;;;;;;;;
8645.788788;0.453750457;;;;;;;;;;
8655.786142;0.452756315;;;;;;;;;;
8665.78143;0.451766631;;;;;;;;;;
8675.774648;0.450781384;;;;;;;;;;
8685.765794;0.449800553;;;;;;;;;;
8695.754866;0.448824116;;;;;;;;;;
8705.74186;0.447852051;;;;;;;;;;
8715.726776;0.446884337;;;;;;;;;;
8725.709611;0.445920953;;;;;;;;;;
8735.690361;0.444961877;;;;;;;;;;
8745.669025;0.444007089;;;;;;;;;;
8755.645601;0.443056565;;;;;;;;;;
8765.620085;0.442110287;;;;;;;;;;
8775.592477;0.441168232;;;;;;;;;;
8785.562772;0.440230378;;;;;;;;;;
8795.530969;0.439296706;;;;;;;;;;
8805.497066;0.438367194;;;;;;;;;;
8815.461059;0.437441821;;;;;;;;;;
8825.422948;0.436520565;;;;;;;;;;
8835.382728;0.435603407;;;;;;;;;;
8846.051581;0.43462526;;;;;;;;;;
8856.006988;0.433716522;;;;;;;;;;
8865.96028;0.432811817;;;;;;;;;;
8875.911455;0.431911124;;;;;;;;;;
8885.86051;0.431014422;;;;;;;;;;
8895.807443;0.430121691;;;;;;;;;;
8905.752251;0.429232911;;;;;;;;;;
8915.694933;0.42834806;;;;;;;;;;
8925.635485;0.427467118;;;;;;;;;;
8935.573906;0.426590065;;;;;;;;;;
8945.510193;0.42571688;;;;;;;;;;
8955.444343;0.424847542;;;;;;;;;;
8965.376355;0.423982032;;;;;;;;;;
8975.306225;0.42312033;;;;;;;;;;
8985.942994;0.422201278;;;;;;;;;;
8995.868422;0.421347398;;;;;;;;;;
9005.791701;0.420497262;;;;;;;;;;
9015.71283;0.419650851;;;;;;;;;;
9025.631805;0.418808146;;;;;;;;;;
9035.548625;0.417969125;;;;;;;;;;
9045.463287;0.41713377;;;;;;;;;;
9055.375789;0.41630206;;;;;;;;;;
9065.286129;0.415473976;;;;;;;;;;
9075.901947;0.414590743;;;;;;;;;;
9085.807799;0.413770105;;;;;;;;;;
9095.711481;0.412953033;;;;;;;;;;
9105.612991;0.412139506;;;;;;;;;;
9115.512327;4.11E-01;;;;;;;;;;
9125.409485;0.410523009;;;;;;;;;;
9135.304464;0.409720001;;;;;;;;;;
9145.197262;0.40892046;;;;;;;;;;
9155.794264;0.408067635;;;;;;;;;;
9165.682534;0.407275216;;;;;;;;;;
9175.568616;0.406486204;;;;;;;;;;
9185.452507;0.405700582;;;;;;;;;;
9195.334203;0.40491833;;;;;;;;;;
9205.213704;0.404139429;;;;;;;;;;
9215.796444;0.40330859;;;;;;;;;;
9225.671388;0.40253657;;;;;;;;;;
9235.544129;0.401767843;;;;;;;;;;
9245.414664;0.401002391;;;;;;;;;;
9255.282992;0.400240194;;;;;;;;;;
9265.149109;0.399481233;;;;;;;;;;
9275.717493;0.398671632;;;;;;;;;;
9285.579024;0.397919317;;;;;;;;;;
9295.438337;0.397170182;;;;;;;;;;
9305.295431;0.396424209;;;;;;;;;;
9315.150302;0.395681378;;;;;;;;;;
9325.706624;0.394888955;;;;;;;;;;
9335.556884;3.94E-01;;;;;;;;;;
9345.404915;0.393419286;;;;;;;;;;
9355.250714;0.392689063;;;;;;;;;;
9365.094279;0.391961892;;;;;;;;;;
9375.638473;0.391186144;;;;;;;;;;
9385.477402;0.390465235;;;;;;;;;;
9395.31409;0.389747321;;;;;;;;;;
9405.148534;0.389032386;;;;;;;;;;
9415.682946;0.388269668;;;;;;;;;;
9425.512735;0.387560845;;;;;;;;;;
9435.340272;0.386854945;;;;;;;;;;
9445.165557;0.386151952;;;;;;;;;;
9455.690144;0.38540195;;;;;;;;;;
9465.510753;0.384704921;;;;;;;;;;
9475.329102;0.384010745;;;;;;;;;;
9485.145188;0.383319405;;;;;;;;;;
9495.659909;0.38258181;;;;;;;;;;
9505.471299;0.381896288;;;;;;;;;;
9515.28042;0.381213549;;;;;;;;;;
9525.087269;0.380533576;;;;;;;;;;
9535.592082;0.379808083;;;;;;;;;;
9545.394215;0.379133786;;;;;;;;;;
9555.194069;0.378462202;;;;;;;;;;
9564.991642;0.377793316;;;;;;;;;;
9575.486505;0.377079626;;;;;;;;;;
9585.279343;0.376416274;;;;;;;;;;
9595.069892;0.375755569;;;;;;;;;;
9605.557222;0.375050588;;;;;;;;;;
9615.343021;0.374395312;;;;;;;;;;
9625.126524;0.373742632;;;;;;;;;;
9634.907729;0.373092532;;;;;;;;;;
9645.385037;0.372398841;;;;;;;;;;
9655.161472;0.371754033;;;;;;;;;;
9664.935602;0.371111756;;;;;;;;;;
9675.405322;0.370426391;;;;;;;;;;
9685.174667;0.369789305;;;;;;;;;;
9694.9417;0.3691547;;;;;;;;;;
9705.403808;0.368477502;;;;;;;;;;
9715.166042;0.367847987;;;;;;;;;;
9724.925956;0.367220906;;;;;;;;;;
9735.380429;0.366551716;;;;;;;;;;
9745.13553;0.365929626;;;;;;;;;;
9754.888303;0.365309921;;;;;;;;;;
9765.335117;0.364648583;;;;;;;;;;
9775.083062;0.364033772;;;;;;;;;;
9784.828672;0.3634213;;;;;;;;;;
9795.267804;0.362767659;;;;;;;;;;
9805.008571;0.362159985;;;;;;;;;;
9815.442508;0.361511449;;;;;;;;;;
9825.178422;0.360908507;;;;;;;;;;
9834.91199;0.360307828;;;;;;;;;;
9845.338206;0.359666737;;;;;;;;;;
9855.066905;0.359070696;;;;;;;;;;
9864.793251;0.358476873;;;;;;;;;;
9875.211722;0.357843077;;;;;;;;;;
9884.933185;0.3572538;;;;;;;;;;
9895.346419;0.356624842;;;;;;;;;;
9905.06299;0.35604005;;;;;;;;;;
9914.777195;0.355457401;;;;;;;;;;
9925.182644;0.354835496;;;;;;;;;;
9934.891942;0.354257241;;;;;;;;;;
9945.292128;0.353640012;;;;;;;;;;
9954.996508;0.353066091;;;;;;;;;;
9964.698511;0.352494241;;;;;;;;;;
9975.090874;0.351883828;;;;;;;;;;
9984.787944;0.351316225;;;;;;;;;;
9995.175017;0.350710329;;;;;;;;;;
10004.86715;0.350146914;;;;;;;;;;
10015.24892;0.349545474;;;;;;;;;;
10024.93609;0.348986189;;;;;;;;;;
10035.31256;0.348389144;;;;;;;;;;
10044.99477;0.347833931;;;;;;;;;;
10054.67459;0.347280663;;;;;;;;;;
10065.04315;0.346690022;;;;;;;;;;
10074.71799;0.346140743;;;;;;;;;;
10085.08122;0.345554346;;;;;;;;;;
10094.75108;0.345009001;;;;;;;;;;
10105.10896;0.344426788;;;;;;;;;;
10114.77381;0.343885321;;;;;;;;;;
10125.12634;0.343307234;;;;;;;;;;
10134.78619;0.342769592;;;;;;;;;;
10145.13334;0.342195573;;;;;;;;;;
10154.78817;0.341661701;;;;;;;;;;
10165.12995;0.341091693;;;;;;;;;;
10174.77976;0.340561538;;;;;;;;;;
10185.11614;0.339995485;;;;;;;;;;
10194.76091;0.339468995;;;;;;;;;;
10205.09189;3.39E-01;;;;;;;;;;
10214.73162;0.338383964;;;;;;;;;;
10225.05719;0.337825653;;;;;;;;;;
10234.69186;0.337306338;;;;;;;;;;
10245.01201;0.336751816;;;;;;;;;;
10254.64161;0.336236012;;;;;;;;;;
10264.95633;0.335685226;;;;;;;;;;
10274.58086;0.335172883;;;;;;;;;;
10284.89013;0.334625779;;;;;;;;;;
10294.50957;0.334116849;;;;;;;;;;
10304.81339;0.333573375;;;;;;;;;;
10315.11439;0.333031758;;;;;;;;;;
10324.72609;0.332527913;;;;;;;;;;
10335.02162;0.331989848;;;;;;;;;;
10344.62822;0.331489294;;;;;;;;;;
10354.91826;0.33095473;;;;;;;;;;
10364.51974;0.33045742;;;;;;;;;;
10374.80429;0.329926307;;;;;;;;;;
10385.086;0.32939696;;;;;;;;;;
10394.67969;0.328904484;;;;;;;;;;
10404.95589;0.328378513;;;;;;;;;;
10414.54444;0.327889166;;;;;;;;;;
10424.81512;0.327366524;;;;;;;;;;
10434.39851;0.326880261;;;;;;;;;;
10444.66367;0.326360899;;;;;;;;;;
10454.92596;0.325843216;;;;;;;;;;
10464.50151;0.325361548;;;;;;;;;;
10474.75826;0.324847075;;;;;;;;;;
10485.01214;0.324334244;;;;;;;;;;
10494.57983;0.323857072;;;;;;;;;;
10504.82814;0.323347381;;;;;;;;;;
10514.39064;0.32287312;;;;;;;;;;
10524.63339;0.322366525;;;;;;;;;;
10534.87325;0.321861513;;;;;;;;;;
10544.42784;0.321391588;;;;;;;;;;
10554.66212;0.320889605;;;;;;;;;;
10564.8935;0.320389172;;;;;;;;;;
10574.44017;0.319923489;;;;;;;;;;
10584.66595;0.31942602;;;;;;;;;;
10594.88882;0.318930067;;;;;;;;;;
10604.42756;0.318468535;;;;;;;;;;
10614.64481;0.317975482;;;;;;;;;;
10624.85916;0.317483912;;;;;;;;;;
10634.38992;0.317026442;;;;;;;;;;
10644.59864;0.31653771;;;;;;;;;;
10654.80443;0.31605043;;;;;;;;;;
10664.32721;0.315596935;;;;;;;;;;
10674.52735;0.315112432;;;;;;;;;;
10684.72457;3.15E-01;;;;;;;;;;
10694.23933;0.314179745;;;;;;;;;;
10704.43089;0.31369938;;;;;;;;;;
10714.6195;0.313220405;;;;;;;;;;
10724.80519;0.312742811;;;;;;;;;;
10734.30917;0.312298294;;;;;;;;;;
10744.48916;0.31182334;;;;;;;;;;
10754.66621;0.311349739;;;;;;;;;;
10764.84031;0.310877478;;;;;;;;;;
10774.33347;0.310437903;;;;;;;;;;
10784.50187;0.309968209;;;;;;;;;;
10794.6673;0.309499828;;;;;;;;;;
10804.82978;0.309032751;;;;;;;;;;
10814.31208;3.09E-01;;;;;;;;;;
10824.46883;0.308133398;;;;;;;;;;
10834.62261;0.307670093;;;;;;;;;;
10844.77341;0.307208054;;;;;;;;;;
10854.24482;0.306777954;;;;;;;;;;
10864.38988;0.306318342;;;;;;;;;;
10874.53196;0.30585997;;;;;;;;;;
10884.67105;0.305402831;;;;;;;;;;
10894.13152;0.304977273;;;;;;;;;;
10904.26485;0.304522493;;;;;;;;;;
10914.39518;0.30406892;;;;;;;;;;
10924.52253;0.303616547;;;;;;;;;;
10934.64688;0.303165364;;;;;;;;;;
10944.09356;0.302745327;;;;;;;;;;
10954.21211;0.302296424;;;;;;;;;;
10964.32766;0.301848687;;;;;;;;;;
10974.4402;0.301402108;;;;;;;;;;
10984.54974;0.300956681;;;;;;;;;;
10994.65626;0.300512396;;;;;;;;;;
11004.08629;0.300098755;;;;;;;;;;
11014.18698;3.00E-01;;;;;;;;;;
11024.28466;0.299215683;;;;;;;;;;
11034.37931;0.29877582;;;;;;;;;;
11044.47093;0.298337063;;;;;;;;;;
11054.55953;0.297899403;;;;;;;;;;
11064.64509;0.297462835;;;;;;;;;;
11074.05555;0.297056349;;;;;;;;;;
11084.13525;0.29662187;;;;;;;;;;
11094.21191;0.296188461;;;;;;;;;;
11104.28553;0.295756114;;;;;;;;;;
11114.3561;0.295324824;;;;;;;;;;
11124.42363;0.294894584;;;;;;;;;;
11134.48811;0.294465386;;;;;;;;;;
11144.54953;0.294037224;;;;;;;;;;
11154.6079;0.293610092;;;;;;;;;;
11163.99295;0.293212359;;;;;;;;;;
11174.04541;2.93E-01;;;;;;;;;;
11184.0948;0.292363049;;;;;;;;;;
11194.14113;0.291939904;;;;;;;;;;
11204.18438;0.291517758;;;;;;;;;;
11214.22457;0.291096603;;;;;;;;;;
11224.26168;0.290676435;;;;;;;;;;
11234.29571;0.290257247;;;;;;;;;;
11244.32666;0.289839033;;;;;;;;;;
11254.35453;0.289421788;;;;;;;;;;
11264.37932;0.289005505;;;;;;;;;;
11274.40101;0.28859018;;;;;;;;;;
11284.41962;2.88E-01;;;;;;;;;;
11294.43513;0.287762378;;;;;;;;;;
11304.44755;0.287349891;;;;;;;;;;
11314.45686;0.286938339;;;;;;;;;;
11324.46308;2.87E-01;;;;;;;;;;
11334.46619;0.28611802;;;;;;;;;;
11344.46619;0.285709243;;;;;;;;;;
11354.46308;0.28530138;;;;;;;;;;
11364.45686;0.284894427;;;;;;;;;;
11374.44752;0.284488378;;;;;;;;;;
11384.43507;0.284083229;;;;;;;;;;
11394.41949;0.283678975;;;;;;;;;;
11404.40079;0.283275611;;;;;;;;;;
11414.37897;0.282873133;;;;;;;;;;
11424.35401;0.282471536;;;;;;;;;;
11434.32592;0.282070815;;;;;;;;;;
11444.2947;0.281670966;;;;;;;;;;
11454.26034;0.281271985;;;;;;;;;;
11464.22284;0.280873868;;;;;;;;;;
11474.1822;0.280476609;;;;;;;;;;
11484.13841;0.280080205;;;;;;;;;;
11494.09147;0.279684653;;;;;;;;;;
11504.04138;0.279289947;;;;;;;;;;
11513.98814;0.278896084;;;;;;;;;;
11523.93174;0.278503059;;;;;;;;;;
11533.87218;0.27811087;;;;;;;;;;
11543.80946;0.277719512;;;;;;;;;;
11553.74357;0.277328982;;;;;;;;;;
11564.33647;0.276913324;;;;;;;;;;
11574.26404;0.276524493;;;;;;;;;;
11584.18843;0.276136477;;;;;;;;;;
11594.10965;0.275749275;;;;;;;;;;
11604.02768;0.275362883;;;;;;;;;;
11613.94254;2.75E-01;;;;;;;;;;
11623.85421;0.274592514;;;;;;;;;;
11633.7627;0.274208531;;;;;;;;;;
11643.668;0.273825344;;;;;;;;;;
11654.23013;0.273417486;;;;;;;;;;
11664.12882;0.273035936;;;;;;;;;;
11674.02432;0.272655174;;;;;;;;;;
11683.91662;0.272275196;;;;;;;;;;
11693.80571;0.271895999;;;;;;;;;;
11703.6916;0.271517581;;;;;;;;;;
11714.23301;2.71E-01;;;;;;;;;;
11724.11227;0.270737974;;;;;;;;;;
11733.98831;0.270361927;;;;;;;;;;
11743.86113;2.70E-01;;;;;;;;;;
11753.73074;0.269612136;;;;;;;;;;
11763.59712;0.269238385;;;;;;;;;;
11774.1177;0.268840557;;;;;;;;;;
11783.97742;0.268468376;;;;;;;;;;
11793.8339;0.268096951;;;;;;;;;;
11803.68715;0.267726279;;;;;;;;;;
11814.19371;0.267331724;;;;;;;;;;
11824.04027;0.266962603;;;;;;;;;;
11833.88359;0.266594228;;;;;;;;;;
11843.72366;0.266226599;;;;;;;;;;
11853.56049;0.265859712;;;;;;;;;;
11864.04952;0.265469184;;;;;;;;;;
11873.87962;0.265103827;;;;;;;;;;
11883.70648;2.65E-01;;;;;;;;;;
11893.53007;2.64E-01;;;;;;;;;;
11904.00497;0.263987988;;;;;;;;;;
11913.82183;0.263625618;;;;;;;;;;
11923.63541;2.63E-01;;;;;;;;;;
11934.09963;0.262879033;;;;;;;;;;
11943.90646;0.262518898;;;;;;;;;;
11953.71001;0.262159488;;;;;;;;;;
11963.51028;0.261800803;;;;;;;;;;
11973.9603;0.261419002;;;;;;;;;;
11983.75379;0.261061809;;;;;;;;;;
11993.544;0.260705336;;;;;;;;;;
12003.98326;0.260325891;;;;;;;;;;
12013.76667;0.259970902;;;;;;;;;;
12023.54679;0.25961663;;;;;;;;;;
12033.97528;0.259239528;;;;;;;;;;
12043.74858;0.258886733;;;;;;;;;;
12053.51858;0.258534651;;;;;;;;;;
12063.93627;0.258159882;;;;;;;;;;
12073.69943;0.257809271;;;;;;;;;;
12083.45929;0.25745937;;;;;;;;;;
12093.86615;0.257086924;;;;;;;;;;
12103.61916;0.256738488;;;;;;;;;;
12113.36885;2.56E-01;;;;;;;;;;
12123.76486;2.56E-01;;;;;;;;;;
12133.50768;0.255674362;;;;;;;;;;
12143.89636;2.55E-01;;;;;;;;;;
12153.6323;0.254960977;;;;;;;;;;
12163.36491;0.254616871;;;;;;;;;;
12173.74269;0.2542506;;;;;;;;;;
12183.46841;0.253907948;;;;;;;;;;
12193.83883;0.253543227;;;;;;;;;;
12203.55764;0.253202027;;;;;;;;;;
12213.92069;0.252838854;;;;;;;;;;
12223.63258;0.252499104;;;;;;;;;;
12233.34113;0.252160056;;;;;;;;;;
12243.69321;0.251799176;;;;;;;;;;
12253.39482;0.251461576;;;;;;;;;;
12263.7395;0.251102241;;;;;;;;;;
12273.43416;2.51E-01;;;;;;;;;;
12283.77143;0.250408296;;;;;;;;;;
12293.45914;0.25007359;;;;;;;;;;
12303.78898;0.249717341;;;;;;;;;;
12313.46972;0.24938408;;;;;;;;;;
12323.79212;0.249029374;;;;;;;;;;
12333.46588;0.24869756;;;;;;;;;;
12343.78083;0.248344396;;;;;;;;;;
12353.44759;2.48E-01;;;;;;;;;;
12363.75508;2.48E-01;;;;;;;;;;
12373.41485;0.247333484;;;;;;;;;;
12383.71486;0.246983406;;;;;;;;;;
12393.36761;0.246655931;;;;;;;;;;
12403.66014;0.246307397;;;;;;;;;;
12413.30586;0.24598137;;;;;;;;;;
12423.59089;0.245634381;;;;;;;;;;
12433.22958;0.245309803;;;;;;;;;;
12443.50709;0.24496436;;;;;;;;;;
12453.78073;0.244619715;;;;;;;;;;
12463.40873;0.244297336;;;;;;;;;;
12473.67483;0.243954239;;;;;;;;;;
12483.29577;0.243633313;;;;;;;;;;
12493.55433;0.243291766;;;;;;;;;;
12503.16819;0.242972294;;;;;;;;;;
12513.4192;0.242632299;;;;;;;;;;
12523.66631;0.242293107;;;;;;;;;;
12533.26942;0.241975843;;;;;;;;;;
12543.50895;0.241638206;;;;;;;;;;
12553.10496;0.241322401;;;;;;;;;;
12563.33691;0.240986321;;;;;;;;;;
12573.56494;0.240651047;;;;;;;;;;
12583.15016;0.240337459;;;;;;;;;;
12593.37059;2.40E-01;;;;;;;;;;
12603.58709;0.239670841;;;;;;;;;;
12613.16148;0.239359475;;;;;;;;;;
12623.37036;0.239028136;;;;;;;;;;
12633.57531;0.238697606;;;;;;;;;;
12643.13886;0.238388469;;;;;;;;;;
12653.33617;0.23805951;;;;;;;;;;
12663.52952;0.237731362;;;;;;;;;;
12673.08221;2.37E-01;;;;;;;;;;
12683.26791;0.23709789;;;;;;;;;;
12693.44966;0.236772132;;;;;;;;;;
12703.62744;0.23644719;;;;;;;;;;
12713.16552;0.236143298;;;;;;;;;;
12723.33562;2.36E-01;;;;;;;;;;
12733.50176;2.35E-01;;;;;;;;;;
12743.02891;0.235195759;;;;;;;;;;
12753.18734;0.234874805;;;;;;;;;;
12763.3418;0.234554673;;;;;;;;;;
12773.49228;0.234235362;;;;;;;;;;
12783.00474;0.233936757;;;;;;;;;;
12793.14749;0.233619042;;;;;;;;;;
12803.28626;0.233302152;;;;;;;;;;
12813.42103;0.232986088;;;;;;;;;;
12823.5518;0.232670852;;;;;;;;;;
12833.04577;0.23237607;;;;;;;;;;
12843.1688;0.232062439;;;;;;;;;;
12853.28781;0.231749638;;;;;;;;;;
12863.40282;0.231437668;;;;;;;;;;
12873.51381;0.23112653;;;;;;;;;;
12882.98922;0.230835596;;;;;;;;;;
12893.09243;0.230526074;;;;;;;;;;
12903.19162;0.230217388;;;;;;;;;;
12913.28679;0.229909538;;;;;;;;;;
12923.37792;0.229602525;;;;;;;;;;
12933.46503;0.229296352;;;;;;;;;;
12942.91802;0.229010076;;;;;;;;;;
12952.99731;0.228705531;;;;;;;;;;
12963.07256;0.228401826;;;;;;;;;;
12973.14376;0.228098965;;;;;;;;;;
12983.21091;0.227796948;;;;;;;;;;
12993.27402;2.27E-01;;;;;;;;;;
13003.33307;0.227195449;;;;;;;;;;
13013.38807;0.226895969;;;;;;;;;;
13022.81094;0.226615977;;;;;;;;;;
13032.85807;0.226318142;;;;;;;;;;
13042.90113;0.226021157;;;;;;;;;;
13052.94013;0.225725022;;;;;;;;;;
13062.97505;0.22542974;;;;;;;;;;
13073.0059;2.25E-01;;;;;;;;;;
13083.03267;0.224841736;;;;;;;;;;
13093.05536;2.25E-01;;;;;;;;;;
13103.07396;2.24E-01;;;;;;;;;;
13113.08848;2.24E-01;;;;;;;;;;
13123.09891;0.223675997;;;;;;;;;;
13133.10525;0.223386707;;;;;;;;;;
13143.10748;0.223098277;;;;;;;;;;
13153.10562;0.222810707;;;;;;;;;;
13163.09966;0.222524;;;;;;;;;;
13173.08959;0.222238154;;;;;;;;;;
13183.07541;2.22E-01;;;;;;;;;;
13193.05712;0.221669055;;;;;;;;;;
13203.03471;0.221385802;;;;;;;;;;
13213.00818;0.221103416;;;;;;;;;;
13222.97754;0.220821896;;;;;;;;;;
13232.94277;0.220541243;;;;;;;;;;
13242.90387;0.220261459;;;;;;;;;;
13252.86084;0.219982544;;;;;;;;;;
13262.81367;0.219704498;;;;;;;;;;
13272.76237;0.219427323;;;;;;;;;;
13282.70693;0.219151019;;;;;;;;;;
13292.64735;0.218875587;;;;;;;;;;
13303.20449;0.218583896;;;;;;;;;;
13313.13635;0.218310264;;;;;;;;;;
13323.06406;0.218037505;;;;;;;;;;
13332.98761;0.21776562;;;;;;;;;;
13342.90701;0.21749461;;;;;;;;;;
13352.82224;0.217224476;;;;;;;;;;
13362.7333;0.216955217;;;;;;;;;;
13372.6402;0.216686834;;;;;;;;;;
13383.16171;0.216402638;;;;;;;;;;
13393.06;2.16E-01;;;;;;;;;;
13402.95411;2.16E-01;;;;;;;;;;
13412.84404;0.215605548;;;;;;;;;;
13422.72979;0.215341607;;;;;;;;;;
13432.61135;0.215078544;;;;;;;;;;
13443.10592;0.214800003;;;;;;;;;;
13452.97884;0.214538753;;;;;;;;;;
13462.84756;0.214278382;;;;;;;;;;
13472.71208;0.21401889;;;;;;;;;;
13482.5724;0.213760278;;;;;;;;;;
13493.04438;0.213486465;;;;;;;;;;
13502.89602;0.213229667;;;;;;;;;;
13512.74345;0.212973748;;;;;;;;;;
13522.58666;0.212718708;;;;;;;;;;
13533.04045;0.212448693;;;;;;;;;;
13542.87496;0.212195467;;;;;;;;;;
13552.70525;0.211943121;;;;;;;;;;
13562.53131;2.12E-01;;;;;;;;;;
13572.96686;0.211425433;;;;;;;;;;
13582.78419;0.211175778;;;;;;;;;;
13592.59728;0.210927002;;;;;;;;;;
13603.01905;0.210663639;;;;;;;;;;
13612.82339;0.210416673;;;;;;;;;;
13622.62349;0.210170585;;;;;;;;;;
13633.03144;0.209910077;;;;;;;;;;
13642.82277;0.209665797;;;;;;;;;;
13652.60985;2.09E-01;;;;;;;;;;
13663.00395;0.209164734;;;;;;;;;;
13672.78224;0.208923134;;;;;;;;;;
13682.55626;0.208682408;;;;;;;;;;
13692.93648;0.208427594;;;;;;;;;;
13702.7017;0.208188668;;;;;;;;;;
13712.46264;0.207950614;;;;;;;;;;
13722.82896;0.207698636;;;;;;;;;;
13732.58108;0.207462377;;;;;;;;;;
13742.93801;0.207212304;;;;;;;;;;
13752.68129;0.206977837;;;;;;;;;;
13762.42028;0.206744236;;;;;;;;;;
13772.76325;0.206496984;;;;;;;;;;
13782.49339;0.206265167;;;;;;;;;;
13792.82694;0.206019809;;;;;;;;;;
13802.5482;0.205789772;;;;;;;;;;
13812.87233;0.205546301;;;;;;;;;;
13822.58471;0.205318038;;;;;;;;;;
13832.89938;0.205076449;;;;;;;;;;
13842.60287;0.204849955;;;;;;;;;;
13852.30203;0.204624315;;;;;;;;;;
13862.60266;0.204385508;;;;;;;;;;
13872.29291;0.204161627;;;;;;;;;;
13882.58406;0.203924685;;;;;;;;;;
13892.26538;0.203702555;;;;;;;;;;
13902.54704;0.20346747;;;;;;;;;;
13912.8238;0.203233338;;;;;;;;;;
13922.49157;0.203013847;;;;;;;;;;
13932.75882;0.20278156;;;;;;;;;;
13942.41763;0.202563801;;;;;;;;;;
13952.67535;0.202333348;;;;;;;;;;
13962.32518;0.202117312;;;;;;;;;;
13972.57336;2.02E-01;;;;;;;;;;
13982.21421;0.201674363;;;;;;;;;;
13992.45284;0.201447552;;;;;;;;;;
14002.68653;0.201221672;;;;;;;;;;
14012.31374;2.01E-01;;;;;;;;;;
14022.53787;0.200785846;;;;;;;;;;
14032.75705;0.200562688;;;;;;;;;;
14042.37059;0.200353496;;;;;;;;;;
14052.58018;0.200132119;;;;;;;;;;
14062.18469;0.199924598;;;;;;;;;;
14072.38467;0.199704991;;;;;;;;;;
14082.57969;1.99E-01;;;;;;;;;;
14092.17048;0.199281277;;;;;;;;;;
14102.35587;0.199064325;;;;;;;;;;
14112.5363;0.198848269;;;;;;;;;;
14122.71176;0.198633104;;;;;;;;;;
14132.28412;0.198431408;;;;;;;;;;
14142.44992;0.198217964;;;;;;;;;;
14152.61075;0.198005401;;;;;;;;;;
14162.16932;0.197806142;;;;;;;;;;
14172.32047;0.197595276;;;;;;;;;;
14182.46662;0.197385278;;;;;;;;;;
14192.60778;0.197176145;;;;;;;;;;
14202.14784;0.196980098;;;;;;;;;;
14212.27929;0.196772629;;;;;;;;;;
14222.40574;0.19656601;;;;;;;;;;
14232.52718;0.196360237;;;;;;;;;;
14242.64362;0.196155305;;;;;;;;;;
14252.16038;0.195963192;;;;;;;;;;
14262.26707;0.19575988;;;;;;;;;;
14272.36874;0.195557394;;;;;;;;;;
14282.46538;0.195355729;;;;;;;;;;
14292.557;0.195154881;;;;;;;;;;
14302.05039;0.194966589;;;;;;;;;;
14312.13223;0.19476731;;;;;;;;;;
14322.20903;1.95E-01;;;;;;;;;;
14332.28079;0.194371149;;;;;;;;;;
14342.3475;0.194174255;;;;;;;;;;
14352.40916;0.193978144;;;;;;;;;;
14362.46577;0.193782812;;;;;;;;;;
14372.51732;0.193588251;;;;;;;;;;
14381.97297;0.193405834;;;;;;;;;;
14392.0147;0.193212754;;;;;;;;;;
14402.05135;0.193020428;;;;;;;;;;
14412.08293;0.192828849;;;;;;;;;;
14422.10944;0.192638011;;;;;;;;;;
14432.13086;0.192447907;;;;;;;;;;
14442.14721;0.192258532;;;;;;;;;;
14452.15847;0.192069877;;;;;;;;;;
14462.16464;0.191881937;;;;;;;;;;
14472.16572;0.191694705;;;;;;;;;;
14482.1617;0.191508173;;;;;;;;;;
14492.15258;0.191322334;;;;;;;;;;
14502.13836;0.191137182;;;;;;;;;;
14512.11904;0.190952708;;;;;;;;;;
14522.0946;0.190768906;;;;;;;;;;
14532.06505;0.190585768;;;;;;;;;;
14542.03038;0.190403287;;;;;;;;;;
14551.99059;0.190221454;;;;;;;;;;
14561.94567;0.190040262;;;;;;;;;;
14571.89563;0.189859703;;;;;;;;;;
14582.42529;0.189669204;;;;;;;;;;
14592.36468;0.189489923;;;;;;;;;;
14602.29893;1.89E-01;;;;;;;;;;
14612.22804;0.189133178;;;;;;;;;;
14622.152;0.188955697;;;;;;;;;;
14632.07082;0.188778799;;;;;;;;;;
14641.98448;0.188602475;;;;;;;;;;
14651.89299;0.188426716;;;;;;;;;;
14661.79633;0.188251515;;;;;;;;;;
14672.2766;0.188066604;;;;;;;;;;
14682.16932;0.187892521;;;;;;;;;;
14692.05686;0.187718966;;;;;;;;;;
14701.93923;0.187545932;;;;;;;;;;
14711.81642;0.187373408;;;;;;;;;;
14722.26898;0.187191281;;;;;;;;;;
14732.1355;0.187019778;;;;;;;;;;
14741.99684;0.186848756;;;;;;;;;;
14751.85298;0.186678205;;;;;;;;;;
14762.28324;0.186498125;;;;;;;;;;
14772.12868;0.186328513;;;;;;;;;;
14781.96893;0.186159342;;;;;;;;;;
14791.80396;0.185990601;;;;;;;;;;
14802.21186;0.185812392;;;;;;;;;;
14812.03617;0.185644504;;;;;;;;;;
14821.85526;0.185477015;;;;;;;;;;
14832.24626;0.185300096;;;;;;;;;;
14842.0546;0.185133394;;;;;;;;;;
14851.85772;0.184967056;;;;;;;;;;
14862.2318;0.18479132;;;;;;;;;;
14872.02414;0.1846257;;;;;;;;;;
14881.81125;0.184460411;;;;;;;;;;
14892.16836;0.184285748;;;;;;;;;;
14901.94468;0.184121105;;;;;;;;;;
14911.71575;0.183956758;;;;;;;;;;
14922.05587;0.183783054;;;;;;;;;;
14931.81612;0.18361928;;;;;;;;;;
14942.14478;0.183446155;;;;;;;;;;
14951.89421;0.183282903;;;;;;;;;;
14961.63837;0.183119886;;;;;;;;;;
14971.94997;0.182947522;;;;;;;;;;
14981.68328;0.18278495;;;;;;;;;;
14991.98339;0.182613029;;;;;;;;;;
15001.70583;0.182450849;;;;;;;;;;
15011.99443;0.182279316;;;;;;;;;;
15021.70599;0.182117474;;;;;;;;;;
15031.98306;0.181946269;;;;;;;;;;
15041.68373;0.18178471;;;;;;;;;;
15051.94926;1.82E-01;;;;;;;;;;
15061.63902;0.181452443;;;;;;;;;;
15071.89299;0.181281718;;;;;;;;;;
15081.57183;0.181120556;;;;;;;;;;
15091.81422;0.18094998;;;;;;;;;;
15102.05066;0.180779458;;;;;;;;;;
15111.71293;0.180618442;;;;;;;;;;
15121.93777;0.180447975;;;;;;;;;;
15131.58908;0.180286981;;;;;;;;;;
15141.8023;0.180116506;;;;;;;;;;
15152.00955;0.179946;;;;;;;;;;
15161.64424;0.179784925;;;;;;;;;;
15171.83986;0.179614313;;;;;;;;;;
15182.02948;0.179443621;;;;;;;;;;
15191.64751;0.179282321;;;;;;;;;;
15201.82548;0.179111421;;;;;;;;;;
15211.99745;0.178940388;;;;;;;;;;
15221.59879;1.79E-01;;;;;;;;;;
15231.75907;0.178607376;;;;;;;;;;
15241.91334;0.178435846;;;;;;;;;;
15251.49796;0.178273657;;;;;;;;;;
15261.64053;0.178101711;;;;;;;;;;
15271.77707;0.177929524;;;;;;;;;;
15281.90759;0.177757075;;;;;;;;;;
15291.46975;0.177593951;;;;;;;;;;
15301.58853;0.177420942;;;;;;;;;;
15311.70127;0.177247615;;;;;;;;;;
15321.80796;0.177073952;;;;;;;;;;
15331.90861;0.176899932;;;;;;;;;;
15341.44255;0.176735236;;;;;;;;;;
15351.53142;0.176560466;;;;;;;;;;
15361.61423;0.176385282;;;;;;;;;;
15371.69098;0.176209663;;;;;;;;;;
15381.76165;0.176033587;;;;;;;;;;
15391.82626;0.175857036;;;;;;;;;;
15401.88479;0.175679988;;;;;;;;;;
15411.37893;0.1755123;;;;;;;;;;
15421.42563;0.175334226;;;;;;;;;;
15431.46624;0.175155594;;;;;;;;;;
15441.50077;0.174976381;;;;;;;;;;
15451.52919;0.174796568;;;;;;;;;;
15461.55152;0.174616131;;;;;;;;;;
15471.56774;0.174435051;;;;;;;;;;
15481.57785;0.174253304;;;;;;;;;;
15491.58185;0.174070869;;;;;;;;;;
15501.57974;0.173887723;;;;;;;;;;
15511.57151;0.173703845;;;;;;;;;;
15521.55715;0.173519213;;;;;;;;;;
15531.53666;0.173333802;;;;;;;;;;
15541.51005;0.173147592;;;;;;;;;;
15551.4773;0.172960558;;;;;;;;;;
15561.4384;0.172772679;;;;;;;;;;
15571.39337;0.17258393;;;;;;;;;;
15581.34219;0.17239429;;;;;;;;;;
15591.28485;0.172203733;;;;;;;;;;
15601.77321;0.17200157;;;;;;;;;;
15611.70322;0.171809057;;;;;;;;;;
15621.62707;0.171615556;;;;;;;;;;
15631.54475;0.171421043;;;;;;;;;;
15641.45626;0.171225494;;;;;;;;;;
15651.36159;0.171028884;;;;;;;;;;
15661.26074;0.170831189;;;;;;;;;;
15671.70314;0.170621307;;;;;;;;;;
15681.58959;0.170421304;;;;;;;;;;
15691.46984;0.170220142;;;;;;;;;;
15701.34389;0.170017794;;;;;;;;;;
15711.21175;1.70E-01;;;;;;;;;;
15721.62109;0.169598027;;;;;;;;;;
15731.47619;0.169391901;;;;;;;;;;
15741.32509;0.169184487;;;;;;;;;;
15751.16776;0.16897576;;;;;;;;;;
15761.55051;0.168753982;;;;;;;;;;
15771.3804;0.168542472;;;;;;;;;;
15781.20407;0.16832957;;;;;;;;;;
15791.56673;0.168103299;;;;;;;;;;
15801.37759;0.16788745;;;;;;;;;;
15811.1822;0.167670127;;;;;;;;;;
15821.52475;0.167439103;;;;;;;;;;
15831.31653;0.167218667;;;;;;;;;;
15841.10206;0.166996676;;;;;;;;;;
15851.42445;0.166760633;;;;;;;;;;
15861.19712;0.166535359;;;;;;;;;;
15871.50593;0.166295791;;;;;;;;;;
15881.26572;0.166067118;;;;;;;;;;
15891.56093;0.1658239;;;;;;;;;;
15901.30784;0.165591712;;;;;;;;;;
15911.04846;0.16535777;;;;;;;;;;
15921.32342;0.1651089;;;;;;;;;;
15931.05113;0.164871267;;;;;;;;;;
15941.31245;1.65E-01;;;;;;;;;;
15951.02723;1.64E-01;;;;;;;;;;
15961.27489;0.164120078;;;;;;;;;;
15971.51552;0.163861014;;;;;;;;;;
15981.2107;0.163613572;;;;;;;;;;
15991.43765;0.163350227;;;;;;;;;;
16001.11985;0.163098669;;;;;;;;;;
16011.3331;0.162830913;;;;;;;;;;
16021.00231;0.162575115;;;;;;;;;;
16031.20184;0.162302817;;;;;;;;;;
16041.39432;0.162028136;;;;;;;;;;
16051.04385;0.161765682;;;;;;;;;;
16061.22258;0.161486258;;;;;;;;;;
16071.39425;0.161204347;;;;;;;;;;
16081.02405;0.160934947;;;;;;;;;;
16091.18194;0.16064809;;;;;;;;;;
16101.33276;0.16035864;;;;;;;;;;
16110.9428;0.160082001;;;;;;;;;;
16121.07982;0.159787399;;;;;;;;;;
16131.20975;0.159490099;;;;;;;;;;
16141.33259;0.159190062;;;;;;;;;;
16150.9161;0.158903261;;;;;;;;;;
16161.0251;0.158597793;;;;;;;;;;
16171.127;1.58E-01;;;;;;;;;;
16181.22179;0.157978287;;;;;;;;;;
16191.30945;0.157664176;;;;;;;;;;
16200.85962;0.157363872;;;;;;;;;;
16210.93342;0.157043971;;;;;;;;;;
16221.00008;0.156721042;;;;;;;;;;
16231.05961;0.156395046;;;;;;;;;;
16241.11199;0.156065947;;;;;;;;;;
16251.15724;0.155733705;;;;;;;;;;
16261.19534;0.155398283;;;;;;;;;;
16271.22628;0.155059642;;;;;;;;;;
16281.25007;0.154717743;;;;;;;;;;
16291.26669;0.154372549;;;;;;;;;;
16301.27615;0.15402402;;;;;;;;;;
16311.27844;0.153672117;;;;;;;;;;
16321.27355;0.153316802;;;;;;;;;;
16331.26148;0.152958035;;;;;;;;;;
16341.24224;0.152595777;;;;;;;;;;
16351.2158;0.152229988;;;;;;;;;;
16361.18217;0.151860629;;;;;;;;;;
16371.14134;0.151487659;;;;;;;;;;
16381.09331;0.15111104;;;;;;;;;;
16391.03808;0.150730731;;;;;;;;;;
16400.97564;0.150346692;;;;;;;;;;
16410.90598;0.149958882;;;;;;;;;;
16420.82911;0.149567261;;;;;;;;;;
16430.74501;0.14917179;;;;;;;;;;
16441.17499;0.148751298;;;;;;;;;;
16451.07605;0.148347794;;;;;;;;;;
16460.96988;0.147940313;;;;;;;;;;
16470.85646;0.147528816;;;;;;;;;;
16480.7358;0.14711326;;;;;;;;;;
16491.12727;0.146671403;;;;;;;;;;
16500.99173;0.146247388;;;;;;;;;;
16510.84892;0.145819189;;;;;;;;;;
16520.69886;0.145386763;;;;;;;;;;
16531.05936;0.144926965;;;;;;;;;;
16540.89437;0.144485733;;;;;;;;;;
16550.72211;0.144040146;;;;;;;;;;
16561.05923;0.143566357;;;;;;;;;;
16570.87202;0.1431117;;;;;;;;;;
16580.67752;0.14265256;;;;;;;;;;
16590.99122;0.142164364;;;;;;;;;;
16600.78174;0.141695887;;;;;;;;;;
16611.07967;0.141197769;;;;;;;;;;
16620.8552;0.140719776;;;;;;;;;;
16630.62342;0.140237081;;;;;;;;;;
16640.89785;0.139723854;;;;;;;;;;
16650.65105;0.139231373;;;;;;;;;;
16660.90967;0.138707749;;;;;;;;;;
16671.13763;0.138179888;;;;;;;;;;
16682.05671;0.137609891;;;;;;;;;;
16690.24581;0.137177977;;;;;;;;;;
16701.16432;0.136596137;;;;;;;;;;
16712.0825;0.136007422;;;;;;;;;;
16720.27093;0.135561324;;;;;;;;;;
16731.18854;0.134960381;;;;;;;;;;
16742.10583;0.134352341;;;;;;;;;;
16750.29359;0.133891603;;;;;;;;;;
16761.2103;0.133270945;;;;;;;;;;
16772.12669;0.132642963;;;;;;;;;;
16780.31377;0.132167121;;;;;;;;;;
16791.22959;0.131526123;;;;;;;;;;
16799.41624;1.31E-01;;;;;;;;;;
16810.33149;0.130386151;;;;;;;;;;
16821.2464;0.129724177;;;;;;;;;;
16829.43238;0.129222591;;;;;;;;;;
16840.34672;0.128546933;;;;;;;;;;
16851.26074;0.127863336;;;;;;;;;;
16859.44603;0.127345376;;;;;;;;;;
16870.35947;0.126647676;;;;;;;;;;
16881.27258;1.26E-01;;;;;;;;;;
16889.4572;0.125406964;;;;;;;;;;
16900.36974;0.124686553;;;;;;;;;;
16911.28194;0.123957717;;;;;;;;;;
16919.46588;0.123405506;;;;;;;;;;
16930.37751;0.122661705;;;;;;;;;;
16941.28881;0.121909229;;;;;;;;;;
16949.47207;0.121339121;;;;;;;;;;
16960.38279;0.120571238;;;;;;;;;;
16971.29318;0.119794423;;;;;;;;;;
16979.47575;0.119205894;;;;;;;;;;
16990.38556;0.118413223;;;;;;;;;;
17001.29504;0.11761136;;;;;;;;;;
17009.47693;0.117003874;;;;;;;;;;
17020.38583;0.116185697;;;;;;;;;;
17031.2944;0.115358063;;;;;;;;;;
17039.47561;1.15E-01;;;;;;;;;;
17050.3836;1.14E-01;;;;;;;;;;
17061.29125;0.11303252;;;;;;;;;;
17069.47177;0.112385474;;;;;;;;;;
17080.37884;0.111514078;;;;;;;;;;
17091.28558;0.110632683;;;;;;;;;;
17099.46542;0.109965015;;;;;;;;;;
17110.37157;0.109065881;;;;;;;;;;
17121.27739;1.08E-01;;;;;;;;;;
17129.45654;0.107467605;;;;;;;;;;
17140.36178;0.106539961;;;;;;;;;;
17151.26668;0.105601757;;;;;;;;;;
17159.44514;0.104891111;;;;;;;;;;
17170.34946;0.103934175;;;;;;;;;;
17181.25344;0.10296639;;;;;;;;;;
17189.43121;0.102233368;;;;;;;;;;
17200.33461;0.101246342;;;;;;;;;;
17211.23767;0.100248173;;;;;;;;;;
17219.41475;9.95E-02;;;;;;;;;;
17230.31722;0.098474243;;;;;;;;;;
17241.21936;0.097444874;;;;;;;;;;
17249.39574;0.096665274;;;;;;;;;;
17260.29729;0.115615621;;;;;;;;;;
17271.19851;0.114554223;;;;;;;;;;
17279.3742;0.113750401;;;;;;;;;;
17290.27482;0.112668182;;;;;;;;;;
17301.17511;0.11157391;;;;;;;;;;
17309.3501;0.110745229;;;;;;;;;;
17320.2498;0.109629592;;;;;;;;;;
17331.14916;0.108501589;;;;;;;;;;
17339.32345;1.08E-01;;;;;;;;;;
17350.22222;0.106497479;;;;;;;;;;
17361.12065;0.105334871;;;;;;;;;;
17369.29425;0.10445452;;;;;;;;;;
17380.19209;0.103269431;;;;;;;;;;
17391.08959;0.102071332;;;;;;;;;;
17399.26249;0.101164149;;;;;;;;;;
17410.15939;9.99E-02;;;;;;;;;;
17421.05596;0.098708504;;;;;;;;;;
17429.22816;0.097773809;;;;;;;;;;
17440.12413;0.096515682;;;;;;;;;;
17451.01976;0.095243881;;;;;;;;;;
17459.19126;0.094280983;;;;;;;;;;
17470.0863;0.092984956;;;;;;;;;;
17480.98099;9.17E-02;;;;;;;;;;
17489.15179;9.07E-02;;;;;;;;;;
17500.04589;0.089348246;;;;;;;;;;
17510.93964;0.087999019;;;;;;;;;;
17519.10974;0.086977598;;;;;;;;;;
17530.0029;0.085602935;;;;;;;;;;
17540.89571;0.084213561;;;;;;;;;;
17549.0651;0.083161798;;;;;;;;;;
17559.95732;0.081746368;;;;;;;;;;
17570.8492;0.08031587;;;;;;;;;;
17579.01788;0.079233029;;;;;;;;;;
17589.90916;7.78E-02;;;;;;;;;;
17600.80009;0.076303232;;;;;;;;;;
17608.96807;0.075188565;;;;;;;;;;
17619.8584;0.073688627;;;;;;;;;;
17630.74839;0.07217289;;;;;;;;;;
17638.91566;7.10E-02;;;;;;;;;;
17649.80505;0.069481927;;;;;;;;;;
17660.69409;0.067922044;;;;;;;;;;
17668.86065;0.066741435;;;;;;;;;;
17679.74909;0.065152919;;;;;;;;;;
17690.63719;6.35E-02;;;;;;;;;;
17701.52494;6.19E-02;;;;;;;;;;
17709.69053;0.060698731;;;;;;;;;;
17720.57768;0.059047422;;;;;;;;;;
17731.46448;0.057379034;;;;;;;;;;
17739.62935;0.056116449;;;;;;;;;;
17750.51555;0.054417829;;;;;;;;;;
17761.4014;0.052701736;;;;;;;;;;
17769.56556;5.14E-02;;;;;;;;;;
17780.45081;0.049656093;;;;;;;;;;
17791.33571;0.067891202;;;;;;;;;;
17799.49915;0.066555716;;;;;;;;;;
17810.38345;0.064759194;;;;;;;;;;
17821.26739;0.062944395;;;;;;;;;;
17829.43012;0.061571211;;;;;;;;;;
17840.31346;5.97E-02;;;;;;;;;;
17851.19644;0.057858232;;;;;;;;;;
17859.35846;0.056446501;;;;;;;;;;
17870.24084;0.054547596;;;;;;;;;;
17881.12287;0.052629584;;;;;;;;;;
17889.28416;0.051178444;;;;;;;;;;
17900.16558;0.049226625;;;;;;;;;;
17911.04665;0.067255276;;;;;;;;;;
17919.20723;0.065763853;;;;;;;;;;
17930.08769;0.063757949;;;;;;;;;;
17940.9678;0.061732084;;;;;;;;;;
17949.12765;0.060199492;;;;;;;;;;
17960.00715;0.061861685;;;;;;;;;;
17970.8863;0.063943259;;;;;;;;;;
17979.04543;0.065517922;;;;;;;;;;
17989.92397;0.067635577;;;;;;;;;;
18000.80215;0.049774072;;;;;;;;;;
;;;;;;;;;;;
;;;;;;;;;;;
;;;;;;;;;;;
;;;;;;;;;;;
;;;;;;;;;;;
;;;;;;;;;;;
;;;;;;;;;;;
;;;;;;;;;;;
;;;;;;;;;;;
;;;;;;;;;;;
;;;;;;;;;;;
;;;;;;;;;;;
;;;;;;;;;;;
;;;;;;;;;;;
;;;;;;;;;;;
;;;;;;;;;;;
;;;;;;;;;;;
;;;;;;;;;;;
;;;;;;;;;;;
;;;;;;;;;;;
;;;;;;;;;;;
;;;;;;;;;;;
;;;;;;;;;;;
;;;;;;;;;;;
;;;;;;;;;;;
;;;;;;;;;;;
;;;;;;;;;;;
;;;;;;;;;;;
;;;;;;;;;;;
;;;;;;;;;;;
;;;;;;;;;;;
;;;;;;;;;;;
;;;;;;;;;;;
;;;;;;;;;;;
;;;;;;;;;;;
;;;;;;;;;;;
;;;;;;;;;;;
;;;;;;;;;;;
;;;;;;;;;;;
;;;;;;;;;;;
;;;;;;;;;;;
;;;;;;;;;;;
;;;;;;;;;;;
;;;;;;;;;;;
;;;;;;;;;;;
;;;;;;;;;;;
;;;;;;;;;;;
;;;;;;;;;;;
;;;;;;;;;;;
;;;;;;;;;;;
;;;;;;;;;;;
;;;;;;;;;;;
;;;;;;;;;;;
;;;;;;;;;;;
;;;;;;;;;;;
;;;;;;;;;;;
;;;;;;;;;;;
;;;;;;;;;;;
;;;;;;;;;;;
;;;;;;;;;;;
;;;;;;;;;;;
;;;;;;;;;;;
;;;;;;;;;;;
;;;;;;;;;;;
;;;;;;;;;;;
;;;;;;;;;;;
;;;;;;;;;;;
;;;;;;;;;;;
;;;;;;;;;;;
;;;;;;;;;;;
;;;;;;;;;;;
;;;;;;;;;;;
;;;;;;;;;;;
;;;;;;;;;;;
;;;;;;;;;;;
;;;;;;;;;;;
;;;;;;;;;;;
;;;;;;;;;;;
;;;;;;;;;;;
;;;;;;;;;;;
;;;;;;;;;;;
;;;;;;;;;;;
;;;;;;;;;;;
;;;;;;;;;;;
;;;;;;;;;;;
;;;;;;;;;;;
;;;;;;;;;;;
;;;;;;;;;;;
;;;;;;;;;;;
;;;;;;;;;;;
;;;;;;;;;;;
;;;;;;;;;;;
;;;;;;;;;;;
;;;;;;;;;;;
;;;;;;;;;;;
;;;;;;;;;;;
;;;;;;;;;;;
;;;;;;;;;;;
;;;;;;;;;;;
;;;;;;;;;;;
;;;;;;;;;;;
;;;;;;;;;;;
;;;;;;;;;;;
;;;;;;;;;;;
;;;;;;;;;;;
;;;;;;;;;;;
;;;;;;;;;;;
;;;;;;;;;;;
;;;;;;;;;;;
;;;;;;;;;;;
;;;;;;;;;;;
;;;;;;;;;;;
;;;;;;;;;;;
;;;;;;;;;;;
;;;;;;;;;;;
;;;;;;;;;;;
;;;;;;;;;;;
;;;;;;;;;;;
;;;;;;;;;;;
;;;;;;;;;;;
;;;;;;;;;;;
;;;;;;;;;;;
;;;;;;;;;;;
;;;;;;;;;;;
;;;;;;;;;;;
;;;;;;;;;;;
;;;;;;;;;;;
;;;;;;;;;;;
;;;;;;;;;;;
;;;;;;;;;;;
;;;;;;;;;;;
;;;;;;;;;;;
;;;;;;;;;;;
;;;;;;;;;;;
;;;;;;;;;;;
;;;;;;;;;;;
;;;;;;;;;;;
;;;;;;;;;;;
;;;;;;;;;;;
;;;;;;;;;;;
;;;;;;;;;;;
;;;;;;;;;;;
;;;;;;;;;;;
;;;;;;;;;;;
;;;;;;;;;;;
;;;;;;;;;;;
;;;;;;;;;;;
;;;;;;;;;;;
;;;;;;;;;;;
;;;;;;;;;;;
;;;;;;;;;;;
;;;;;;;;;;;
;;;;;;;;;;;
;;;;;;;;;;;
;;;;;;;;;;;
;;;;;;;;;;;
;;;;;;;;;;;
;;;;;;;;;;;
;;;;;;;;;;;
;;;;;;;;;;;
;;;;;;;;;;;
;;;;;;;;;;;
;;;;;;;;;;;
;;;;;;;;;;;
;;;;;;;;;;;
;;;;;;;;;;;
;;;;;;;;;;;
;;;;;;;;;;;
;;;;;;;;;;;
;;;;;;;;;;;
;;;;;;;;;;;
;;;;;;;;;;;
;;;;;;;;;;;
;;;;;;;;;;;
;;;;;;;;;;;
;;;;;;;;;;;
;;;;;;;;;;;
;;;;;;;;;;;
;;;;;;;;;;;
;;;;;;;;;;;
;;;;;;;;;;;
;;;;;;;;;;;
;;;;;;;;;;;
;;;;;;;;;;;
;;;;;;;;;;;
;;;;;;;;;;;
;;;;;;;;;;;
;;;;;;;;;;;
;;;;;;;;;;;
;;;;;;;;;;;
;;;;;;;;;;;
;;;;;;;;;;;
;;;;;;;;;;;
;;;;;;;;;;;
;;;;;;;;;;;
;;;;;;;;;;;
;;;;;;;;;;;
;;;;;;;;;;;
;;;;;;;;;;;
;;;;;;;;;;;
;;;;;;;;;;;
;;;;;;;;;;;
;;;;;;;;;;;
;;;;;;;;;;;
;;;;;;;;;;;
;;;;;;;;;;;
;;;;;;;;;;;
;;;;;;;;;;;
;;;;;;;;;;;
;;;;;;;;;;;
;;;;;;;;;;;
;;;;;;;;;;;
;;;;;;;;;;;
;;;;;;;;;;;
;;;;;;;;;;;
;;;;;;;;;;;
;;;;;;;;;;;
;;;;;;;;;;;
;;;;;;;;;;;
;;;;;;;;;;;
;;;;;;;;;;;
;;;;;;;;;;;
;;;;;;;;;;;
;;;;;;;;;;;
;;;;;;;;;;;
;;;;;;;;;;;
;;;;;;;;;;;
;;;;;;;;;;;
;;;;;;;;;;;
;;;;;;;;;;;
;;;;;;;;;;;
;;;;;;;;;;;
;;;;;;;;;;;
;;;;;;;;;;;
;;;;;;;;;;;
;;;;;;;;;;;
;;;;;;;;;;;
;;;;;;;;;;;
;;;;;;;;;;;
;;;;;;;;;;;
;;;;;;;;;;;
;;;;;;;;;;;
;;;;;;;;;;;
;;;;;;;;;;;
;;;;;;;;;;;
;;;;;;;;;;;
;;;;;;;;;;;
;;;;;;;;;;;
;;;;;;;;;;;
;;;;;;;;;;;
;;;;;;;;;;;
;;;;;;;;;;;
;;;;;;;;;;;
;;;;;;;;;;;
;;;;;;;;;;;
;;;;;;;;;;;
;;;;;;;;;;;
;;;;;;;;;;;
;;;;;;;;;;;
;;;;;;;;;;;
;;;;;;;;;;;
;;;;;;;;;;;
;;;;;;;;;;;
;;;;;;;;;;;
;;;;;;;;;;;
;;;;;;;;;;;
;;;;;;;;;;;
;;;;;;;;;;;
;;;;;;;;;;;
;;;;;;;;;;;
;;;;;;;;;;;
;;;;;;;;;;;
;;;;;;;;;;;
;;;;;;;;;;;
;;;;;;;;;;;
;;;;;;;;;;;
;;;;;;;;;;;
;;;;;;;;;;;
;;;;;;;;;;;
;;;;;;;;;;;
;;;;;;;;;;;
;;;;;;;;;;;
;;;;;;;;;;;
;;;;;;;;;;;
;;;;;;;;;;;
;;;;;;;;;;;
;;;;;;;;;;;
;;;;;;;;;;;
;;;;;;;;;;;
;;;;;;;;;;;
;;;;;;;;;;;
;;;;;;;;;;;
;;;;;;;;;;;
;;;;;;;;;;;
;;;;;;;;;;;
;;;;;;;;;;;
;;;;;;;;;;;
;;;;;;;;;;;
;;;;;;;;;;;
;;;;;;;;;;;
;;;;;;;;;;;
;;;;;;;;;;;
;;;;;;;;;;;
;;;;;;;;;;;
;;;;;;;;;;;
;;;;;;;;;;;
;;;;;;;;;;;
;;;;;;;;;;;
;;;;;;;;;;;
;;;;;;;;;;;
;;;;;;;;;;;
;;;;;;;;;;;
;;;;;;;;;;;
;;;;;;;;;;;
;;;;;;;;;;;
;;;;;;;;;;;
;;;;;;;;;;;
;;;;;;;;;;;
;;;;;;;;;;;
;;;;;;;;;;;
;;;;;;;;;;;
;;;;;;;;;;;
;;;;;;;;;;;
;;;;;;;;;;;
;;;;;;;;;;;
;;;;;;;;;;;
;;;;;;;;;;;
;;;;;;;;;;;
;;;;;;;;;;;
;;;;;;;;;;;
;;;;;;;;;;;
;;;;;;;;;;;
;;;;;;;;;;;
;;;;;;;;;;;
;;;;;;;;;;;
;;;;;;;;;;;
;;;;;;;;;;;
;;;;;;;;;;;
;;;;;;;;;;;
;;;;;;;;;;;
;;;;;;;;;;;
;;;;;;;;;;;
;;;;;;;;;;;
;;;;;;;;;;;
;;;;;;;;;;;
;;;;;;;;;;;
;;;;;;;;;;;
;;;;;;;;;;;
;;;;;;;;;;;
;;;;;;;;;;;
;;;;;;;;;;;
;;;;;;;;;;;
;;;;;;;;;;;
;;;;;;;;;;;
;;;;;;;;;;;
;;;;;;;;;;;
;;;;;;;;;;;
;;;;;;;;;;;
;;;;;;;;;;;
;;;;;;;;;;;
;;;;;;;;;;;
;;;;;;;;;;;
;;;;;;;;;;;
;;;;;;;;;;;
;;;;;;;;;;;
;;;;;;;;;;;
;;;;;;;;;;;
;;;;;;;;;;;
;;;;;;;;;;;
;;;;;;;;;;;
;;;;;;;;;;;
;;;;;;;;;;;
;;;;;;;;;;;
;;;;;;;;;;;
;;;;;;;;;;;
;;;;;;;;;;;
;;;;;;;;;;;
;;;;;;;;;;;
;;;;;;;;;;;
;;;;;;;;;;;
;;;;;;;;;;;
;;;;;;;;;;;
;;;;;;;;;;;
;;;;;;;;;;;
;;;;;;;;;;;
;;;;;;;;;;;
;;;;;;;;;;;
;;;;;;;;;;;
;;;;;;;;;;;
;;;;;;;;;;;
;;;;;;;;;;;
;;;;;;;;;;;
;;;;;;;;;;;
;;;;;;;;;;;
;;;;;;;;;;;
;;;;;;;;;;;
;;;;;;;;;;;
;;;;;;;;;;;
;;;;;;;;;;;
;;;;;;;;;;;
;;;;;;;;;;;
;;;;;;;;;;;
;;;;;;;;;;;
;;;;;;;;;;;
;;;;;;;;;;;
;;;;;;;;;;;
;;;;;;;;;;;
;;;;;;;;;;;
;;;;;;;;;;;
;;;;;;;;;;;
;;;;;;;;;;;
;;;;;;;;;;;
;;;;;;;;;;;
;;;;;;;;;;;
;;;;;;;;;;;
;;;;;;;;;;;
;;;;;;;;;;;
;;;;;;;;;;;
;;;;;;;;;;;
;;;;;;;;;;;
;;;;;;;;;;;
;;;;;;;;;;;
;;;;;;;;;;;
;;;;;;;;;;;
;;;;;;;;;;;
;;;;;;;;;;;
;;;;;;;;;;;
;;;;;;;;;;;
;;;;;;;;;;;
;;;;;;;;;;;
;;;;;;;;;;;
;;;;;;;;;;;
;;;;;;;;;;;
;;;;;;;;;;;
;;;;;;;;;;;
;;;;;;;;;;;
;;;;;;;;;;;
;;;;;;;;;;;
;;;;;;;;;;;
;;;;;;;;;;;
;;;;;;;;;;;
;;;;;;;;;;;
;;;;;;;;;;;
;;;;;;;;;;;
;;;;;;;;;;;
;;;;;;;;;;;
;;;;;;;;;;;
;;;;;;;;;;;
;;;;;;;;;;;
;;;;;;;;;;;
;;;;;;;;;;;
;;;;;;;;;;;
;;;;;;;;;;;
;;;;;;;;;;;
;;;;;;;;;;;
;;;;;;;;;;;
;;;;;;;;;;;
;;;;;;;;;;;
;;;;;;;;;;;
;;;;;;;;;;;
;;;;;;;;;;;
;;;;;;;;;;;
;;;;;;;;;;;
;;;;;;;;;;;
;;;;;;;;;;;
;;;;;;;;;;;
;;;;;;;;;;;
;;;;;;;;;;;
;;;;;;;;;;;
;;;;;;;;;;;
;;;;;;;;;;;
;;;;;;;;;;;
;;;;;;;;;;;
;;;;;;;;;;;
;;;;;;;;;;;
;;;;;;;;;;;
;;;;;;;;;;;
;;;;;;;;;;;
;;;;;;;;;;;
;;;;;;;;;;;
;;;;;;;;;;;
;;;;;;;;;;;
;;;;;;;;;;;
;;;;;;;;;;;
;;;;;;;;;;;
;;;;;;;;;;;
;;;;;;;;;;;
;;;;;;;;;;;
;;;;;;;;;;;
;;;;;;;;;;;
;;;;;;;;;;;
;;;;;;;;;;;
;;;;;;;;;;;
;;;;;;;;;;;
;;;;;;;;;;;
;;;;;;;;;;;
;;;;;;;;;;;
;;;;;;;;;;;
;;;;;;;;;;;
;;;;;;;;;;;
;;;;;;;;;;;
;;;;;;;;;;;
;;;;;;;;;;;
;;;;;;;;;;;
;;;;;;;;;;;
;;;;;;;;;;;
;;;;;;;;;;;
;;;;;;;;;;;
;;;;;;;;;;;
;;;;;;;;;;;
;;;;;;;;;;;
;;;;;;;;;;;
;;;;;;;;;;;
;;;;;;;;;;;
;;;;;;;;;;;
;;;;;;;;;;;
;;;;;;;;;;;
;;;;;;;;;;;
;;;;;;;;;;;
;;;;;;;;;;;
;;;;;;;;;;;
;;;;;;;;;;;
;;;;;;;;;;;
;;;;;;;;;;;
;;;;;;;;;;;
;;;;;;;;;;;
;;;;;;;;;;;
;;;;;;;;;;;
;;;;;;;;;;;
;;;;;;;;;;;
;;;;;;;;;;;
;;;;;;;;;;;
;;;;;;;;;;;
;;;;;;;;;;;
;;;;;;;;;;;
;;;;;;;;;;;
;;;;;;;;;;;
;;;;;;;;;;;
;;;;;;;;;;;
;;;;;;;;;;;
;;;;;;;;;;;
;;;;;;;;;;;
;;;;;;;;;;;
;;;;;;;;;;;
;;;;;;;;;;;
;;;;;;;;;;;
;;;;;;;;;;;
;;;;;;;;;;;
;;;;;;;;;;;
;;;;;;;;;;;
;;;;;;;;;;;
;;;;;;;;;;;
;;;;;;;;;;;
;;;;;;;;;;;
;;;;;;;;;;;
;;;;;;;;;;;
;;;;;;;;;;;
;;;;;;;;;;;
;;;;;;;;;;;
;;;;;;;;;;;
;;;;;;;;;;;
;;;;;;;;;;;
;;;;;;;;;;;
;;;;;;;;;;;
;;;;;;;;;;;
;;;;;;;;;;;
;;;;;;;;;;;
;;;;;;;;;;;
;;;;;;;;;;;
;;;;;;;;;;;
;;;;;;;;;;;
;;;;;;;;;;;
;;;;;;;;;;;
;;;;;;;;;;;
;;;;;;;;;;;
;;;;;;;;;;;
;;;;;;;;;;;
;;;;;;;;;;;
;;;;;;;;;;;
;;;;;;;;;;;
;;;;;;;;;;;
;;;;;;;;;;;
;;;;;;;;;;;
;;;;;;;;;;;
;;;;;;;;;;;
;;;;;;;;;;;
;;;;;;;;;;;
;;;;;;;;;;;
;;;;;;;;;;;
;;;;;;;;;;;
;;;;;;;;;;;
;;;;;;;;;;;
;;;;;;;;;;;
;;;;;;;;;;;
;;;;;;;;;;;
;;;;;;;;;;;
;;;;;;;;;;;
;;;;;;;;;;;
;;;;;;;;;;;
;;;;;;;;;;;
;;;;;;;;;;;
;;;;;;;;;;;
;;;;;;;;;;;
;;;;;;;;;;;
;;;;;;;;;;;
;;;;;;;;;;;
;;;;;;;;;;;
;;;;;;;;;;;
;;;;;;;;;;;
;;;;;;;;;;;
;;;;;;;;;;;
;;;;;;;;;;;
;;;;;;;;;;;
;;;;;;;;;;;
;;;;;;;;;;;
;;;;;;;;;;;
;;;;;;;;;;;
;;;;;;;;;;;
;;;;;;;;;;;
;;;;;;;;;;;
;;;;;;;;;;;
;;;;;;;;;;;
;;;;;;;;;;;
;;;;;;;;;;;
;;;;;;;;;;;
;;;;;;;;;;;
;;;;;;;;;;;
;;;;;;;;;;;
;;;;;;;;;;;
;;;;;;;;;;;
;;;;;;;;;;;
;;;;;;;;;;;
;;;;;;;;;;;
;;;;;;;;;;;
;;;;;;;;;;;
;;;;;;;;;;;
;;;;;;;;;;;
;;;;;;;;;;;
;;;;;;;;;;;
;;;;;;;;;;;
;;;;;;;;;;;
;;;;;;;;;;;
;;;;;;;;;;;
;;;;;;;;;;;
;;;;;;;;;;;
;;;;;;;;;;;
;;;;;;;;;;;
;;;;;;;;;;;
;;;;;;;;;;;
;;;;;;;;;;;
;;;;;;;;;;;
;;;;;;;;;;;
;;;;;;;;;;;
;;;;;;;;;;;
;;;;;;;;;;;
;;;;;;;;;;;
;;;;;;;;;;;
;;;;;;;;;;;
;;;;;;;;;;;
;;;;;;;;;;;
;;;;;;;;;;;
;;;;;;;;;;;
;;;;;;;;;;;
;;;;;;;;;;;
;;;;;;;;;;;
;;;;;;;;;;;
;;;;;;;;;;;
;;;;;;;;;;;
;;;;;;;;;;;
;;;;;;;;;;;
;;;;;;;;;;;
;;;;;;;;;;;
;;;;;;;;;;;
;;;;;;;;;;;
;;;;;;;;;;;
;;;;;;;;;;;
;;;;;;;;;;;
;;;;;;;;;;;
;;;;;;;;;;;
;;;;;;;;;;;
;;;;;;;;;;;
;;;;;;;;;;;
;;;;;;;;;;;
;;;;;;;;;;;
;;;;;;;;;;;
;;;;;;;;;;;
;;;;;;;;;;;
;;;;;;;;;;;
;;;;;;;;;;;
;;;;;;;;;;;
;;;;;;;;;;;
;;;;;;;;;;;
;;;;;;;;;;;
;;;;;;;;;;;
;;;;;;;;;;;
;;;;;;;;;;;
;;;;;;;;;;;
;;;;;;;;;;;
;;;;;;;;;;;
;;;;;;;;;;;
;;;;;;;;;;;
;;;;;;;;;;;
;;;;;;;;;;;
;;;;;;;;;;;
;;;;;;;;;;;
;;;;;;;;;;;
;;;;;;;;;;;
;;;;;;;;;;;
;;;;;;;;;;;
;;;;;;;;;;;
;;;;;;;;;;;
;;;;;;;;;;;
;;;;;;;;;;;
;;;;;;;;;;;
;;;;;;;;;;;
;;;;;;;;;;;
;;;;;;;;;;;
;;;;;;;;;;;
;;;;;;;;;;;
;;;;;;;;;;;
;;;;;;;;;;;
;;;;;;;;;;;
;;;;;;;;;;;
;;;;;;;;;;;
;;;;;;;;;;;
;;;;;;;;;;;
;;;;;;;;;;;
;;;;;;;;;;;
;;;;;;;;;;;
;;;;;;;;;;;
;;;;;;;;;;;
;;;;;;;;;;;
;;;;;;;;;;;
;;;;;;;;;;;
;;;;;;;;;;;
;;;;;;;;;;;
;;;;;;;;;;;
;;;;;;;;;;;
;;;;;;;;;;;
;;;;;;;;;;;
;;;;;;;;;;;
;;;;;;;;;;;
;;;;;;;;;;;
;;;;;;;;;;;
;;;;;;;;;;;
;;;;;;;;;;;
;;;;;;;;;;;
;;;;;;;;;;;
;;;;;;;;;;;
;;;;;;;;;;;
;;;;;;;;;;;
;;;;;;;;;;;
;;;;;;;;;;;
;;;;;;;;;;;
;;;;;;;;;;;
;;;;;;;;;;;
;;;;;;;;;;;
;;;;;;;;;;;
;;;;;;;;;;;
;;;;;;;;;;;
;;;;;;;;;;;
;;;;;;;;;;;
;;;;;;;;;;;
;;;;;;;;;;;
;;;;;;;;;;;
;;;;;;;;;;;
;;;;;;;;;;;
;;;;;;;;;;;
;;;;;;;;;;;
;;;;;;;;;;;
;;;;;;;;;;;
;;;;;;;;;;;
;;;;;;;;;;;
;;;;;;;;;;;
;;;;;;;;;;;
;;;;;;;;;;;
;;;;;;;;;;;
;;;;;;;;;;;
;;;;;;;;;;;
;;;;;;;;;;;
;;;;;;;;;;;
;;;;;;;;;;;
;;;;;;;;;;;
;;;;;;;;;;;
;;;;;;;;;;;
;;;;;;;;;;;
;;;;;;;;;;;
;;;;;;;;;;;
;;;;;;;;;;;
;;;;;;;;;;;
;;;;;;;;;;;
;;;;;;;;;;;
;;;;;;;;;;;
;;;;;;;;;;;
;;;;;;;;;;;
;;;;;;;;;;;
;;;;;;;;;;;
;;;;;;;;;;;
;;;;;;;;;;;
;;;;;;;;;;;
;;;;;;;;;;;
;;;;;;;;;;;
;;;;;;;;;;;
;;;;;;;;;;;
;;;;;;;;;;;
;;;;;;;;;;;
;;;;;;;;;;;
;;;;;;;;;;;
;;;;;;;;;;;
;;;;;;;;;;;
;;;;;;;;;;;
;;;;;;;;;;;
;;;;;;;;;;;
;;;;;;;;;;;
;;;;;;;;;;;
;;;;;;;;;;;
;;;;;;;;;;;
;;;;;;;;;;;
;;;;;;;;;;;
;;;;;;;;;;;
;;;;;;;;;;;
;;;;;;;;;;;
;;;;;;;;;;;
;;;;;;;;;;;
;;;;;;;;;;;
;;;;;;;;;;;
;;;;;;;;;;;
;;;;;;;;;;;
;;;;;;;;;;;
;;;;;;;;;;;
;;;;;;;;;;;
;;;;;;;;;;;
;;;;;;;;;;;
;;;;;;;;;;;
;;;;;;;;;;;
;;;;;;;;;;;
;;;;;;;;;;;
;;;;;;;;;;;
;;;;;;;;;;;
;;;;;;;;;;;
;;;;;;;;;;;
;;;;;;;;;;;
;;;;;;;;;;;
;;;;;;;;;;;
;;;;;;;;;;;
;;;;;;;;;;;
;;;;;;;;;;;
;;;;;;;;;;;
;;;;;;;;;;;
;;;;;;;;;;;
;;;;;;;;;;;
;;;;;;;;;;;
;;;;;;;;;;;
;;;;;;;;;;;
;;;;;;;;;;;
;;;;;;;;;;;
;;;;;;;;;;;
;;;;;;;;;;;
;;;;;;;;;;;
;;;;;;;;;;;
;;;;;;;;;;;
;;;;;;;;;;;
;;;;;;;;;;;
;;;;;;;;;;;
;;;;;;;;;;;
;;;;;;;;;;;
;;;;;;;;;;;
;;;;;;;;;;;
;;;;;;;;;;;
;;;;;;;;;;;
;;;;;;;;;;;
;;;;;;;;;;;
;;;;;;;;;;;
;;;;;;;;;;;
;;;;;;;;;;;
;;;;;;;;;;;
;;;;;;;;;;;
;;;;;;;;;;;
;;;;;;;;;;;
;;;;;;;;;;;
;;;;;;;;;;;
;;;;;;;;;;;
;;;;;;;;;;;
;;;;;;;;;;;
;;;;;;;;;;;
;;;;;;;;;;;
;;;;;;;;;;;
;;;;;;;;;;;
;;;;;;;;;;;
;;;;;;;;;;;
;;;;;;;;;;;
;;;;;;;;;;;
;;;;;;;;;;;
;;;;;;;;;;;
;;;;;;;;;;;
;;;;;;;;;;;
;;;;;;;;;;;
;;;;;;;;;;;
;;;;;;;;;;;
;;;;;;;;;;;
;;;;;;;;;;;
;;;;;;;;;;;
;;;;;;;;;;;
;;;;;;;;;;;
;;;;;;;;;;;
;;;;;;;;;;;
;;;;;;;;;;;
;;;;;;;;;;;
;;;;;;;;;;;
;;;;;;;;;;;
;;;;;;;;;;;
;;;;;;;;;;;
;;;;;;;;;;;
;;;;;;;;;;;
;;;;;;;;;;;
;;;;;;;;;;;
;;;;;;;;;;;
;;;;;;;;;;;
;;;;;;;;;;;
;;;;;;;;;;;
;;;;;;;;;;;
;;;;;;;;;;;
;;;;;;;;;;;
;;;;;;;;;;;
;;;;;;;;;;;
;;;;;;;;;;;
;;;;;;;;;;;
;;;;;;;;;;;
;;;;;;;;;;;
;;;;;;;;;;;
;;;;;;;;;;;
;;;;;;;;;;;
;;;;;;;;;;;
;;;;;;;;;;;
;;;;;;;;;;;
;;;;;;;;;;;
;;;;;;;;;;;
;;;;;;;;;;;
;;;;;;;;;;;
;;;;;;;;;;;
;;;;;;;;;;;
;;;;;;;;;;;
;;;;;;;;;;;
;;;;;;;;;;;
;;;;;;;;;;;
;;;;;;;;;;;
;;;;;;;;;;;
;;;;;;;;;;;
;;;;;;;;;;;
;;;;;;;;;;;
;;;;;;;;;;;
;;;;;;;;;;;
;;;;;;;;;;;
;;;;;;;;;;;
;;;;;;;;;;;
;;;;;;;;;;;
;;;;;;;;;;;
;;;;;;;;;;;
;;;;;;;;;;;
;;;;;;;;;;;
;;;;;;;;;;;
;;;;;;;;;;;
;;;;;;;;;;;
;;;;;;;;;;;
;;;;;;;;;;;
;;;;;;;;;;;
;;;;;;;;;;;
;;;;;;;;;;;
;;;;;;;;;;;
;;;;;;;;;;;
;;;;;;;;;;;
;;;;;;;;;;;
;;;;;;;;;;;
;;;;;;;;;;;
;;;;;;;;;;;
;;;;;;;;;;;
;;;;;;;;;;;
;;;;;;;;;;;
;;;;;;;;;;;
;;;;;;;;;;;
;;;;;;;;;;;
;;;;;;;;;;;
;;;;;;;;;;;
;;;;;;;;;;;
;;;;;;;;;;;
;;;;;;;;;;;
;;;;;;;;;;;
;;;;;;;;;;;
;;;;;;;;;;;
;;;;;;;;;;;
;;;;;;;;;;;
;;;;;;;;;;;
;;;;;;;;;;;
;;;;;;;;;;;
;;;;;;;;;;;
;;;;;;;;;;;
;;;;;;;;;;;
;;;;;;;;;;;
;;;;;;;;;;;
;;;;;;;;;;;
;;;;;;;;;;;
;;;;;;;;;;;
;;;;;;;;;;;
;;;;;;;;;;;
;;;;;;;;;;;
;;;;;;;;;;;
;;;;;;;;;;;
;;;;;;;;;;;
;;;;;;;;;;;
;;;;;;;;;;;
;;;;;;;;;;;
;;;;;;;;;;;
;;;;;;;;;;;
;;;;;;;;;;;
;;;;;;;;;;;
;;;;;;;;;;;
;;;;;;;;;;;
;;;;;;;;;;;
;;;;;;;;;;;
;;;;;;;;;;;
;;;;;;;;;;;
;;;;;;;;;;;
;;;;;;;;;;;
;;;;;;;;;;;
;;;;;;;;;;;
;;;;;;;;;;;
;;;;;;;;;;;
;;;;;;;;;;;
;;;;;;;;;;;
;;;;;;;;;;;
;;;;;;;;;;;
;;;;;;;;;;;
;;;;;;;;;;;
;;;;;;;;;;;
;;;;;;;;;;;
;;;;;;;;;;;
;;;;;;;;;;;
;;;;;;;;;;;
;;;;;;;;;;;
;;;;;;;;;;;
;;;;;;;;;;;
;;;;;;;;;;;
;;;;;;;;;;;
;;;;;;;;;;;
;;;;;;;;;;;
;;;;;;;;;;;
;;;;;;;;;;;
;;;;;;;;;;;
;;;;;;;;;;;
;;;;;;;;;;;
;;;;;;;;;;;
;;;;;;;;;;;
;;;;;;;;;;;
;;;;;;;;;;;
;;;;;;;;;;;
;;;;;;;;;;;
;;;;;;;;;;;
;;;;;;;;;;;
;;;;;;;;;;;
;;;;;;;;;;;
;;;;;;;;;;;
;;;;;;;;;;;
;;;;;;;;;;;
;;;;;;;;;;;
;;;;;;;;;;;
;;;;;;;;;;;
;;;;;;;;;;;
;;;;;;;;;;;
;;;;;;;;;;;
;;;;;;;;;;;
;;;;;;;;;;;
;;;;;;;;;;;
;;;;;;;;;;;
;;;;;;;;;;;
;;;;;;;;;;;
;;;;;;;;;;;
;;;;;;;;;;;
;;;;;;;;;;;
;;;;;;;;;;;
;;;;;;;;;;;
;;;;;;;;;;;
;;;;;;;;;;;
;;;;;;;;;;;
;;;;;;;;;;;
;;;;;;;;;;;
;;;;;;;;;;;
;;;;;;;;;;;
;;;;;;;;;;;
;;;;;;;;;;;
;;;;;;;;;;;
;;;;;;;;;;;
;;;;;;;;;;;
;;;;;;;;;;;
;;;;;;;;;;;
;;;;;;;;;;;
;;;;;;;;;;;
;;;;;;;;;;;
;;;;;;;;;;;
;;;;;;;;;;;
;;;;;;;;;;;
;;;;;;;;;;;
;;;;;;;;;;;
;;;;;;;;;;;
;;;;;;;;;;;
;;;;;;;;;;;
;;;;;;;;;;;
;;;;;;;;;;;
;;;;;;;;;;;
;;;;;;;;;;;
;;;;;;;;;;;
;;;;;;;;;;;
;;;;;;;;;;;
;;;;;;;;;;;
;;;;;;;;;;;
;;;;;;;;;;;
;;;;;;;;;;;
;;;;;;;;;;;
;;;;;;;;;;;
;;;;;;;;;;;
;;;;;;;;;;;
;;;;;;;;;;;
;;;;;;;;;;;
;;;;;;;;;;;
;;;;;;;;;;;
;;;;;;;;;;;
;;;;;;;;;;;
;;;;;;;;;;;
;;;;;;;;;;;
;;;;;;;;;;;
;;;;;;;;;;;
;;;;;;;;;;;
;;;;;;;;;;;
;;;;;;;;;;;
;;;;;;;;;;;
;;;;;;;;;;;
;;;;;;;;;;;
;;;;;;;;;;;
;;;;;;;;;;;
;;;;;;;;;;;
;;;;;;;;;;;
;;;;;;;;;;;
;;;;;;;;;;;
;;;;;;;;;;;
;;;;;;;;;;;
;;;;;;;;;;;
;;;;;;;;;;;
;;;;;;;;;;;
;;;;;;;;;;;
;;;;;;;;;;;
;;;;;;;;;;;
;;;;;;;;;;;
;;;;;;;;;;;
;;;;;;;;;;;
;;;;;;;;;;;
;;;;;;;;;;;
;;;;;;;;;;;
;;;;;;;;;;;
;;;;;;;;;;;
;;;;;;;;;;;
;;;;;;;;;;;
;;;;;;;;;;;
;;;;;;;;;;;
;;;;;;;;;;;
;;;;;;;;;;;
;;;;;;;;;;;
;;;;;;;;;;;
;;;;;;;;;;;
;;;;;;;;;;;
;;;;;;;;;;;
;;;;;;;;;;;
;;;;;;;;;;;
;;;;;;;;;;;
;;;;;;;;;;;
;;;;;;;;;;;
;;;;;;;;;;;
;;;;;;;;;;;
;;;;;;;;;;;
;;;;;;;;;;;
;;;;;;;;;;;
;;;;;;;;;;;
;;;;;;;;;;;
