100.2965149;0.00076728
100.7787097;0.00045447
101.2609045;-0.00017015
101.7430992;-0.00024393
102.225294;-0.00041519
102.7074888;-0.00135449
103.1896836;-0.00230746
103.6718784;-0.002607
104.1540732;-0.00252064
104.6362679;-0.00233279
105.1184627;-0.00192233
105.6006575;-0.00126005
106.0828523;-0.00060344
106.5650471;0.00012242
107.0472419;0.00095787
107.5294366;0.00124714
108.0116314;0.00067765
108.4938262;-0.00006089
108.976021;-0.00010555
109.4582158;0.00003181
109.9404106;-0.00076989
110.4226053;-0.00148068
110.9048001;-0.00060675
111.3869949;0.00074836
111.8691897;0.00087373
112.3513845;0.00013802
112.8335793;-0.00038807
113.315774;-0.00065931
113.7979688;-0.00056442
114.2801636;0.00001744
114.7623584;0.00035057
115.2445532;0.00050917
115.726748;0.00126215
116.2089427;0.00203167
116.6911375;0.00209199
117.1733323;0.0019909
117.6555271;0.00204186
118.1377219;0.00207833
118.6199167;0.0020766
119.1021114;0.00164338
119.5843062;0.00101526
120.066501;0.00111749
120.5486958;0.00154484
121.0308906;0.00126608
121.5130854;0.00049716
121.9952801;0.00009975
122.4774749;0.00043088
122.9596697;0.00127756
123.4418645;0.00200825
123.9240593;0.00191952
124.4062541;0.00122442
124.8884488;0.00085686
125.3706436;0.00097943
125.8528384;0.00096417
126.3350332;0.00066399
126.817228;0.00056929
127.2994228;0.00088421
127.7816175;0.00118213
128.2638123;0.0010369
128.7460071;0.00077091
129.2282019;0.00093819
129.7103967;0.0012901
130.1925915;0.0015136
130.6747862;0.0015023
131.156981;0.00105565
131.6391758;0.00071816
132.1213706;0.00087327
132.6035654;0.00089186
133.0857602;0.00059328
133.5679549;0.00054129
134.0501497;0.00080197
134.5323445;0.00079481
135.0145393;0.00033446
135.4967341;-0.00021876
135.9789289;-0.00045582
136.4611236;-0.00019376
136.9433184;0.00025044
137.4255132;0.00057712
137.907708;0.00084006
138.3899028;0.00094269
138.8720975;0.00068865
139.3542923;0.0004039
139.8364871;0.00048709
140.3186819;0.00057387
140.8008767;0.00039413
141.2830715;0.00021009
141.7652662;0.00011824
142.247461;0.00010175
142.7296558;0.00003117
143.2118506;-0.00009659
143.6940454;0.00007742
144.1762402;0.00038257
144.6584349;0.00025759
145.1406297;-0.00022096
145.6228245;-0.0005702
146.1050193;-0.00044703
146.5872141;0.00012528
147.0694089;0.00054757
147.5516036;0.00027517
148.0337984;-0.00037004
148.5159932;-0.00083192
148.998188;-0.0009376
149.4803828;-0.0005367
149.9625776;0.00003482
150.4447723;0.00005515
150.9269671;-0.00031276
151.4091619;-0.00055659
151.8913567;-0.0007884
152.3735515;-0.00091807
152.8557463;-0.00053448
153.337941;0.00007589
153.8201358;0.0002089
154.3023306;-0.00003334
154.7845254;0.00001797
155.2667202;0.00037583
155.748915;0.0004183
156.2311097;0.00010114
156.7133045;0.00002771
157.1954993;0.00028298
157.6776941;0.00059842
158.1598889;0.00101706
158.6420837;0.00142787
159.1242784;0.00149113
159.6064732;0.00114392
160.088668;0.00064384
160.5708628;0.00029809
161.0530576;0.00042384
161.5352524;0.00099318
162.0174471;0.00128549
162.4996419;0.00108633
162.9818367;0.00102875
163.4640315;0.00119138
163.9462263;0.00129543
164.4284211;0.00139741
164.9106158;0.00143274
165.3928106;0.00128252
165.8750054;0.00110453
166.3572002;0.00099783
166.839395;0.00084201
167.3215898;0.00053753
167.8037845;0.00019237
168.2859793;0.00008584
168.7681741;0.00021853
169.2503689;0.00028663
169.7325637;0.00015473
170.2147585;-0.00007832
170.6969532;-0.00022012
171.179148;-0.00022618
171.6613428;-0.00023252
172.1435376;-0.00030456
172.6257324;-0.00033497
173.1079272;-0.00025796
173.5901219;-0.00019351
174.0723167;-0.00017647
174.5545115;-0.00025713
175.0367063;-0.00050276
175.5189011;-0.00071678
176.0010959;-0.00074386
176.4832906;-0.0006469
176.9654854;-0.00052092
177.4476802;-0.00035837
177.929875;-0.00014321
178.4120698;0.00001228
178.8942646;-0.00001089
179.3764593;-0.00018153
179.8586541;-0.00022484
180.3408489;-0.00003627
180.8230437;0.00013183
181.3052385;0.00025151
181.7874332;0.00041616
182.269628;0.00053414
182.7518228;0.00053713
183.2340176;0.0003676
183.7162124;0.00021621
184.1984072;0.00035913
184.6806019;0.00054249
185.1627967;0.00047817
185.6449915;0.00033013
186.1271863;0.00033429
186.6093811;0.00044972
187.0915759;0.00049194
187.5737706;0.00046207
188.0559654;0.00039896
188.5381602;0.00036999
189.020355;0.00051974
189.5025498;0.00071792
189.9847446;0.00072547
190.4669393;0.00060462
190.9491341;0.00052638
191.4313289;0.00047375
191.9135237;0.00048703
192.3957185;0.00066088
192.8779133;0.00092771
193.360108;0.00119591
193.8423028;0.00126569
194.3244976;0.00101851
194.8066924;0.00067542
195.2888872;0.00051658
195.771082;0.00063752
196.2532767;0.00084472
196.7354715;0.00094463
197.2176663;0.0009727
197.6998611;0.0009225
198.1820559;0.00076798
198.6642507;0.00066482
199.1464454;0.0007549
199.6286402;0.00094225
200.110835;0.0010447
200.5930298;0.00105166
201.0752246;0.00109352
201.5574194;0.00111477
202.0396141;0.00097661
202.5218089;0.00081079
203.0040037;0.00073629
203.4861985;0.00068495
203.9683933;0.00064885
204.4505881;0.00067262
204.9327828;0.00080016
205.4149776;0.00092301
205.8971724;0.00082811
206.3793672;0.00066238
206.861562;0.00070204
207.3437568;0.00080606
207.8259515;0.00077914
208.3081463;0.00072217
208.7903411;0.00077473
209.2725359;0.0008719
209.7547307;0.00082612
210.2369255;0.00067734
210.7191202;0.00065908
211.201315;0.0007965
211.6835098;0.00090075
212.1657046;0.0008682
212.6478994;0.00079014
213.1300942;0.00080426
213.6122889;0.00093004
214.0944837;0.0010868
214.5766785;0.00126215
215.0588733;0.00145782
215.5410681;0.00152758
216.0232629;0.00145359
216.5054576;0.00138778
216.9876524;0.00130306
217.4698472;0.00119084
217.952042;0.00117106
218.4342368;0.00123448
218.9164316;0.00138902
219.3986263;0.00155363
219.8808211;0.00148778
220.3630159;0.00132332
220.8452107;0.00137069
221.3274055;0.00156348
221.8096003;0.00170366
222.291795;0.00180751
222.7739898;0.0018891
223.2561846;0.00181481
223.7383794;0.00167374
224.2205742;0.00165327
224.7027689;0.00162551
225.1849637;0.00154076
225.6671585;0.00163875
226.1493533;0.00194481
226.6315481;0.00211389
227.1137429;0.00194972
227.5959376;0.00165046
228.0781324;0.00146548
228.5603272;0.00148718
229.042522;0.00162501
229.5247168;0.00175577
230.0069116;0.00194697
230.4891063;0.00216898
230.9713011;0.002176
231.4534959;0.00200511
231.9356907;0.00191577
232.4178855;0.00186726
232.9000803;0.00174604
233.382275;0.00173834
233.8644698;0.00190354
234.3466646;0.00206306
234.8288594;0.0022415
235.3110542;0.00243282
235.793249;0.00246531
236.2754437;0.00241168
236.7576385;0.00243853
237.2398333;0.00252762
237.7220281;0.00262625
238.2042229;0.00272465
238.6864177;0.0028019
239.1686124;0.00280453
239.6508072;0.00267143
240.133002;0.00244259
240.6151968;0.00231114
241.0973916;0.00234317
241.5795864;0.00236886
242.0617811;0.00241871
242.5439759;0.00264673
243.0261707;0.00285759
243.5083655;0.00284397
243.9905603;0.00279132
244.4727551;0.00287225
244.9549498;0.00294076
245.4371446;0.00295612
245.9193394;0.00310797
246.4015342;0.00333051
246.883729;0.00337508
247.3659238;0.00319283
247.8481185;0.00295967
248.3303133;0.00292972
248.8125081;0.00311591
249.2947029;0.00333857
249.7768977;0.00352845
250.2590925;0.00363057
250.7412872;0.00357546
251.223482;0.00347394
251.7056768;0.00353865
252.1878716;0.0037229
252.6700664;0.00377426
253.1522612;0.00373969
253.6344559;0.00384093
254.1166507;0.00401313
254.5988455;0.00406379
255.0810403;0.00400171
255.5632351;0.00399728
256.0454299;0.00409284
256.5276246;0.00417254
257.0098194;0.00428547
257.4920142;0.00448162
257.974209;0.00460269
258.4564038;0.00463361
258.9385986;0.00470803
259.4207933;0.00476617
259.9029881;0.004721
260.3851829;0.00470733
260.8673777;0.004805
261.3495725;0.00492572
261.8317673;0.00506084
262.313962;0.00519334
262.7961568;0.00520825
263.2783516;0.00520549
263.7605464;0.00535766
264.2427412;0.00547905
264.724936;0.00546316
265.2071307;0.00556293
265.6893255;0.00583563
266.1715203;0.00608124
266.6537151;0.0062059
267.1359099;0.00626091
267.6181046;0.00627987
268.1002994;0.00632099
268.5824942;0.00647607
269.064689;0.00664706
269.5468838;0.00677163
270.0290786;0.00692603
270.5112733;0.00701874
270.9934681;0.00699205
271.4756629;0.00702879
271.9578577;0.00721008
272.4400525;0.00736219
272.9222473;0.007463
273.404442;0.00765445
273.8866368;0.0078851
274.3688316;0.00810262
274.8510264;0.00832115
275.3332212;0.00849151
275.815416;0.00868468
276.2976107;0.00893667
276.7798055;0.00905949
277.2620003;0.0090244
277.7441951;0.00903374
278.2263899;0.00917601
278.7085847;0.00944118
279.1907794;0.00973328
279.6729742;0.0099325
280.155169;0.0101043
280.6373638;0.01028331
281.1195586;0.01045438
281.6017534;0.01069575
282.0839481;0.01094002
282.5661429;0.01109801
283.0483377;0.01127289
283.5305325;0.01150405
284.0127273;0.01170234
284.4949221;0.01185629
284.9771168;0.01204171
285.4593116;0.01226496
285.9415064;0.01246204
286.4237012;0.01265227
286.905896;0.01291724
287.3880908;0.01323933
287.8702855;0.01352403
288.3524803;0.01375484
288.8346751;0.01400186
289.3168699;0.01428983
289.7990647;0.01458265
290.2812595;0.01485785
290.7634542;0.01511487
291.245649;0.01540311
291.7278438;0.01577784
292.2100386;0.01617988
292.6922334;0.01649492
293.1744282;0.0167506
293.6566229;0.01705618
294.1388177;0.01734135
294.6210125;0.01755003
295.1032073;0.01786208
295.5854021;0.01832354
296.0675969;0.01872739
296.5497916;0.01900134
297.0319864;0.01928887
297.5141812;0.01965731
297.996376;0.02004477
298.4785708;0.02041074
298.9607656;0.0207398
299.4429603;0.02107993
299.9251551;0.02149963
300.4073499;0.02195099
300.8895447;0.02236388
301.3717395;0.02271617
301.8539343;0.02304276
302.336129;0.02347437
302.8183238;0.02406648
303.3005186;0.02468951
303.7827134;0.02521455
304.2649082;0.02562337
304.747103;0.02598795
305.2292977;0.02648007
305.7114925;0.02712664
306.1936873;0.0276878
306.6758821;0.02810454
307.1580769;0.02862378
307.6402716;0.02931061
308.1224664;0.02995119
308.6046612;0.0304816
309.086856;0.03103888
309.5690508;0.03160576
310.0512456;0.03215457
310.5334403;0.03282289
311.0156351;0.03357388
311.4978299;0.03426787
311.9800247;0.03492942
312.4622195;0.03559102
312.9444143;0.03624694
313.426609;0.03696807
313.9088038;0.03777501
314.3909986;0.03852148
314.8731934;0.03915939
315.3553882;0.03985193
315.837583;0.04063134
316.3197777;0.04134297
316.8019725;0.04197851
317.2841673;0.04268065
317.7663621;0.04349961
318.2485569;0.04440626
318.7307517;0.04533527
319.2129464;0.04619225
319.6951412;0.0469861
320.177336;0.04782993
320.6595308;0.04877385
321.1417256;0.0497434
321.6239204;0.05066607
322.1061151;0.05155323
322.5883099;0.0524708
323.0705047;0.05346496
323.5526995;0.05452055
324.0348943;0.05561532
324.5170891;0.05670998
324.9992838;0.0577653
325.4814786;0.058797
325.9636734;0.0598521
326.4458682;0.06098846
326.928063;0.06218199
327.4102578;0.06332707
327.8924525;0.06443822
328.3746473;0.06563074
328.8568421;0.06691524
329.3390369;0.06821758
329.8212317;0.0694657
330.3034265;0.07063752
330.7856212;0.07177585
331.267816;0.07294703
331.7500108;0.07425576
332.2322056;0.07571995
332.7144004;0.07720635
333.1965952;0.07863788
333.6787899;0.08004599
334.1609847;0.08145272
334.6431795;0.08285611
335.1253743;0.0843183
335.6075691;0.08589897
336.0897639;0.08752032
336.5719586;0.08909163
337.0541534;0.09064702
337.5363482;0.09226585
338.018543;0.09394605
338.5007378;0.09563744
338.9829326;0.09733465
339.4651273;0.09901761
339.9473221;0.10068579
340.4295169;0.10244998
340.9117117;0.10434925
341.3939065;0.10629005
341.8761013;0.1081744
342.358296;0.10994258
342.8404908;0.11171314
343.3226856;0.11364086
343.8048804;0.11562917
344.2870752;0.11757753
344.76927;0.11956677
345.2514647;0.12163245
345.7336595;0.1237177
346.2158543;0.12580344
346.6980491;0.12790386
347.1802439;0.13002092
347.6624387;0.13213907
348.1446334;0.13425347
348.6268282;0.13635331
349.109023;0.1384159
349.5912178;0.14053328
350.0734126;0.14280103
350.5556073;0.14511877
351.0378021;0.14739673
351.5199969;0.14972197
352.0021917;0.15213515
352.4843865;0.15453075
352.9665813;0.15689032
353.448776;0.15927938
353.9309708;0.1617174
354.4131656;0.16422239
354.8953604;0.16676317
355.3775552;0.16926593
355.85975;0.17172432
356.3419447;0.17421499
356.8241395;0.17681472
357.3063343;0.17947276
357.7885291;0.18207009
358.2707239;0.18462159
358.7529187;0.18722567
359.2351134;0.18987866
359.7173082;0.19253258
360.199503;0.19518279
360.6816978;0.19782332
361.1638926;0.20048995
361.6460874;0.2032517
362.1282821;0.20605807
362.6104769;0.20878972
363.0926717;0.21145464
363.5748665;0.21413377
364.0570613;0.21683486
364.5392561;0.21952672
365.0214508;0.22224195
365.5036456;0.22506364
365.9858404;0.22798669
366.4680352;0.2308912
366.95023;0.23373352
367.4324248;0.2365955
367.9146195;0.2394594
368.3968143;0.24222656
368.8790091;0.24495837
369.3612039;0.2477652
369.8433987;0.25060079
370.3255935;0.2534121
370.8077882;0.25624543
371.289983;0.25910589
371.7721778;0.26196089
372.2543726;0.26480493
372.7365674;0.26765168
373.2187622;0.27050155
373.7009569;0.27329251
374.1831517;0.27604729
374.6653465;0.27889937
375.1475413;0.28184021
375.6297361;0.28474253
376.1119309;0.28758487
376.5941256;0.29042533
377.0763204;0.29329473
377.5585152;0.29619762
378.04071;0.29908764
378.5229048;0.30191925
379.0050996;0.30474359
379.4872943;0.30761945
379.9694891;0.31052414
380.4516839;0.31343278
380.9338787;0.3163586
381.4160735;0.31926224
381.8982683;0.32210431
382.380463;0.32493618
382.8626578;0.32778308
383.3448526;0.33063561
383.8270474;0.33350697
384.3092422;0.33633867
384.791437;0.33908507
385.2736317;0.34182006
385.7558265;0.34459004
386.2380213;0.34737968
386.7202161;0.35017645
387.2024109;0.3529613
387.6846057;0.35570374
388.1668004;0.35835338
388.6489952;0.36091405
389.13119;0.36347994
389.6133848;0.36610472
390.0955796;0.3687157
390.5777744;0.37123299
391.0599691;0.37369812
391.5421639;0.37615398
392.0243587;0.37855235
392.5065535;0.38087729
392.9887483;0.38313845
393.470943;0.38528219
393.9531378;0.38728672
394.4353326;0.38920075
394.9175274;0.39103928
395.3997222;0.39276189
395.881917;0.3943305
396.3641117;0.39580497
396.8463065;0.39731234
397.3285013;0.39893612
397.8106961;0.40073672
398.2928909;0.40267608
398.7750857;0.4046801
399.2572804;0.40681937
399.7394752;0.40914351
400.22167;0.41166303
400.7038648;0.4143711
401.1860596;0.41710111
401.6682544;0.41972023
402.1504491;0.4222115
402.6326439;0.42456862
403.1148387;0.4268181
403.5970335;0.42898589
404.0792283;0.43108979
404.5614231;0.43312684
405.0436178;0.43508759
405.5258126;0.43696982
406.0080074;0.43880549
406.4902022;0.44067481
406.972397;0.4425188
407.4545918;0.44421753
407.9367865;0.44580635
408.4189813;0.44734237
408.9011761;0.44883299
409.3833709;0.45030716
409.8655657;0.45178738
410.3477605;0.45322523
410.8299552;0.45456895
411.31215;0.45590058
411.7943448;0.45729777
412.2765396;0.45864308
412.7587344;0.45985526
413.2409292;0.46106625
413.7231239;0.4623718
414.2053187;0.46367013
414.6875135;0.46483058
415.1697083;0.46588355
415.6519031;0.46691793
416.1340979;0.46795911
416.6162926;0.46901873
417.0984874;0.4700816
417.5806822;0.47113782
418.062877;0.47220486
418.5450718;0.47325283
419.0272666;0.4742378
419.5094613;0.47520041
419.9916561;0.47622442
420.4738509;0.47727478
420.9560457;0.47826809
421.4382405;0.4792752
421.9204353;0.48036361
422.40263;0.48143578
422.8848248;0.48244759
423.3670196;0.48345491
423.8492144;0.4844681
424.3314092;0.48549044
424.813604;0.48652548
425.2957987;0.48760679
425.7779935;0.48879337
426.2601883;0.49002454
426.7423831;0.49121079
427.2245779;0.49241015
427.7067727;0.49367982
428.1889674;0.49495625
428.6711622;0.49624711
429.153357;0.49762809
429.6355518;0.49904829
430.1177466;0.50043762
430.5999414;0.50188822
431.0821361;0.50347877
431.5643309;0.50506496
432.0465257;0.50654644
432.5287205;0.50803983
433.0109153;0.50959498
433.49311;0.51114959
433.9753048;0.51272476
434.4574996;0.51438302
434.9396944;0.51612341
435.4218892;0.51790869
435.904084;0.51973999
436.3862787;0.52168196
436.8684735;0.52368695
437.3506683;0.52560967
437.8328631;0.52748817
438.3150579;0.52944952
438.7972527;0.53150982
439.2794474;0.53359467
439.7616422;0.53564548
440.243837;0.53772074
440.7260318;0.53986329
441.2082266;0.54197693
441.6904214;0.54400891
442.1726161;0.54609644
442.6548109;0.54829359
443.1370057;0.5504486
443.6192005;0.55255836
444.1013953;0.55469614
444.5835901;0.55675811
445.0657848;0.55874956
445.5479796;0.56076515
446.0301744;0.56266838
446.5123692;0.56436628
446.994564;0.56599796
447.4767588;0.56760943
447.9589535;0.56909835
448.4411483;0.57036471
448.9233431;0.57136518
449.4055379;0.57214761
449.8877327;0.572725
450.3699275;0.57305688
450.8521222;0.57327414
451.334317;0.57360315
451.8165118;0.57409257
452.2987066;0.57474208
452.7809014;0.57571632
453.2630962;0.57711971
453.7452909;0.5787943
454.2274857;0.58050436
454.7096805;0.58202708
455.1918753;0.58316416
455.6740701;0.58390945
456.1562649;0.58434749
456.6384596;0.58444649
457.1206544;0.58423501
457.6028492;0.58389825
458.085044;0.5835309
458.5672388;0.58317506
459.0494336;0.58306295
459.5316283;0.58353186
460.0138231;0.58484244
460.4960179;0.58707213
460.9782127;0.5901624
461.4604075;0.59402627
461.9426023;0.59849286
462.424797;0.6033777
462.9069918;0.60848182
463.3891866;0.61351436
463.8713814;0.61828524
464.3535762;0.62270731
464.835771;0.6266914
465.3179657;0.63024974
465.8001605;0.63349712
466.2823553;0.63651854
466.7645501;0.63929409
467.2467449;0.64171022
467.7289397;0.64375001
468.2111344;0.64560044
468.6933292;0.64739138
469.175524;0.64905357
469.6577188;0.65049011
470.1399136;0.65175813
470.6221084;0.65301269
471.1043031;0.65423918
471.5864979;0.65528113
472.0686927;0.65610224
472.5508875;0.65684623
473.0330823;0.65761203
473.5152771;0.65830249
473.9974718;0.65888512
474.4796666;0.65945107
474.9618614;0.65995806
475.4440562;0.66030985
475.926251;0.66056609
476.4084457;0.66086447
476.8906405;0.66122311
477.3728353;0.66155869
477.8550301;0.6618309
478.3372249;0.66204816
478.8194197;0.66222727
479.3016144;0.66241598
479.7838092;0.66263074
480.266004;0.66278702
480.7481988;0.66287094
481.2303936;0.66300207
481.7125884;0.66325235
482.1947831;0.66358852
482.6769779;0.66389358
483.1591727;0.66406262
483.6413675;0.66417742
484.1235623;0.6644302
484.6057571;0.6648258
485.0879518;0.66519672
485.5701466;0.66546178
486.0523414;0.66571814
486.5345362;0.66613877
487.016731;0.66668087
487.4989258;0.66711706
487.9811205;0.66745931
488.4633153;0.66789734
488.9455101;0.66842723
489.4277049;0.66889572
489.9098997;0.66926259
490.3920945;0.66961986
490.8742892;0.66995049
491.356484;0.67014605
491.8386788;0.67032266
492.3208736;0.67065644
492.8030684;0.67103863
493.2852632;0.67129081
493.7674579;0.67140621
494.2496527;0.67145056
494.7318475;0.67146248
495.2140423;0.67146903
495.6962371;0.67150253
496.1784319;0.67160851
496.6606266;0.67177969
497.1428214;0.67191863
497.6250162;0.67196894
498.107211;0.67190284
498.5894058;0.67177588
499.0716006;0.67177361
499.5537953;0.67188317
500.0359901;0.67192227
500.5181849;0.67187995
501.0003797;0.67187256
501.4825745;0.67193604
501.9647693;0.67202675
502.446964;0.67212343
502.9291588;0.67224544
503.4113536;0.67244971
503.8935484;0.67268091
504.3757432;0.67280978
504.857938;0.67296702
505.3401327;0.67331463
505.8223275;0.67371213
506.3045223;0.67401576
506.7867171;0.67431313
507.2689119;0.67470723
507.7511067;0.67512017
508.2333014;0.67545801
508.7154962;0.67577404
509.197691;0.67613071
509.6798858;0.67653292
510.1620806;0.67696881
510.6442754;0.67736644
511.1264701;0.67768699
511.6086649;0.67799795
512.0908597;0.67831653
512.5730545;0.67861634
513.0552493;0.67892236
513.5374441;0.6791966
514.0196388;0.67938781
514.5018336;0.67955452
514.9840284;0.67971808
515.4662232;0.6798504
515.948418;0.6799345
516.4306128;0.67989039
516.9128075;0.67974061
517.3950023;0.67966616
517.8771971;0.67968971
518.3593919;0.6796537
518.8415867;0.67945558
519.3237814;0.67905569
519.8059762;0.67854202
520.288171;0.67810845
520.7703658;0.67775381
521.2525606;0.67733353
521.7347554;0.6767053
522.2169501;0.67575508
522.6991449;0.67464274
523.1813397;0.67357868
523.6635345;0.67244017
524.1457293;0.67114204
524.6279241;0.66981906
525.1101188;0.66842693
525.5923136;0.66682571
526.0745084;0.66518575
526.5567032;0.6638062
527.038898;0.66273135
527.5210928;0.66184497
528.0032875;0.66112977
528.4854823;0.66071713
528.9676771;0.66071332
529.4498719;0.6610266
529.9320667;0.66147679
530.4142615;0.66201949
530.8964562;0.66274583
531.378651;0.66362387
531.8608458;0.66443205
532.3430406;0.66511452
532.8252354;0.66577607
533.3074302;0.6663565
533.7896249;0.66680026
534.2718197;0.6671654
534.7540145;0.66743273
535.2362093;0.66753215
535.7184041;0.66747105
536.2005989;0.66738021
536.6827936;0.66736621
537.1649884;0.66744101
537.6471832;0.66758722
538.129378;0.66766471
538.6115728;0.6675694
539.0937676;0.66744417
539.5759623;0.66738379
540.0581571;0.66730171
540.5403519;0.66720349
541.0225467;0.66719401
541.5047415;0.66727543
541.9869363;0.66731912
542.469131;0.66726857
542.9513258;0.66729563
543.4335206;0.66747308
543.9157154;0.66765153
544.3979102;0.66780889
544.880105;0.66797453
545.3622997;0.66808826
545.8444945;0.66818863
546.3266893;0.66834229
546.8088841;0.66853613
547.2910789;0.66882616
547.7732737;0.6692242
548.2554684;0.6695376
548.7376632;0.66967893
549.219858;0.66977626
549.7020528;0.66995949
550.1842476;0.6703034
550.6664424;0.67078793
551.1486371;0.67125404
551.6308319;0.67154151
552.1130267;0.6717605
552.5952215;0.67206389
553.0774163;0.67231798
553.5596111;0.6724872
554.0418058;0.67266732
554.5240006;0.67278588
555.0061954;0.67285103
555.4883902;0.67302763
555.970585;0.67335337
556.4527798;0.67371523
556.9349745;0.67409104
557.4171693;0.67446089
557.8993641;0.67467391
558.3815589;0.67477006
558.8637537;0.67488712
559.3459484;0.67504615
559.8281432;0.67535222
560.310338;0.675789
560.7925328;0.67615497
561.2747276;0.67646289
561.7569224;0.67681837
562.2391171;0.67712206
562.7213119;0.67725968
563.2035067;0.67731166
563.6857015;0.67745537
564.1678963;0.67777079
564.6500911;0.67817724
565.1322858;0.67857331
565.6144806;0.67892414
566.0966754;0.6792199
566.5788702;0.67945468
567.061065;0.67966688
567.5432598;0.6799069
568.0254545;0.68012643
568.5076493;0.68033922
568.9898441;0.68064415
569.4720389;0.68100697
569.9542337;0.68135726
570.4364285;0.68167078
570.9186232;0.68190289
571.400818;0.68199283
571.8830128;0.68200314
572.3652076;0.68209785
572.8474024;0.68225205
573.3295972;0.68240404
573.8117919;0.6826359
574.2939867;0.68292689
574.7761815;0.68316501
575.2583763;0.68327701
575.7405711;0.68321985
576.2227659;0.68308425
576.7049606;0.68304825
577.1871554;0.6830976
577.6693502;0.68311626
578.151545;0.68313444
578.6337398;0.68314207
579.1159346;0.68305123
579.5981293;0.68291318
580.0803241;0.68279821
580.5625189;0.68269837
581.0447137;0.68259931
581.5269085;0.6824652
582.0091033;0.68231112
582.491298;0.68216157
582.9734928;0.68199497
583.4556876;0.68185192
583.9378824;0.68179196
584.4200772;0.6818428
584.902272;0.68187249
585.3844667;0.68164617
585.8666615;0.68124855
586.3488563;0.68098354
586.8310511;0.68096244
587.3132459;0.68100983
587.7954407;0.68087482
588.2776354;0.68057305
588.7598302;0.6802578
589.242025;0.6799745
589.7242198;0.67985058
590.2064146;0.67995065
590.6886094;0.67997169
591.1708041;0.67976338
591.6529989;0.67960948
592.1351937;0.67963701
592.6173885;0.67972958
593.0995833;0.67979479
593.5817781;0.67974257
594.0639728;0.67957217
594.5461676;0.67943197
595.0283624;0.67948771
595.5105572;0.6797924
595.992752;0.68033814
596.4749468;0.68101233
596.9571415;0.68143892
597.4393363;0.68140292
597.9215311;0.68131322
598.4037259;0.68161261
598.8859207;0.68207622
599.3681155;0.68235958
599.8503102;0.68271184
600.332505;0.68349552
600.8146998;0.68453944
601.2968946;0.68560904
601.7790894;0.68673831
602.2612841;0.68776762
602.7434789;0.68878227
603.2256737;0.69012982
603.7078685;0.6915037
604.1900633;0.69233817
604.6722581;0.69268358
605.1544528;0.69296646
605.6366476;0.69328934
606.1188424;0.69407731
606.6010372;0.69584882
607.083232;0.69766366
607.5654268;0.69843984
608.0476215;0.69911611
608.5298163;0.7007674
609.0120111;0.70207518
609.4942059;0.70234925
609.9764007;0.70306581
610.4585955;0.70450974
610.9407902;0.70604682
611.422985;0.7070663
611.9051798;0.70651257
612.3873746;0.70400465
612.8695694;0.70078677
613.3517642;0.69892555
613.8339589;0.69911343
614.3161537;0.70044327
614.7983485;0.70163864
615.2805433;0.70140404
615.7627381;0.69937056
616.2449329;0.69692707
616.7271276;0.69568729
617.2093224;0.69612998
617.6915172;0.69765478
618.173712;0.69867289
618.6559068;0.69849521
619.1381016;0.69793296
619.6202963;0.69694638
620.1024911;0.69537729
620.5846859;0.69459248
621.0668807;0.69508928
621.5490755;0.69543219
622.0312703;0.69456452
622.513465;0.69256592
622.9956598;0.69023138
623.4778546;0.68842798
623.9600494;0.68693018
624.4422442;0.685045
624.924439;0.6831513
625.4066337;0.6820066
625.8888285;0.68126827
626.3710233;0.68036318
626.8532181;0.67930138
627.3354129;0.67816007
627.8176077;0.67712104
628.2998024;0.6763894
628.7819972;0.67585719
629.264192;0.67532444
629.7463868;0.67479914
630.2285816;0.6743198
630.7107764;0.67379975
631.1929711;0.67324483
631.6751659;0.67273206
632.1573607;0.67224896
632.6395555;0.67178273
633.1217503;0.67134863
633.6039451;0.6709277
634.0861398;0.67049956
634.5683346;0.67002112
635.0505294;0.66949898
635.5327242;0.66903454
636.014919;0.66853505
636.4971138;0.66784346
636.9793085;0.66711694
637.4615033;0.66652173
637.9436981;0.66596627
638.4258929;0.66537398
638.9080877;0.6648075
639.3902825;0.66428095
639.8724772;0.66371477
640.354672;0.66307074
640.8368668;0.6623919
641.3190616;0.661744
641.8012564;0.66109693
642.2834512;0.66038477
642.7656459;0.65964353
643.2478407;0.65889078
643.7300355;0.65811479
644.2122303;0.65737391
644.6944251;0.65665454
645.1766198;0.6558916
645.6588146;0.65513206
646.1410094;0.65440762
646.6232042;0.65366608
647.105399;0.65288013
647.5875938;0.65204263
648.0697885;0.65114528
648.5519833;0.65020919
649.0341781;0.64928758
649.5163729;0.64835221
649.9985677;0.64735937
650.4807625;0.64639068
650.9629572;0.6454404
651.445152;0.64439601
651.9273468;0.64327937
652.4095416;0.6421746
652.8917364;0.64112228
653.3739312;0.64011198
653.8561259;0.63906193
654.3383207;0.6379143
654.8205155;0.63668019
655.3027103;0.63541389
655.7849051;0.63414001
656.2670999;0.63280857
656.7492946;0.63144588
657.2314894;0.63012743
657.7136842;0.62882757
658.195879;0.62749451
658.6780738;0.62611866
659.1602686;0.62476552
659.6424633;0.62349337
660.1246581;0.62219626
660.6068529;0.62080193
661.0890477;0.61943805
661.5712425;0.6181637
662.0534373;0.61689299
662.535632;0.61560404
663.0178268;0.61431479
663.5000216;0.61302567
663.9822164;0.61174613
664.4644112;0.61049938
664.946606;0.60928434
665.4288007;0.60801381
665.9109955;0.60669029
666.3931903;0.60545743
666.8753851;0.60434216
667.3575799;0.60323596
667.8397747;0.60204858
668.3219694;0.60076517
668.8041642;0.59946901
669.286359;0.59823531
669.7685538;0.5970059
670.2507486;0.59573162
670.7329434;0.59446448
671.2151381;0.59323841
671.6973329;0.59204936
672.1795277;0.59087765
672.6617225;0.58971208
673.1439173;0.5885458
673.6261121;0.58732307
674.1083068;0.5860278
674.5905016;0.58475137
675.0726964;0.58352345
675.5548912;0.58229452
676.037086;0.58111459
676.5192808;0.58001733
677.0014755;0.57894742
677.4836703;0.57785535
677.9658651;0.57666016
678.4480599;0.57539314
678.9302547;0.57419348
679.4124495;0.57303995
679.8946442;0.57187593
680.376839;0.57076883
680.8590338;0.56972206
681.3412286;0.56864703
681.8234234;0.56754476
682.3056182;0.56643331
682.7878129;0.56528276
683.2700077;0.56411409
683.7522025;0.56295902
684.2343973;0.56177562
684.7165921;0.56055236
685.1987868;0.55939966
685.6809816;0.55835927
686.1631764;0.55729395
686.6453712;0.55607086
687.127566;0.55473387
687.6097608;0.5534153
688.0919555;0.55212581
688.5741503;0.55085063
689.0563451;0.54962587
689.5385399;0.5483731
690.0207347;0.54700065
690.5029295;0.54559469
690.9851242;0.54421449
691.467319;0.54274577
691.9495138;0.5411793
692.4317086;0.53964305
692.9139034;0.53818905
693.3960982;0.53679538
693.8782929;0.53537834
694.3604877;0.53392863
694.8426825;0.53253245
695.3248773;0.53112859
695.8070721;0.52965796
696.2892669;0.52825016
696.7714616;0.52698416
697.2536564;0.52570987
697.7358512;0.52425402
698.218046;0.5227499
698.7002408;0.5214076
699.1824356;0.52017784
